Unnamed: 0,id,code_id_1,code_id_2,label
1882,1882,106,127,1
6377,6377,18,410,0
8522,8522,17,388,0
1940,1940,107,125,1
3296,3296,168,177,1
3534,3534,177,242,1
6663,6663,159,390,0
3729,3729,243,248,1
490,490,86,176,1
7677,7677,197,405,0
1181,1181,95,235,1
1375,1375,98,167,1
5014,5014,24,52,1
7940,7940,72,326,0
10186,10186,124,378,0
626,626,88,122,1
4758,4758,366,367,1
11169,11169,68,38,0
2112,2112,110,123,1
8498,8498,141,327,0
8104,8104,343,202,0
6177,6177,369,44,0
1767,1767,104,166,1
9020,9020,125,45,0
4180,4180,342,377,1
9311,9311,279,211,0
7735,7735,151,86,0
1462,1462,99,238,1
2887,2887,125,246,1
8779,8779,267,40,0
684,684,89,102,1
4539,4539,354,370,1
4514,4514,353,370,1
9456,9456,232,322,0
9674,9674,217,257,0
1366,1366,98,127,1
3916,3916,267,350,1
12062,12062,368,157,0
2639,2639,120,166,1
11638,11638,134,66,0
5602,5602,41,45,1
11102,11102,206,233,0
5729,5729,46,52,1
5730,5730,46,53,1
7631,7631,290,248,0
8511,8511,164,350,0
2300,2300,113,177,1
4787,4787,368,373,1
2938,2938,127,164,1
5659,5659,43,51,1
8410,8410,114,303,0
10651,10651,14,253,0
7633,7633,192,334,0
1979,1979,107,247,1
5979,5979,64,202,1
3803,3803,20,369,1
4534,4534,354,365,1
7199,7199,69,260,0
11484,11484,369,381,0
6954,6954,71,148,0
7202,7202,71,116,0
10302,10302,303,198,0
4800,4800,369,376,1
2280,2280,113,126,1
6750,6750,236,31,0
6298,6298,382,411,0
4469,4469,351,378,1
5133,5133,27,45,1
7834,7834,201,190,0
998,998,93,114,1
4130,4130,341,364,1
5266,5266,30,61,1
8675,8675,21,409,0
12067,12067,136,384,0
1784,1784,104,235,1
3182,3182,164,241,1
10661,10661,9,100,0
494,494,86,232,1
6890,6890,238,344,0
9551,9551,217,117,0
6321,6321,22,329,0
2860,2860,125,167,1
2038,2038,108,247,1
4041,4041,339,352,1
9434,9434,365,391,0
2897,2897,126,163,1
366,366,85,102,1
849,849,91,114,1
10378,10378,7,377,0
6729,6729,180,193,0
8158,8158,129,205,0
8630,8630,90,365,0
2653,2653,120,232,1
3503,3503,176,232,1
8481,8481,232,133,0
6095,6095,258,320,1
1541,1541,100,307,1
6325,6325,202,251,0
10903,10903,251,402,0
322,322,18,171,1
2031,2031,108,240,1
7974,7974,78,236,0
7209,7209,30,328,0
813,813,90,237,1
2528,2528,118,119,1
11533,11533,170,330,0
6791,6791,9,99,0
11311,11311,98,391,0
10483,10483,169,21,0
5274,5274,31,32,1
1079,1079,94,122,1
2226,2226,112,126,1
9606,9606,78,65,0
11233,11233,247,200,0
3515,3515,176,244,1
2705,2705,121,238,1
9530,9530,207,18,0
6459,6459,99,33,0
1164,1164,95,166,1
3261,3261,167,172,1
6436,6436,30,65,0
11140,11140,373,254,0
1450,1450,99,174,1
6126,6126,264,328,1
4229,4229,344,355,1
3862,3862,200,339,1
2936,2936,127,162,1
9934,9934,150,345,0
3917,3917,267,351,1
5487,5487,37,44,1
11510,11510,281,227,0
10018,10018,248,260,0
1723,1723,103,237,1
11206,11206,104,229,0
11059,11059,84,363,0
6839,6839,79,264,0
4056,4056,339,367,1
11701,11701,376,192,0
2999,2999,128,238,1
10684,10684,10,191,0
11765,11765,105,399,0
1231,1231,96,162,1
1514,1514,100,171,1
2313,2313,113,242,1
9014,9014,117,188,0
1451,1451,99,175,1
10428,10428,140,96,0
11313,11313,72,286,0
6768,6768,239,316,0
8439,8439,63,321,0
10490,10490,139,336,0
4321,4321,347,348,1
8341,8341,102,349,0
838,838,91,103,1
12197,12197,306,375,0
7040,7040,181,395,0
3899,3899,200,376,1
11031,11031,151,414,0
3567,3567,231,236,1
11395,11395,309,412,0
5452,5452,36,40,1
3087,3087,162,163,1
8198,8198,150,338,0
10634,10634,150,115,0
4546,4546,354,377,1
4692,4692,361,376,1
1714,1714,103,176,1
11248,11248,296,252,0
4270,4270,345,362,1
339,339,18,240,1
9142,9142,96,389,0
4086,4086,340,358,1
7793,7793,5,289,0
11949,11949,0,295,0
7471,7471,126,313,0
588,588,87,246,1
3365,3365,170,241,1
2670,2670,120,306,1
5515,5515,38,42,1
3589,3589,232,240,1
34,34,137,138,1
28,28,69,138,1
2395,2395,115,167,1
11703,11703,274,351,0
6865,6865,99,156,0
5506,5506,37,63,1
9044,9044,212,302,0
2170,2170,111,125,1
7826,7826,275,219,0
7105,7105,5,53,0
889,889,91,237,1
3878,3878,200,355,1
3322,3322,169,174,1
11559,11559,319,389,0
3514,3514,176,243,1
6903,6903,239,351,0
11916,11916,9,261,0
5673,5673,43,201,1
8495,8495,367,52,0
9626,9626,225,193,0
3733,3733,244,246,1
7159,7159,78,299,0
11645,11645,283,327,0
9364,9364,322,48,0
4528,4528,354,359,1
1654,1654,102,232,1
9342,9342,75,270,0
12254,12254,184,389,0
223,223,14,293,1
10607,10607,8,62,0
7807,7807,132,133,0
10630,10630,285,250,0
5982,5982,133,134,1
4239,4239,344,365,1
5882,5882,54,201,1
1590,1590,101,233,1
8629,8629,113,48,0
3256,3256,166,307,1
7044,7044,208,235,0
9532,9532,151,318,0
2181,2181,111,167,1
7615,7615,292,179,0
9191,9191,277,27,0
8861,8861,168,344,0
6165,6165,137,194,0
8093,8093,227,315,0
7532,7532,301,262,0
9292,9292,294,231,0
9178,9178,12,409,0
4817,4817,371,376,1
7297,7297,121,309,0
6876,6876,153,322,0
1209,1209,96,109,1
6557,6557,285,52,0
421,421,85,240,1
10759,10759,165,183,0
1706,1706,103,168,1
1158,1158,95,129,1
2306,2306,113,235,1
273,273,18,91,1
171,171,217,286,1
3956,3956,337,348,1
5606,5606,41,49,1
9226,9226,21,183,0
4865,4865,21,38,1
10078,10078,217,382,0
3188,3188,164,247,1
1725,1725,103,239,1
7613,7613,306,360,0
8390,8390,161,60,0
1564,1564,101,124,1
1782,1782,104,233,1
843,843,91,108,1
11498,11498,3,53,0
6794,6794,351,255,0
904,904,92,94,1
3494,3494,175,245,1
11901,11901,144,30,0
7791,7791,7,92,0
1547,1547,101,107,1
11331,11331,340,22,0
2080,2080,109,231,1
9392,9392,171,160,0
9211,9211,286,154,0
7822,7822,350,183,0
3985,3985,337,377,1
8898,8898,103,327,0
7988,7988,75,32,0
8761,8761,77,29,0
9026,9026,62,261,0
10077,10077,174,52,0
4677,4677,360,379,1
3820,3820,131,341,1
5209,5209,29,42,1
2646,2646,120,173,1
10100,10100,219,338,0
9420,9420,129,25,0
7772,7772,112,310,0
256,256,155,299,1
8031,8031,20,179,0
9322,9322,57,335,0
4350,4350,347,377,1
8781,8781,72,393,0
7063,7063,100,388,0
5923,5923,58,60,1
6365,6365,76,415,0
9522,9522,66,181,0
2155,2155,110,306,1
10664,10664,245,229,0
10932,10932,151,121,0
3715,3715,241,306,1
4057,4057,339,368,1
9003,9003,323,313,0
10199,10199,228,251,0
3622,3622,234,240,1
5648,5648,42,201,1
6795,6795,144,60,0
6403,6403,138,130,0
3102,3102,162,230,1
558,558,87,164,1
7946,7946,130,366,0
6654,6654,215,312,0
1436,1436,99,129,1
507,507,86,245,1
5275,5275,31,33,1
4472,4472,352,354,1
1869,1869,106,114,1
5663,5663,43,55,1
9136,9136,108,341,0
5930,5930,58,393,1
10397,10397,28,305,0
755,755,90,96,1
7821,7821,101,348,0
2339,2339,114,163,1
4050,4050,339,361,1
8011,8011,113,270,0
3836,3836,131,357,1
4386,4386,349,352,1
7952,7952,120,272,0
10869,10869,276,345,0
2118,2118,110,129,1
10650,10650,7,355,0
729,729,89,230,1
501,501,86,239,1
9889,9889,14,412,0
643,643,88,170,1
11617,11617,127,60,0
1539,1539,100,248,1
9970,9970,262,335,0
1211,1211,96,111,1
10593,10593,329,401,0
11213,11213,7,171,0
672,672,89,90,1
4915,4915,22,42,1
6106,6106,262,326,1
6596,6596,75,406,0
3377,3377,171,174,1
4476,4476,352,358,1
5615,5615,41,58,1
10811,10811,139,99,0
1464,1464,99,240,1
4745,4745,365,367,1
11544,11544,118,49,0
1192,1192,95,246,1
3793,3793,20,359,1
1872,1872,106,117,1
3590,3590,232,241,1
6360,6360,294,296,0
3158,3158,164,165,1
9933,9933,233,303,0
505,505,86,243,1
243,243,154,223,1
5678,5678,44,46,1
506,506,86,244,1
10058,10058,30,269,0
6501,6501,328,400,0
9119,9119,243,135,0
6743,6743,337,334,0
4717,4717,363,368,1
6222,6222,299,343,0
11952,11952,112,130,0
7111,7111,115,343,0
7608,7608,314,390,0
1773,1773,104,172,1
6824,6824,23,199,0
3010,3010,128,306,1
10294,10294,220,324,0
11626,11626,57,203,0
797,797,90,169,1
3618,3618,234,236,1
2381,2381,115,122,1
2829,2829,124,230,1
12232,12232,125,331,0
12051,12051,286,189,0
10754,10754,298,106,0
4633,4633,358,374,1
312,312,18,161,1
6510,6510,280,339,0
746,746,89,247,1
3569,3569,231,238,1
790,790,90,162,1
2476,2476,116,306,1
6120,6120,195,328,1
10724,10724,51,178,0
11473,11473,277,342,0
2570,2570,118,244,1
5753,5753,47,55,1
8066,8066,221,224,0
10635,10635,212,42,0
6448,6448,143,327,0
5599,5599,41,42,1
7944,7944,360,45,0
4355,4355,348,351,1
2163,2163,111,118,1
9033,9033,144,39,0
8860,8860,95,405,0
380,380,85,116,1
11194,11194,72,307,0
1292,1292,97,122,1
1912,1912,106,240,1
6961,6961,143,315,0
599,599,88,95,1
3892,3892,200,369,1
4141,4141,341,375,1
5540,5540,38,393,1
1652,1652,102,230,1
8426,8426,131,189,0
9693,9693,141,415,0
1893,1893,106,169,1
1944,1944,107,129,1
3395,3395,171,244,1
3388,3388,171,237,1
6502,6502,288,385,0
4362,4362,348,358,1
12019,12019,80,97,0
375,375,85,111,1
1966,1966,107,234,1
3957,3957,337,349,1
6195,6195,224,19,0
10795,10795,267,194,0
4423,4423,350,360,1
5351,5351,33,38,1
5696,5696,44,132,1
1243,1243,96,174,1
8127,8127,144,412,0
9918,9918,209,196,0
8144,8144,267,408,0
12213,12213,282,366,0
8069,8069,93,353,0
1471,1471,99,247,1
3346,3346,169,307,1
4522,4522,353,378,1
2657,2657,120,236,1
2853,2853,125,129,1
4506,4506,353,362,1
11661,11661,281,97,0
11048,11048,372,319,0
12026,12026,207,65,0
4045,4045,339,356,1
8188,8188,399,400,0
4062,4062,339,373,1
5326,5326,32,48,1
10695,10695,132,136,0
6578,6578,104,329,0
11600,11600,238,318,0
7310,7310,212,98,0
4306,4306,346,365,1
11032,11032,152,362,0
5139,5139,27,51,1
10072,10072,215,356,0
9751,9751,170,43,0
8045,8045,101,23,0
3990,3990,338,341,1
1049,1049,93,248,1
3823,3823,131,344,1
8132,8132,5,157,0
9853,9853,166,328,0
2035,2035,108,244,1
4039,4039,339,350,1
10074,10074,80,239,0
7908,7908,344,255,0
11508,11508,292,173,0
1972,1972,107,240,1
12305,12305,221,320,0
2099,2099,109,307,1
1499,1499,100,125,1
5205,5205,29,38,1
3512,3512,176,241,1
10885,10885,260,327,0
10461,10461,30,409,0
652,652,88,231,1
170,170,148,286,1
4085,4085,340,357,1
242,242,16,295,1
9706,9706,241,66,0
5798,5798,49,61,1
10452,10452,64,266,0
4371,4371,348,367,1
1644,1644,102,170,1
6355,6355,141,73,0
5594,5594,40,132,1
2756,2756,122,244,1
8035,8035,71,199,0
7675,7675,287,314,0
9470,9470,210,366,0
9244,9244,146,11,0
8441,8441,34,262,0
5231,5231,29,132,1
2076,2076,109,175,1
4103,4103,340,375,1
11764,11764,152,244,0
3996,3996,338,347,1
4801,4801,369,377,1
5968,5968,132,268,1
10640,10640,366,301,0
7458,7458,88,60,0
7770,7770,350,311,0
8539,8539,235,332,0
7334,7334,345,269,0
11530,11530,79,162,0
10988,10988,94,365,0
11885,11885,51,408,0
5849,5849,52,61,1
10212,10212,277,194,0
9541,9541,207,56,0
10228,10228,281,378,0
4661,4661,360,363,1
4078,4078,340,350,1
6054,6054,160,305,1
10390,10390,112,269,0
5974,5974,268,393,1
640,640,88,167,1
1270,1270,97,100,1
7928,7928,61,314,0
2778,2778,123,170,1
8019,8019,115,228,0
4932,4932,22,59,1
6060,6060,249,309,1
1985,1985,108,111,1
3861,3861,200,338,1
3480,3480,175,231,1
1534,1534,100,243,1
325,325,18,174,1
5764,5764,47,268,1
2338,2338,114,162,1
7061,7061,285,178,0
3980,3980,337,372,1
9240,9240,144,216,0
8289,8289,162,345,0
4054,4054,339,365,1
2237,2237,112,168,1
5229,5229,29,62,1
9380,9380,285,355,0
4571,4571,355,378,1
11898,11898,216,403,0
5474,5474,36,62,1
10790,10790,212,253,0
864,864,91,129,1
8408,8408,206,99,0
4942,4942,23,24,1
2253,2253,112,236,1
6010,6010,135,271,1
7924,7924,11,272,0
371,371,85,107,1
8832,8832,204,301,0
11663,11663,174,390,0
609,609,88,105,1
7203,7203,119,353,0
10290,10290,294,123,0
10719,10719,166,160,0
11065,11065,9,371,0
11422,11422,76,193,0
9613,9613,220,46,0
11870,11870,233,362,0
9267,9267,93,415,0
5830,5830,51,58,1
2364,2364,114,240,1
3213,3213,165,239,1
5456,5456,36,44,1
911,911,92,101,1
11116,11116,126,309,0
10728,10728,287,297,0
3789,3789,20,355,1
9000,9000,91,335,0
10360,10360,144,106,0
5581,5581,40,51,1
10402,10402,151,372,0
10764,10764,50,180,0
8606,8606,197,404,0
5060,5060,25,55,1
1423,1423,99,116,1
12064,12064,71,103,0
479,479,86,165,1
662,662,88,241,1
6817,6817,74,400,0
6437,6437,29,264,0
11818,11818,22,203,0
10385,10385,110,321,0
2988,2988,128,175,1
1119,1119,94,245,1
2776,2776,123,168,1
4535,4535,354,366,1
10920,10920,348,196,0
8736,8736,348,257,0
9450,9450,43,193,0
6349,6349,314,198,0
10172,10172,45,304,0
9088,9088,106,348,0
7781,7781,147,324,0
5573,5573,40,43,1
6135,6135,199,330,1
5269,5269,30,132,1
4427,4427,350,364,1
9591,9591,86,190,0
5247,5247,30,42,1
7281,7281,124,308,0
3981,3981,337,373,1
8872,8872,7,336,0
11714,11714,140,214,0
2893,2893,126,128,1
2669,2669,120,248,1
3977,3977,337,369,1
8372,8372,155,184,0
279,279,18,97,1
9707,9707,295,225,0
9141,9141,214,381,0
10403,10403,291,343,0
10845,10845,137,346,0
10884,10884,91,345,0
5197,5197,29,30,1
4664,4664,360,366,1
1694,1694,103,125,1
10956,10956,100,342,0
5018,5018,24,56,1
6133,6133,199,265,1
3479,3479,175,230,1
5554,5554,39,52,1
4416,4416,350,353,1
11451,11451,32,136,0
4155,4155,342,352,1
4883,4883,21,56,1
5807,5807,50,52,1
3809,3809,20,375,1
11623,11623,359,53,0
10599,10599,370,184,0
9809,9809,5,91,0
4296,4296,346,355,1
7277,7277,286,260,0
4683,4683,361,367,1
12083,12083,169,190,0
10809,10809,76,192,0
7405,7405,359,186,0
5593,5593,40,63,1
2209,2209,111,247,1
9930,9930,0,401,0
9767,9767,147,89,0
5402,5402,34,55,1
2410,2410,115,234,1
4563,4563,355,370,1
184,184,12,219,1
7316,7316,389,404,0
7379,7379,146,253,0
4516,4516,353,372,1
2350,2350,114,174,1
553,553,87,128,1
1397,1397,98,241,1
1384,1384,98,176,1
7229,7229,78,36,0
9520,9520,89,334,0
5856,5856,52,394,1
4903,4903,22,30,1
297,297,18,115,1
443,443,86,98,1
12131,12131,362,309,0
5215,5215,29,48,1
10240,10240,79,127,0
10864,10864,207,72,0
2077,2077,109,176,1
6017,6017,203,414,1
4751,4751,365,373,1
10237,10237,176,258,0
2229,2229,112,129,1
2842,2842,124,243,1
2537,2537,118,128,1
194,194,81,291,1
10201,10201,146,332,0
6636,6636,330,403,0
7563,7563,0,112,0
817,817,90,241,1
3367,3367,170,243,1
6835,6835,176,304,0
6553,6553,173,42,0
2578,2578,119,121,1
1131,1131,95,102,1
7107,7107,372,301,0
5505,5505,37,62,1
6761,6761,73,291,0
12210,12210,138,264,0
9858,9858,375,414,0
9512,9512,129,156,0
320,320,18,169,1
1371,1371,98,163,1
4042,4042,339,353,1
7019,7019,342,22,0
7840,7840,277,159,0
907,907,92,97,1
305,305,18,123,1
3950,3950,337,342,1
5529,5529,38,56,1
9351,9351,9,399,0
10930,10930,147,319,0
9115,9115,144,160,0
7578,7578,393,328,0
9269,9269,94,28,0
8696,8696,20,264,0
10329,10329,172,62,0
926,926,92,116,1
244,244,154,295,1
9568,9568,222,136,0
15,15,1,207,1
143,143,8,146,1
5983,5983,133,202,1
2363,2363,114,239,1
9027,9027,91,28,0
129,129,212,213,1
1161,1161,95,163,1
11117,11117,218,364,0
12049,12049,300,402,0
7889,7889,242,60,0
7108,7108,282,229,0
12151,12151,296,260,0
7672,7672,277,87,0
5458,5458,36,46,1
9947,9947,345,185,0
5308,5308,31,268,1
1876,1876,106,121,1
2488,2488,117,128,1
8374,8374,282,131,0
4479,4479,352,361,1
1182,1182,95,236,1
2525,2525,117,248,1
8167,8167,1,92,0
1170,1170,95,172,1
10689,10689,38,384,0
2182,2182,111,168,1
11744,11744,104,135,0
12134,12134,22,316,0
6792,6792,15,234,0
9393,9393,161,186,0
10473,10473,240,315,0
11034,11034,234,388,0
3371,3371,170,247,1
9967,9967,68,103,0
1859,1859,105,248,1
7401,7401,244,404,0
7273,7273,281,307,0
8084,8084,240,34,0
6781,6781,58,385,0
1878,1878,106,123,1
7407,7407,170,228,0
3588,3588,232,239,1
8366,8366,28,399,0
3121,3121,162,306,1
387,387,85,123,1
1311,1311,97,172,1
1032,1032,93,231,1
9846,9846,186,194,0
6584,6584,11,153,0
8223,8223,361,381,0
6382,6382,3,41,0
6725,6725,278,268,0
12301,12301,101,158,0
7825,7825,367,61,0
4936,4936,22,63,1
931,931,92,121,1
9021,9021,290,170,0
4019,4019,338,370,1
691,691,89,109,1
11686,11686,103,360,0
5987,5987,134,269,1
6364,6364,46,385,0
1909,1909,106,237,1
829,829,91,94,1
3498,3498,175,306,1
9296,9296,39,262,0
2081,2081,109,232,1
10955,10955,41,255,0
11613,11613,277,108,0
44,44,138,275,1
3939,3939,267,373,1
8022,8022,213,387,0
7007,7007,35,402,0
4319,4319,346,378,1
2965,2965,127,243,1
3969,3969,337,361,1
1187,1187,95,241,1
11009,11009,121,375,0
8094,8094,91,398,0
7049,7049,113,130,0
9427,9427,114,355,0
284,284,18,102,1
10911,10911,169,197,0
6308,6308,339,335,0
4159,4159,342,356,1
3092,3092,162,168,1
9627,9627,67,260,0
4556,4556,355,363,1
5555,5555,39,53,1
6978,6978,280,321,0
4323,4323,347,350,1
3982,3982,337,374,1
8121,8121,34,179,0
6940,6940,363,180,0
3364,3364,170,240,1
1404,1404,98,248,1
3195,3195,165,169,1
9894,9894,69,42,0
7820,7820,2,234,0
969,969,92,242,1
9987,9987,273,298,0
6543,6543,233,67,0
3734,3734,244,247,1
925,925,92,115,1
11685,11685,146,315,0
8935,8935,213,231,0
4725,4725,363,376,1
2843,2843,124,244,1
2851,2851,125,127,1
10137,10137,214,56,0
7897,7897,276,14,0
5956,5956,62,63,1
519,519,87,94,1
10902,10902,130,361,0
11788,11788,102,36,0
4471,4471,352,353,1
7847,7847,320,196,0
4348,4348,347,375,1
11038,11038,69,127,0
11465,11465,90,374,0
3626,3626,234,244,1
1789,1789,104,240,1
10183,10183,81,39,0
2059,2059,109,127,1
9289,9289,363,397,0
7200,7200,277,34,0
4013,4013,338,364,1
6006,6006,66,414,1
1902,1902,106,230,1
8949,8949,40,314,0
6215,6215,109,130,0
4686,4686,361,370,1
9660,9660,89,264,0
4922,4922,22,49,1
6785,6785,4,287,0
7962,7962,266,409,0
7963,7963,339,38,0
12238,12238,358,327,0
75,75,71,209,1
2345,2345,114,169,1
6447,6447,161,266,0
8267,8267,12,254,0
430,430,85,306,1
4586,4586,356,370,1
5483,5483,37,40,1
7750,7750,214,35,0
6405,6405,221,334,0
11839,11839,373,381,0
8417,8417,170,335,0
12129,12129,256,397,0
10034,10034,145,322,0
9452,9452,162,403,0
1553,1553,101,113,1
5874,5874,54,57,1
240,240,16,154,1
783,783,90,124,1
11227,11227,280,216,0
3066,3066,161,230,1
12000,12000,278,166,0
977,977,92,307,1
4905,4905,22,32,1
6264,6264,376,390,0
6987,6987,279,349,0
10208,10208,355,204,0
5695,5695,44,63,1
2941,2941,127,167,1
8610,8610,80,253,0
8192,8192,129,193,0
7328,7328,144,270,0
7205,7205,169,314,0
8222,8222,61,197,0
9920,9920,54,136,0
1620,1620,102,115,1
5642,5642,42,59,1
12295,12295,140,269,0
2146,2146,110,240,1
1801,1801,105,107,1
2095,2095,109,246,1
9052,9052,159,190,0
8000,8000,97,366,0
1357,1357,98,118,1
9980,9980,13,33,0
9081,9081,207,265,0
6782,6782,70,409,0
10280,10280,270,327,0
7288,7288,124,350,0
9447,9447,117,254,0
3565,3565,231,234,1
12214,12214,91,205,0
10794,10794,6,268,0
8241,8241,70,390,0
1609,1609,102,104,1
3096,3096,162,172,1
4590,4590,356,374,1
2415,2415,115,239,1
2017,2017,108,174,1
2971,2971,127,306,1
6424,6424,80,266,0
4125,4125,341,359,1
5846,5846,52,58,1
5375,5375,33,62,1
12059,12059,285,239,0
11797,11797,94,392,0
3246,3246,166,240,1
124,124,143,213,1
1106,1106,94,232,1
11487,11487,295,394,0
11896,11896,73,19,0
840,840,91,105,1
6394,6394,121,322,0
9683,9683,287,161,0
5649,5649,42,268,1
11257,11257,259,390,0
3341,3341,169,245,1
598,598,88,94,1
2123,2123,110,165,1
5512,5512,38,39,1
8627,8627,153,86,0
9677,9677,122,362,0
8816,8816,161,303,0
9459,9459,83,63,0
11890,11890,207,301,0
5999,5999,65,414,1
2197,2197,111,235,1
4051,4051,339,362,1
1216,1216,96,116,1
3362,3362,170,238,1
2501,2501,117,172,1
725,725,89,174,1
7506,7506,383,386,0
978,978,93,94,1
808,808,90,232,1
7716,7716,284,127,0
1475,1475,100,101,1
9234,9234,365,187,0
8747,8747,152,340,0
8300,8300,158,392,0
4906,4906,22,33,1
10436,10436,53,390,0
11101,11101,1,124,0
4930,4930,22,57,1
4542,4542,354,373,1
3962,3962,337,354,1
9545,9545,145,267,0
2671,2671,120,307,1
7472,7472,7,57,0
1235,1235,96,166,1
1225,1225,96,125,1
1764,1764,104,163,1
8812,8812,74,378,0
9511,9511,222,192,0
7899,7899,81,28,0
7754,7754,78,191,0
7149,7149,80,257,0
3217,3217,165,243,1
5737,5737,46,60,1
287,287,18,105,1
7640,7640,309,191,0
2966,2966,127,244,1
3164,3164,164,171,1
9951,9951,147,388,0
9440,9440,120,386,0
10931,10931,281,328,0
1657,1657,102,235,1
1975,1975,107,243,1
2397,2397,115,169,1
452,452,86,107,1
2710,2710,121,243,1
11262,11262,340,192,0
7148,7148,114,22,0
3681,3681,238,245,1
6715,6715,163,319,0
422,422,85,241,1
8670,8670,352,300,0
5316,5316,32,38,1
7025,7025,30,202,0
657,657,88,236,1
3301,3301,168,234,1
12208,12208,337,406,0
2845,2845,124,246,1
4066,4066,339,377,1
10826,10826,351,314,0
11995,11995,33,261,0
5244,5244,30,39,1
1001,1001,93,117,1
4198,4198,343,359,1
2418,2418,115,242,1
875,875,91,171,1
8064,8064,285,187,0
6726,6726,219,312,0
3847,3847,131,368,1
961,961,92,234,1
1580,1580,101,171,1
9303,9303,231,404,0
7886,7886,2,57,0
2206,2206,111,244,1
4266,4266,345,358,1
8881,8881,188,67,0
12205,12205,149,338,0
4231,4231,344,357,1
757,757,90,98,1
4866,4866,21,39,1
5406,5406,34,59,1
5313,5313,32,35,1
2284,2284,113,161,1
9096,9096,158,194,0
7001,7001,83,300,0
7242,7242,75,128,0
5507,5507,37,132,1
5309,5309,31,393,1
9220,9220,13,236,0
4827,4827,372,379,1
7706,7706,211,31,0
7689,7689,294,320,0
807,807,90,231,1
3907,3907,267,341,1
6141,6141,265,332,1
8492,8492,307,402,0
9778,9778,274,304,0
7023,7023,240,329,0
1956,1956,107,172,1
2445,2445,116,166,1
8559,8559,170,348,0
6969,6969,373,23,0
11458,11458,71,158,0
8731,8731,138,382,0
10036,10036,204,199,0
2402,2402,115,174,1
11469,11469,282,259,0
1073,1073,94,116,1
10628,10628,40,160,0
3398,3398,171,247,1
4240,4240,344,366,1
6524,6524,144,374,0
5436,5436,35,56,1
7977,7977,99,181,0
10460,10460,182,332,0
2091,2091,109,242,1
4527,4527,354,358,1
12298,12298,209,283,0
1698,1698,103,129,1
11180,11180,123,24,0
10315,10315,406,303,0
9586,9586,372,196,0
7197,7197,10,239,0
9216,9216,322,36,0
1003,1003,93,119,1
10175,10175,143,58,0
11182,11182,20,333,0
10236,10236,224,309,0
8095,8095,206,196,0
4651,4651,359,372,1
10284,10284,359,311,0
11221,11221,278,249,0
6156,6156,294,43,0
1485,1485,100,111,1
11349,11349,297,375,0
5368,5368,33,55,1
9940,9940,76,221,0
1411,1411,99,104,1
6289,6289,347,202,0
11603,11603,231,43,0
11165,11165,135,390,0
8185,8185,372,50,0
709,709,89,127,1
7498,7498,213,29,0
3603,3603,233,237,1
985,985,93,101,1
3076,3076,161,240,1
6169,6169,268,204,0
9625,9625,97,272,0
8583,8583,77,50,0
6713,6713,78,80,0
5077,5077,26,30,1
4101,4101,340,373,1
8109,8109,164,396,0
2722,2722,122,127,1
11515,11515,11,328,0
1268,1268,97,98,1
2462,2462,116,235,1
8255,8255,91,268,0
268,268,18,86,1
3580,3580,231,306,1
4750,4750,365,372,1
8159,8159,276,314,0
7520,7520,69,330,0
8005,8005,72,358,0
7837,7837,15,295,0
9055,9055,218,56,0
2821,2821,124,170,1
11557,11557,276,5,0
589,589,87,247,1
8612,8612,65,331,0
11044,11044,93,269,0
8014,8014,24,396,0
656,656,88,235,1
9979,9979,163,203,0
9735,9735,248,314,0
2037,2037,108,246,1
9567,9567,208,280,0
8904,8904,45,405,0
3758,3758,130,188,1
6845,6845,19,407,0
6151,6151,390,391,1
7998,7998,361,43,0
2028,2028,108,237,1
10304,10304,142,173,0
677,677,89,95,1
9620,9620,316,405,0
1232,1232,96,163,1
5454,5454,36,42,1
8079,8079,316,198,0
9597,9597,151,43,0
8108,8108,343,33,0
7662,7662,235,179,0
4856,4856,21,29,1
8246,8246,111,256,0
2432,2432,116,122,1
8845,8845,303,312,0
11354,11354,150,16,0
4647,4647,359,368,1
11100,11100,97,35,0
7717,7717,231,204,0
896,896,91,244,1
1611,1611,102,106,1
10127,10127,323,193,0
1587,1587,101,230,1
6686,6686,319,266,0
9869,9869,272,312,0
11519,11519,157,257,0
1719,1719,103,233,1
7562,7562,278,84,0
9699,9699,235,29,0
3806,3806,20,372,1
8653,8653,311,262,0
9460,9460,34,315,0
4701,4701,362,368,1
3961,3961,337,353,1
731,731,89,232,1
5557,5557,39,55,1
9862,9862,213,365,0
5564,5564,39,62,1
11434,11434,22,400,0
10405,10405,111,363,0
6087,6087,256,318,1
890,890,91,238,1
7607,7607,130,409,0
11068,11068,279,229,0
4006,4006,338,357,1
4939,4939,22,268,1
9761,9761,5,414,0
7762,7762,355,60,0
5898,5898,55,394,1
6173,6173,81,357,0
9276,9276,190,381,0
5819,5819,50,132,1
9186,9186,145,24,0
8464,8464,22,178,0
2799,2799,123,243,1
8793,8793,406,396,0
584,584,87,242,1
3268,3268,167,231,1
3932,3932,267,366,1
4965,4965,23,47,1
1260,1260,96,243,1
8602,8602,80,391,0
6199,6199,7,112,0
6692,6692,360,44,0
310,310,18,128,1
1716,1716,103,230,1
10575,10575,238,189,0
6009,6009,135,270,1
2052,2052,109,120,1
10178,10178,12,379,0
4668,4668,360,370,1
4298,4298,346,357,1
6646,6646,92,366,0
3783,3783,20,349,1
1008,1008,93,124,1
10260,10260,282,372,0
2185,2185,111,171,1
3623,3623,234,241,1
12040,12040,4,145,0
7493,7493,292,390,0
11904,11904,5,297,0
8710,8710,130,67,0
10775,10775,1,223,0
4834,4834,374,375,1
4059,4059,339,370,1
4756,4756,365,378,1
7728,7728,176,409,0
90,90,5,73,1
1987,1987,108,113,1
470,470,86,125,1
1326,1326,97,239,1
7279,7279,214,413,0
8348,8348,394,265,0
9886,9886,70,161,0
2117,2117,110,128,1
2937,2937,127,163,1
888,888,91,236,1
983,983,93,99,1
6932,6932,406,403,0
11672,11672,234,350,0
9293,9293,368,411,0
9587,9587,169,134,0
10580,10580,138,342,0
2925,2925,126,243,1
8197,8197,77,39,0
3214,3214,165,240,1
5884,5884,54,393,1
2341,2341,114,165,1
10111,10111,87,48,0
8278,8278,34,408,0
9340,9340,222,37,0
8760,8760,252,389,0
9709,9709,274,72,0
9641,9641,55,189,0
627,627,88,123,1
8265,8265,284,15,0
4947,4947,23,29,1
5080,5080,26,33,1
4244,4244,344,370,1
11817,11817,374,319,0
4765,4765,366,374,1
1601,1601,101,244,1
11814,11814,68,178,0
1269,1269,97,99,1
128,128,144,282,1
9835,9835,10,133,0
8565,8565,271,311,0
1711,1711,103,173,1
4182,4182,342,379,1
7299,7299,177,327,0
11741,11741,116,192,0
4235,4235,344,361,1
6995,6995,275,395,0
8985,8985,213,55,0
2398,2398,115,170,1
11002,11002,79,255,0
9059,9059,79,169,0
10044,10044,97,404,0
8674,8674,146,102,0
10351,10351,295,355,0
1186,1186,95,240,1
8651,8651,155,109,0
12089,12089,296,159,0
12047,12047,176,42,0
11955,11955,80,32,0
1977,1977,107,245,1
5314,5314,32,36,1
12164,12164,228,310,0
4247,4247,344,373,1
9722,9722,160,401,0
9744,9744,322,228,0
915,915,92,105,1
1305,1305,97,166,1
1096,1096,94,170,1
3049,3049,129,307,1
8243,8243,339,191,0
6653,6653,150,348,0
11712,11712,290,365,0
1273,1273,97,103,1
5698,5698,44,268,1
6945,6945,139,391,0
9974,9974,380,381,0
2796,2796,123,240,1
6797,6797,292,360,0
1398,1398,98,242,1
6615,6615,246,371,0
3358,3358,170,234,1
183,183,12,150,1
10542,10542,127,379,0
4462,4462,351,371,1
9307,9307,131,182,0
8107,8107,78,49,0
3563,3563,231,232,1
9313,9313,296,126,0
11425,11425,339,199,0
6513,6513,2,24,0
4567,4567,355,374,1
9425,9425,242,310,0
6603,6603,206,142,0
9965,9965,23,178,0
2656,2656,120,235,1
10499,10499,218,359,0
4305,4305,346,364,1
1961,1961,107,177,1
4992,4992,24,30,1
4891,4891,21,132,1
6138,6138,265,329,1
5815,5815,50,60,1
5869,5869,53,268,1
8893,8893,159,401,0
6395,6395,375,157,0
11660,11660,159,408,0
6226,6226,49,265,0
9270,9270,146,85,0
12272,12272,220,360,0
10804,10804,208,354,0
1251,1251,96,234,1
3176,3176,164,235,1
5072,5072,25,393,1
3359,3359,170,235,1
7625,7625,307,66,0
9359,9359,214,167,0
11773,11773,369,39,0
9006,9006,291,88,0
11051,11051,82,31,0
3289,3289,168,170,1
11094,11094,124,194,0
7411,7411,377,27,0
10743,10743,81,312,0
3190,3190,164,306,1
1573,1573,101,164,1
9247,9247,146,355,0
1051,1051,93,307,1
4069,4069,340,341,1
12264,12264,210,294,0
3218,3218,165,244,1
8316,8316,205,227,0
272,272,18,90,1
2042,2042,109,110,1
4763,4763,366,372,1
7572,7572,0,118,0
7931,7931,121,411,0
8060,8060,58,252,0
1086,1086,94,129,1
1473,1473,99,306,1
7282,7282,22,197,0
8868,8868,317,336,0
8257,8257,285,13,0
9386,9386,21,157,0
2186,2186,111,172,1
10892,10892,160,398,0
4322,4322,347,349,1
9285,9285,232,262,0
9792,9792,163,324,0
5831,5831,51,59,1
9985,9985,311,198,0
498,498,86,236,1
7794,7794,216,157,0
8753,8753,141,349,0
4709,4709,362,376,1
11075,11075,96,52,0
10012,10012,146,98,0
4485,4485,352,367,1
10655,10655,103,26,0
3478,3478,175,177,1
9387,9387,277,377,0
3924,3924,267,358,1
1748,1748,104,116,1
732,732,89,233,1
2553,2553,118,175,1
2463,2463,116,236,1
12110,12110,21,202,0
9104,9104,44,408,0
8784,8784,186,383,0
2662,2662,120,241,1
8235,8235,320,198,0
8523,8523,11,256,0
3113,3113,162,241,1
3303,3303,168,236,1
6250,6250,17,350,0
1344,1344,98,105,1
10822,10822,5,97,0
7759,7759,97,387,0
1690,1690,103,121,1
11295,11295,267,42,0
8977,8977,355,257,0
5048,5048,25,43,1
7676,7676,113,37,0
8292,8292,344,336,0
3308,3308,168,241,1
1504,1504,100,161,1
11255,11255,352,204,0
1806,1806,105,112,1
3871,3871,200,348,1
10699,10699,102,335,0
3791,3791,20,357,1
5217,5217,29,50,1
10022,10022,149,266,0
11711,11711,93,349,0
1067,1067,94,110,1
8798,8798,107,256,0
11678,11678,221,300,0
1717,1717,103,231,1
2696,2696,121,177,1
6451,6451,249,256,0
1848,1848,105,237,1
4512,4512,353,368,1
9158,9158,377,25,0
11359,11359,115,258,0
2431,2431,116,121,1
7945,7945,327,382,0
4660,4660,360,362,1
6622,6622,12,84,0
3435,3435,173,233,1
8337,8337,307,380,0
7347,7347,151,362,0
11537,11537,190,334,0
142,142,8,77,1
8642,8642,289,38,0
5586,5586,40,56,1
10784,10784,150,402,0
6992,6992,318,336,0
7949,7949,94,67,0
8303,8303,176,327,0
6804,6804,212,31,0
6749,6749,107,190,0
6100,6100,260,324,1
5290,5290,31,48,1
8030,8030,242,250,0
3409,3409,172,232,1
1117,1117,94,243,1
7752,7752,167,315,0
1756,1756,104,124,1
497,497,86,235,1
11435,11435,117,66,0
7895,7895,71,300,0
870,870,91,166,1
3357,3357,170,233,1
912,912,92,102,1
721,721,89,170,1
2805,2805,123,306,1
12231,12231,357,225,0
886,886,91,234,1
11812,11812,320,190,0
10358,10358,359,271,0
10216,10216,111,362,0
9431,9431,337,304,0
1520,1520,100,177,1
7396,7396,68,338,0
10694,10694,275,200,0
2746,2746,122,234,1
8404,8404,166,42,0
3545,3545,230,233,1
314,314,18,163,1
1799,1799,104,307,1
327,327,18,176,1
3757,3757,19,323,1
12054,12054,374,260,0
4204,4204,343,365,1
5850,5850,52,62,1
6129,6129,198,329,1
5447,5447,35,393,1
3129,3129,163,170,1
7440,7440,123,365,0
1996,1996,108,122,1
11058,11058,293,316,0
3968,3968,337,360,1
10189,10189,133,414,0
9736,9736,147,250,0
1973,1973,107,241,1
336,336,18,237,1
2764,2764,123,125,1
9737,9737,279,341,0
275,275,18,93,1
2985,2985,128,172,1
2686,2686,121,167,1
4620,4620,358,361,1
6531,6531,269,383,0
3477,3477,175,176,1
12226,12226,143,87,0
3558,3558,230,246,1
5715,5715,45,60,1
2809,2809,124,127,1
11201,11201,113,371,0
4861,4861,21,34,1
2334,2334,114,127,1
8931,8931,113,303,0
5246,5246,30,41,1
3416,3416,172,239,1
307,307,18,125,1
3908,3908,267,342,1
9353,9353,103,66,0
348,348,18,306,1
5918,5918,57,201,1
826,826,90,307,1
5296,5296,31,54,1
7243,7243,152,401,0
11755,11755,414,159,0
9897,9897,18,42,0
4482,4482,352,364,1
9612,9612,71,89,0
3682,3682,238,246,1
8560,8560,298,335,0
10303,10303,366,43,0
2053,2053,109,121,1
8225,8225,168,349,0
11827,11827,12,174,0
71,71,3,140,1
8288,8288,292,410,0
6855,6855,302,315,0
12294,12294,121,366,0
11718,11718,224,158,0
6751,6751,248,333,0
9326,9326,5,287,0
8819,8819,145,225,0
10032,10032,280,178,0
8270,8270,342,260,0
5356,5356,33,43,1
1666,1666,102,244,1
7579,7579,26,64,0
5570,5570,39,394,1
8757,8757,11,109,0
52,52,273,274,1
8180,8180,243,228,0
6263,6263,51,302,0
1445,1445,99,169,1
10853,10853,342,319,0
9498,9498,289,255,0
9256,9256,13,105,0
1695,1695,103,126,1
2892,2892,126,127,1
12302,12302,282,107,0
1574,1574,101,165,1
9134,9134,119,27,0
3203,3203,165,177,1
4405,4405,349,371,1
1630,1630,102,125,1
11502,11502,278,233,0
1881,1881,106,126,1
12202,12202,295,187,0
5112,5112,26,201,1
5708,5708,45,53,1
5074,5074,26,27,1
5509,5509,37,268,1
11305,11305,153,116,0
12039,12039,295,372,0
848,848,91,113,1
2924,2924,126,242,1
8758,8758,94,26,0
8552,8552,110,394,0
2877,2877,125,236,1
6367,6367,305,309,0
9957,9957,216,329,0
186,186,12,289,1
3779,3779,20,345,1
1830,1830,105,167,1
8471,8471,243,366,0
2959,2959,127,237,1
7185,7185,363,333,0
11364,11364,352,301,0
9466,9466,73,64,0
6904,6904,154,175,0
5446,5446,35,268,1
6587,6587,2,176,0
1234,1234,96,165,1
8622,8622,366,260,0
10286,10286,10,154,0
3915,3915,267,349,1
446,446,86,101,1
9133,9133,286,18,0
5839,5839,51,393,1
844,844,91,109,1
5201,5201,29,34,1
11196,11196,9,189,0
8469,8469,414,264,0
12163,12163,284,175,0
9376,9376,371,411,0
10331,10331,261,335,0
2440,2440,116,161,1
3103,3103,162,231,1
10557,10557,12,302,0
7692,7692,57,256,0
4774,4774,367,371,1
11731,11731,287,134,0
6974,6974,235,376,0
6094,6094,187,321,1
1294,1294,97,124,1
10386,10386,112,401,0
5518,5518,38,45,1
11079,11079,345,384,0
5067,5067,25,62,1
3442,3442,173,240,1
11114,11114,348,314,0
9493,9493,92,62,0
10441,10441,136,302,0
2837,2837,124,238,1
776,776,90,117,1
11954,11954,276,184,0
11423,11423,16,167,0
6324,6324,368,185,0
2153,2153,110,247,1
5558,5558,39,56,1
4920,4920,22,47,1
10701,10701,151,296,0
10739,10739,299,241,0
11680,11680,94,182,0
8698,8698,1,378,0
3136,3136,163,177,1
10359,10359,241,27,0
5462,5462,36,50,1
12063,12063,307,390,0
9966,9966,68,393,0
3183,3183,164,242,1
10213,10213,73,263,0
7522,7522,60,327,0
1943,1943,107,128,1
9786,9786,169,264,0
3199,3199,165,173,1
11926,11926,143,308,0
1289,1289,97,119,1
4581,4581,356,365,1
6335,6335,91,330,0
2500,2500,117,171,1
11702,11702,284,116,0
10983,10983,252,321,0
11743,11743,274,349,0
9170,9170,5,44,0
4106,4106,340,378,1
7542,7542,172,410,0
4126,4126,341,360,1
10083,10083,298,321,0
6933,6933,115,379,0
9915,9915,71,128,0
11722,11722,89,189,0
3966,3966,337,358,1
1879,1879,106,124,1
10442,10442,82,395,0
11436,11436,119,31,0
8215,8215,105,28,0
5457,5457,36,45,1
7958,7958,110,305,0
3587,3587,232,238,1
10812,10812,227,185,0
3865,3865,200,342,1
2148,2148,110,242,1
4131,4131,341,365,1
1036,1036,93,235,1
636,636,88,163,1
11721,11721,116,379,0
7216,7216,294,115,0
3611,3611,233,245,1
4134,4134,341,368,1
8309,8309,98,66,0
1083,1083,94,126,1
6711,6711,72,198,0
861,861,91,126,1
5212,5212,29,45,1
903,903,92,93,1
191,191,81,288,1
109,109,211,281,1
6026,6026,271,414,1
4455,4455,351,364,1
1942,1942,107,127,1
8067,8067,93,66,0
4331,4331,347,358,1
10888,10888,223,185,0
10504,10504,89,397,0
5927,5927,58,132,1
2040,2040,108,306,1
9534,9534,288,188,0
9855,9855,125,132,0
10753,10753,297,321,0
4878,4878,21,51,1
4659,4659,360,361,1
11463,11463,202,192,0
5001,5001,24,39,1
2775,2775,123,167,1
7525,7525,163,403,0
4145,4145,341,379,1
2323,2323,114,116,1
762,762,90,103,1
5921,5921,57,394,1
2617,2617,119,243,1
2411,2411,115,235,1
1094,1094,94,168,1
6065,6065,180,251,1
7265,7265,73,228,0
1546,1546,101,106,1
4589,4589,356,373,1
6034,6034,136,415,1
11532,11532,202,313,0
7517,7517,125,199,0
6953,6953,305,190,0
3135,3135,163,176,1
3856,3856,131,377,1
5040,5040,25,35,1
7435,7435,406,66,0
11675,11675,284,406,0
5428,5428,35,48,1
6523,6523,69,120,0
6419,6419,96,370,0
9488,9488,285,242,0
3805,3805,20,371,1
884,884,91,232,1
2654,2654,120,233,1
8099,8099,174,369,0
8055,8055,145,368,0
11828,11828,83,94,0
6774,6774,240,316,0
10801,10801,102,387,0
11342,11342,353,408,0
464,464,86,119,1
1257,1257,96,240,1
9711,9711,235,320,0
2259,2259,112,242,1
4274,4274,345,366,1
7074,7074,6,271,0
5192,5192,28,132,1
5630,5630,42,47,1
11919,11919,276,388,0
6231,6231,224,269,0
7382,7382,93,323,0
5300,5300,31,58,1
2202,2202,111,240,1
10973,10973,70,149,0
10158,10158,295,234,0
1262,1262,96,245,1
10513,10513,170,39,0
7212,7212,148,267,0
975,975,92,248,1
8823,8823,368,44,0
5866,5866,53,63,1
4925,4925,22,52,1
941,941,92,162,1
5263,5263,30,58,1
6582,6582,282,41,0
4723,4723,363,374,1
2387,2387,115,128,1
11984,11984,232,316,0
5021,5021,24,59,1
7129,7129,246,42,0
4391,4391,349,357,1
5148,5148,27,60,1
10279,10279,77,193,0
6803,6803,266,385,0
3221,3221,165,247,1
3882,3882,200,359,1
6055,6055,229,305,1
11611,11611,234,345,0
1610,1610,102,105,1
10265,10265,224,166,0
8777,8777,209,286,0
3875,3875,200,352,1
5953,5953,61,268,1
2789,2789,123,233,1
944,944,92,165,1
10952,10952,277,224,0
1857,1857,105,246,1
10665,10665,99,28,0
4108,4108,341,342,1
5213,5213,29,46,1
10467,10467,148,400,0
3255,3255,166,306,1
7323,7323,77,245,0
2690,2690,121,171,1
8462,8462,341,133,0
7389,7389,0,305,0
4627,4627,358,368,1
9185,9185,305,395,0
1319,1319,97,232,1
9308,9308,279,162,0
12157,12157,81,310,0
5162,5162,28,34,1
10407,10407,214,302,0
10370,10370,69,218,0
11845,11845,335,386,0
1135,1135,95,106,1
4529,4529,354,360,1
3475,3475,174,306,1
3505,3505,176,234,1
4749,4749,365,371,1
2477,2477,116,307,1
8268,8268,135,400,0
8375,8375,169,37,0
7086,7086,349,201,0
9065,9065,92,158,0
9544,9544,353,55,0
4501,4501,353,357,1
8153,8153,393,413,0
12140,12140,290,347,0
6336,6336,243,252,0
9002,9002,218,269,0
6982,6982,72,385,0
7231,7231,349,24,0
9176,9176,292,342,0
1874,1874,106,119,1
10471,10471,41,308,0
8039,8039,22,189,0
11610,11610,209,81,0
5096,5096,26,49,1
2904,2904,126,170,1
7678,7678,379,256,0
570,570,87,176,1
1448,1448,99,172,1
3414,3414,172,237,1
9923,9923,23,321,0
939,939,92,129,1
9549,9549,358,156,0
8998,8998,350,157,0
8645,8645,248,391,0
9797,9797,80,414,0
5841,5841,52,53,1
6837,6837,78,94,0
8973,8973,288,312,0
3226,3226,166,168,1
11987,11987,133,256,0
6332,6332,50,385,0
3978,3978,337,370,1
4383,4383,348,379,1
5834,5834,51,62,1
10046,10046,18,313,0
9419,9419,307,368,0
7845,7845,75,200,0
3539,3539,177,247,1
8732,8732,73,43,0
11013,11013,154,316,0
10933,10933,53,225,0
9748,9748,216,375,0
5681,5681,44,49,1
2827,2827,124,176,1
5780,5780,48,62,1
3634,3634,235,237,1
4996,4996,24,34,1
1338,1338,98,99,1
3262,3262,167,173,1
7876,7876,154,365,0
9644,9644,172,31,0
6838,6838,130,404,0
5089,5089,26,42,1
5741,5741,46,132,1
650,650,88,177,1
6039,6039,156,300,1
2902,2902,126,168,1
2258,2258,112,241,1
12176,12176,139,265,0
5395,5395,34,48,1
10742,10742,139,356,0
7082,7082,287,229,0
9573,9573,71,41,0
8719,8719,86,300,0
3521,3521,176,307,1
2730,2730,122,166,1
8721,8721,123,328,0
4478,4478,352,360,1
5660,5660,43,52,1
1596,1596,101,239,1
67,67,208,276,1
2584,2584,119,127,1
8240,8240,221,92,0
6281,6281,212,33,0
3196,3196,165,170,1
11524,11524,144,299,0
5327,5327,32,49,1
9750,9750,211,386,0
8191,8191,74,301,0
7609,7609,118,332,0
1258,1258,96,241,1
8051,8051,7,371,0
6350,6350,13,270,0
7862,7862,37,319,0
11897,11897,120,35,0
7523,7523,220,125,0
991,991,93,107,1
3504,3504,176,233,1
113,113,6,144,1
919,919,92,109,1
2509,2509,117,232,1
11568,11568,95,33,0
165,165,10,286,1
6741,6741,194,401,0
8028,8028,413,272,0
10508,10508,211,340,0
10740,10740,94,312,0
4603,4603,357,365,1
9058,9058,271,304,0
10459,10459,108,250,0
949,949,92,170,1
4594,4594,356,378,1
10873,10873,352,193,0
3770,3770,20,267,1
2506,2506,117,177,1
5107,5107,26,60,1
2850,2850,125,126,1
6000,6000,66,135,1
8965,8965,95,397,0
12279,12279,239,190,0
11497,11497,361,310,0
10691,10691,298,95,0
4446,4446,351,355,1
5794,5794,49,57,1
9997,9997,71,179,0
4460,4460,351,369,1
9193,9193,363,67,0
2505,2505,117,176,1
9309,9309,137,363,0
6623,6623,93,404,0
1114,1114,94,240,1
6942,6942,345,51,0
10316,10316,69,276,0
298,298,18,116,1
1675,1675,103,106,1
3347,3347,170,171,1
6170,6170,327,195,0
2735,2735,122,171,1
5669,5669,43,61,1
9832,9832,146,313,0
4988,4988,24,26,1
11056,11056,338,410,0
2378,2378,115,119,1
7431,7431,3,198,0
7425,7425,354,24,0
8557,8557,151,303,0
4325,4325,347,352,1
4172,4172,342,369,1
8589,8589,66,321,0
4550,4550,355,357,1
7934,7934,194,335,0
7911,7911,11,410,0
3575,3575,231,244,1
9422,9422,64,398,0
9844,9844,150,23,0
2103,2103,110,114,1
5336,5336,32,58,1
10458,10458,293,299,0
3759,3759,130,259,1
9605,9605,221,133,0
1837,1837,105,174,1
9883,9883,8,33,0
10217,10217,174,303,0
11632,11632,283,135,0
5710,5710,45,55,1
9999,9999,298,405,0
607,607,88,103,1
4500,4500,353,356,1
7036,7036,137,229,0
1093,1093,94,167,1
10667,10667,69,288,0
6718,6718,71,253,0
8855,8855,77,270,0
11017,11017,351,132,0
4487,4487,352,369,1
7707,7707,135,191,0
160,160,147,285,1
203,203,219,291,1
6483,6483,97,312,0
3940,3940,267,374,1
8572,8572,172,397,0
6103,6103,261,325,1
4933,4933,22,60,1
2934,2934,127,129,1
1814,1814,105,120,1
7647,7647,141,78,0
2435,2435,116,125,1
1230,1230,96,161,1
10673,10673,111,303,0
9730,9730,155,238,0
3046,3046,129,247,1
5705,5705,45,50,1
7957,7957,242,336,0
11882,11882,6,44,0
2915,2915,126,233,1
11210,11210,148,113,0
7948,7948,355,21,0
9356,9356,154,387,0
7545,7545,112,392,0
3988,3988,338,339,1
4251,4251,344,377,1
6111,6111,193,194,1
6828,6828,32,205,0
9489,9489,282,297,0
9484,9484,288,31,0
6204,6204,121,304,0
3293,3293,168,174,1
4034,4034,339,345,1
2725,2725,122,161,1
4290,4290,346,349,1
4334,4334,347,361,1
2552,2552,118,174,1
3877,3877,200,354,1
6205,6205,160,199,0
383,383,85,119,1
8370,8370,49,414,0
6879,6879,65,249,0
7485,7485,88,47,0
4753,4753,365,375,1
4886,4886,21,59,1
857,857,91,122,1
370,370,85,106,1
6539,6539,122,226,0
10288,10288,371,385,0
2561,2561,118,235,1
3801,3801,20,367,1
2640,2640,120,167,1
5455,5455,36,43,1
8346,8346,159,311,0
4490,4490,352,372,1
2347,2347,114,171,1
649,649,88,176,1
6859,6859,138,258,0
2781,2781,123,173,1
8387,8387,232,335,0
10506,10506,23,380,0
10676,10676,364,261,0
11813,11813,221,60,0
7207,7207,284,268,0
5944,5944,60,132,1
11947,11947,326,381,0
615,615,88,111,1
10377,10377,10,300,0
2575,2575,118,306,1
53,53,273,275,1
9784,9784,282,62,0
3340,3340,169,244,1
9338,9338,15,246,0
1705,1705,103,167,1
11134,11134,270,308,0
8293,8293,101,25,0
8254,8254,347,29,0
1493,1493,100,119,1
5876,5876,54,59,1
12260,12260,358,49,0
8376,8376,285,192,0
803,803,90,175,1
4953,4953,23,35,1
7743,7743,126,342,0
1812,1812,105,118,1
9378,9378,79,171,0
990,990,93,106,1
2774,2774,123,166,1
9664,9664,116,34,0
2448,2448,116,169,1
3513,3513,176,242,1
8546,8546,107,379,0
10319,10319,233,368,0
219,219,220,292,1
2942,2942,127,168,1
1288,1288,97,118,1
3163,3163,164,170,1
4678,4678,361,362,1
2618,2618,119,244,1
3612,3612,233,246,1
43,43,138,274,1
7871,7871,92,326,0
9842,9842,279,159,0
9143,9143,71,367,0
8997,8997,188,353,0
3792,3792,20,358,1
10603,10603,145,404,0
3439,3439,173,237,1
1892,1892,106,168,1
11860,11860,36,382,0
11470,11470,280,414,0
5255,5255,30,50,1
5167,5167,28,39,1
6460,6460,155,108,0
1505,1505,100,162,1
8515,8515,50,328,0
670,670,88,306,1
897,897,91,245,1
3306,3306,168,239,1
8026,8026,273,309,0
6239,6239,163,265,0
2890,2890,125,306,1
6003,6003,66,270,1
7739,7739,83,129,0
9390,9390,277,32,0
8928,8928,231,400,0
2,2,0,69,1
10456,10456,289,33,0
6079,6079,254,315,1
531,531,87,106,1
10605,10605,58,405,0
8181,8181,106,339,0
12086,12086,6,226,0
6476,6476,53,381,0
10963,10963,81,44,0
10421,10421,273,106,0
3406,3406,172,177,1
5991,5991,269,406,1
6328,6328,60,325,0
8532,8532,185,384,0
2565,2565,118,239,1
2581,2581,119,124,1
10053,10053,209,79,0
2607,2607,119,233,1
12091,12091,73,233,0
2104,2104,110,115,1
11432,11432,301,181,0
9389,9389,222,46,0
11249,11249,202,136,0
4994,4994,24,32,1
9217,9217,74,267,0
5057,5057,25,52,1
658,658,88,237,1
4434,4434,350,371,1
11681,11681,5,105,0
3816,3816,131,337,1
6773,6773,239,268,0
11591,11591,72,202,0
7260,7260,114,205,0
3904,3904,267,338,1
10946,10946,3,181,0
6811,6811,242,182,0
8878,8878,166,31,0
3700,3700,240,243,1
9406,9406,226,411,0
1788,1788,104,239,1
6314,6314,278,101,0
3645,3645,235,248,1
1776,1776,104,175,1
192,192,81,289,1
11282,11282,344,258,0
11628,11628,259,312,0
5388,5388,34,41,1
8473,8473,98,328,0
4951,4951,23,33,1
2687,2687,121,168,1
4390,4390,349,356,1
4927,4927,22,54,1
5552,5552,39,50,1
9615,9615,88,190,0
238,238,153,294,1
11393,11393,68,107,0
8430,8430,85,253,0
6901,6901,348,64,0
9012,9012,151,248,0
12187,12187,173,61,0
8912,8912,124,384,0
5097,5097,26,50,1
8910,8910,113,368,0
9192,9192,281,261,0
8617,8617,177,371,0
3552,3552,230,240,1
12267,12267,231,255,0
3360,3360,170,236,1
5628,5628,42,45,1
7751,7751,320,382,0
5783,5783,48,201,1
4507,4507,353,363,1
11047,11047,218,83,0
146,146,77,146,1
9443,9443,99,65,0
2294,2294,113,171,1
7178,7178,242,61,0
8926,8926,53,330,0
11656,11656,141,122,0
10211,10211,353,159,0
7081,7081,278,219,0
4733,4733,364,369,1
4384,4384,349,350,1
10443,10443,413,405,0
4545,4545,354,376,1
596,596,88,92,1
11659,11659,118,44,0
8672,8672,110,272,0
5164,5164,28,36,1
11241,11241,217,370,0
1647,1647,102,173,1
6815,6815,184,386,0
2700,2700,121,233,1
1700,1700,103,162,1
2773,2773,123,165,1
6968,6968,117,256,0
8143,8143,9,134,0
6219,6219,119,251,0
86,86,72,279,1
10087,10087,147,48,0
10063,10063,111,391,0
10765,10765,223,18,0
2594,2594,119,168,1
1029,1029,93,176,1
136,136,76,145,1
6972,6972,314,266,0
7024,7024,297,180,0
2854,2854,125,161,1
1200,1200,96,100,1
6121,6121,196,197,1
9486,9486,312,335,0
6296,6296,164,360,0
3927,3927,267,361,1
10857,10857,37,65,0
3606,3606,233,240,1
10957,10957,321,389,0
2330,2330,114,123,1
2187,2187,111,173,1
195,195,150,219,1
5059,5059,25,54,1
802,802,90,174,1
2668,2668,120,247,1
241,241,16,223,1
2068,2068,109,167,1
8479,8479,208,38,0
10763,10763,210,272,0
644,644,88,171,1
5103,5103,26,56,1
1637,1637,102,163,1
7552,7552,75,339,0
8312,8312,373,189,0
3074,3074,161,238,1
7296,7296,135,321,0
3278,3278,167,241,1
8003,8003,145,77,0
4970,4970,23,52,1
8765,8765,147,327,0
8326,8326,293,406,0
6915,6915,17,407,0
8613,8613,82,376,0
7829,7829,295,268,0
62,62,70,276,1
9746,9746,333,389,0
9791,9791,40,401,0
10226,10226,338,26,0
8922,8922,187,408,0
679,679,89,97,1
2041,2041,108,307,1
5307,5307,31,201,1
9150,9150,153,319,0
3641,3641,235,244,1
10024,10024,13,257,0
3258,3258,167,169,1
1873,1873,106,118,1
4744,4744,365,366,1
2912,2912,126,230,1
4027,4027,338,378,1
5488,5488,37,45,1
10619,10619,165,192,0
8024,8024,8,128,0
7786,7786,139,411,0
11373,11373,2,369,0
6864,6864,13,221,0
489,489,86,175,1
690,690,89,108,1
602,602,88,98,1
1014,1014,93,161,1
869,869,91,165,1
1993,1993,108,119,1
7610,7610,58,257,0
5283,5283,31,41,1
4370,4370,348,366,1
1361,1361,98,122,1
1526,1526,100,235,1
1629,1629,102,124,1
1551,1551,101,111,1
8810,8810,247,303,0
11920,11920,116,402,0
1337,1337,97,307,1
3901,3901,200,378,1
5041,5041,25,36,1
8252,8252,218,400,0
9004,9004,89,196,0
5039,5039,25,34,1
2346,2346,114,170,1
11416,11416,112,65,0
5485,5485,37,42,1
10906,10906,45,334,0
5694,5694,44,62,1
5119,5119,27,31,1
5166,5166,28,38,1
1134,1134,95,105,1
8342,8342,112,38,0
4017,4017,338,368,1
2424,2424,115,248,1
4138,4138,341,372,1
859,859,91,124,1
2962,2962,127,240,1
8089,8089,208,60,0
10000,10000,123,30,0
9526,9526,349,226,0
10532,10532,39,389,0
10469,10469,287,415,0
1364,1364,98,125,1
10868,10868,125,312,0
1779,1779,104,230,1
9756,9756,32,389,0
2101,2101,110,112,1
1818,1818,105,124,1
369,369,85,105,1
4937,4937,22,132,1
5285,5285,31,43,1
8367,8367,24,321,0
9971,9971,1,161,0
7071,7071,94,30,0
2093,2093,109,244,1
7817,7817,233,201,0
1920,1920,106,248,1
82,82,4,210,1
7331,7331,42,381,0
7304,7304,370,269,0
816,816,90,240,1
4396,4396,349,362,1
6124,6124,197,264,1
4120,4120,341,354,1
9800,9800,298,103,0
1813,1813,105,119,1
1271,1271,97,101,1
2994,2994,128,233,1
9383,9383,228,160,0
6409,6409,378,326,0
2642,2642,120,169,1
8558,8558,172,391,0
2305,2305,113,234,1
8979,8979,339,37,0
10306,10306,363,52,0
4195,4195,343,356,1
10272,10272,21,186,0
3849,3849,131,370,1
12115,12115,306,371,0
11630,11630,171,193,0
11781,11781,284,294,0
3554,3554,230,242,1
2195,2195,111,233,1
2600,2600,119,174,1
6163,6163,119,407,0
1518,1518,100,175,1
8677,8677,287,200,0
9038,9038,315,199,0
6309,6309,1,39,0
5755,5755,47,57,1
5633,5633,42,50,1
8399,8399,155,110,0
11444,11444,285,109,0
7162,7162,145,161,0
9297,9297,207,98,0
12160,12160,406,229,0
1988,1988,108,114,1
7737,7737,357,265,0
517,517,87,92,1
6160,6160,59,404,0
9231,9231,213,265,0
11162,11162,154,407,0
9928,9928,209,177,0
8913,8913,77,18,0
4456,4456,351,365,1
2761,2761,122,306,1
6481,6481,4,150,0
5911,5911,57,58,1
12278,12278,114,343,0
6547,6547,14,387,0
4855,4855,21,28,1
7644,7644,98,50,0
10896,10896,177,314,0
11917,11917,146,35,0
6358,6358,72,103,0
2438,2438,116,128,1
3765,3765,259,322,1
6432,6432,209,85,0
7846,7846,353,412,0
8776,8776,90,413,0
11029,11029,4,6,0
6340,6340,6,381,0
4821,4821,372,373,1
18,18,1,275,1
3560,3560,230,248,1
3951,3951,337,343,1
49,49,207,273,1
12177,12177,6,117,0
887,887,91,235,1
6261,6261,220,34,0
7236,7236,16,155,0
6989,6989,137,7,0
6043,6043,300,301,1
3168,3168,164,175,1
2949,2949,127,175,1
1424,1424,99,117,1
139,139,145,214,1
3197,3197,165,171,1
5131,5131,27,43,1
112,112,6,143,1
8160,8160,208,332,0
11439,11439,189,335,0
4559,4559,355,366,1
4595,4595,356,379,1
4690,4690,361,374,1
7951,7951,70,344,0
3277,3277,167,240,1
4068,4068,339,379,1
4408,4408,349,374,1
8740,8740,357,412,0
10560,10560,210,100,0
451,451,86,106,1
7262,7262,149,381,0
3731,3731,243,307,1
7256,7256,351,403,0
11004,11004,39,272,0
4986,4986,23,394,1
3663,3663,237,239,1
2763,2763,123,124,1
9071,9071,203,411,0
1855,1855,105,244,1
999,999,93,115,1
389,389,85,125,1
6426,6426,220,372,0
1476,1476,100,102,1
2240,2240,112,171,1
11236,11236,93,370,0
8112,8112,291,59,0
992,992,93,108,1
7032,7032,130,181,0
4997,4997,24,35,1
3922,3922,267,356,1
2972,2972,127,307,1
6871,6871,204,311,0
9295,9295,72,123,0
4769,4769,366,378,1
1293,1293,97,123,1
4173,4173,342,370,1
2535,2535,118,126,1
11226,11226,59,257,0
1907,1907,106,235,1
10198,10198,213,323,0
11679,11679,219,374,0
6033,6033,136,272,1
7619,7619,45,303,0
1151,1151,95,122,1
1567,1567,101,127,1
3171,3171,164,230,1
7106,7106,75,34,0
4160,4160,342,357,1
4287,4287,345,379,1
2230,2230,112,161,1
174,174,11,218,1
1903,1903,106,231,1
9859,9859,207,168,0
3408,3408,172,231,1
1538,1538,100,247,1
2292,2292,113,169,1
1363,1363,98,124,1
4357,4357,348,353,1
5260,5260,30,55,1
9197,9197,347,62,0
9350,9350,206,88,0
680,680,89,98,1
9731,9731,212,152,0
3664,3664,237,240,1
1661,1661,102,239,1
508,508,86,246,1
166,166,79,148,1
10192,10192,348,262,0
10258,10258,377,194,0
7365,7365,206,46,0
1914,1914,106,242,1
7263,7263,16,127,0
11856,11856,357,270,0
11994,11994,165,36,0
7361,7361,369,133,0
1104,1104,94,230,1
9652,9652,284,183,0
5310,5310,31,394,1
9314,9314,292,121,0
5754,5754,47,56,1
152,152,9,78,1
10076,10076,339,333,0
5679,5679,44,47,1
11231,11231,73,82,0
3551,3551,230,239,1
3722,3722,242,248,1
4538,4538,354,369,1
9173,9173,3,227,0
8463,8463,7,271,0
1991,1991,108,117,1
10830,10830,85,387,0
8501,8501,118,270,0
5141,5141,27,53,1
3811,3811,20,377,1
10707,10707,131,315,0
3450,3450,173,248,1
4591,4591,356,375,1
7352,7352,142,324,0
205,205,288,290,1
6680,6680,212,387,0
2749,2749,122,237,1
8497,8497,89,315,0
1849,1849,105,238,1
11142,11142,10,334,0
3240,3240,166,234,1
9774,9774,190,390,0
3109,3109,162,237,1
5934,5934,59,62,1
10071,10071,367,203,0
5810,5810,50,55,1
8575,8575,168,361,0
5634,5634,42,51,1
4307,4307,346,366,1
3156,3156,163,306,1
6534,6534,283,119,0
10687,10687,306,323,0
10196,10196,273,104,0
3832,3832,131,353,1
10714,10714,371,304,0
4776,4776,367,373,1
7997,7997,17,129,0
4276,4276,345,368,1
11993,11993,224,328,0
8750,8750,375,185,0
11809,11809,329,381,0
278,278,18,96,1
6771,6771,368,406,0
7415,7415,60,316,0
3252,3252,166,246,1
10907,10907,306,409,0
12020,12020,386,389,0
289,289,18,107,1
3075,3075,161,239,1
10449,10449,239,318,0
8720,8720,17,29,0
270,270,18,88,1
4570,4570,355,377,1
10793,10793,168,25,0
6696,6696,16,386,0
4316,4316,346,375,1
3180,3180,164,239,1
1422,1422,99,115,1
8275,8275,365,136,0
11973,11973,186,191,0
4557,4557,355,364,1
7812,7812,172,314,0
6297,6297,31,156,0
9022,9022,367,66,0
11928,11928,288,50,0
1132,1132,95,103,1
6242,6242,291,390,0
9344,9344,382,390,0
11520,11520,11,17,0
7423,7423,144,162,0
8971,8971,117,133,0
8875,8875,92,196,0
5520,5520,38,47,1
10704,10704,155,88,0
9232,9232,86,408,0
3786,3786,20,352,1
11874,11874,105,408,0
8345,8345,280,246,0
2161,2161,111,116,1
3008,3008,128,247,1
1105,1105,94,231,1
11400,11400,294,329,0
692,692,89,110,1
4956,4956,23,38,1
8307,8307,2,353,0
4369,4369,348,365,1
2765,2765,123,126,1
3929,3929,267,363,1
10293,10293,57,415,0
12087,12087,244,131,0
7778,7778,30,413,0
628,628,88,124,1
2451,2451,116,172,1
3824,3824,131,345,1
11035,11035,165,415,0
3743,3743,246,247,1
2176,2176,111,162,1
6689,6689,58,66,0
3318,3318,169,170,1
8940,8940,136,256,0
7432,7432,145,123,0
2787,2787,123,231,1
1196,1196,95,307,1
1676,1676,103,107,1
3947,3947,337,339,1
7618,7618,141,393,0
4444,4444,351,353,1
5722,5722,45,393,1
10424,10424,0,227,0
2369,2369,114,245,1
4967,4967,23,49,1
2217,2217,112,117,1
8148,8148,244,368,0
3326,3326,169,230,1
9144,9144,95,19,0
3583,3583,232,234,1
12025,12025,282,181,0
12088,12088,274,381,0
3619,3619,234,237,1
6217,6217,91,178,0
2468,2468,116,241,1
8277,8277,101,64,0
11609,11609,108,319,0
5973,5973,201,394,1
3667,3667,237,243,1
5158,5158,28,30,1
7594,7594,235,399,0
6976,6976,278,350,0
3423,3423,172,246,1
8199,8199,327,335,0
2409,2409,115,233,1
3212,3212,165,238,1
10530,10530,233,320,0
5366,5366,33,53,1
9164,9164,306,250,0
6593,6593,131,45,0
2895,2895,126,161,1
10762,10762,253,185,0
11327,11327,287,32,0
3642,3642,235,245,1
9079,9079,211,145,0
10318,10318,197,382,0
11921,11921,243,352,0
11019,11019,415,255,0
8548,8548,159,412,0
12188,12188,288,322,0
5451,5451,36,39,1
7160,7160,374,398,0
7866,7866,34,401,0
2743,2743,122,231,1
4958,4958,23,40,1
6474,6474,281,192,0
7888,7888,48,407,0
492,492,86,230,1
1116,1116,94,242,1
5637,5637,42,54,1
10800,10800,9,253,0
12144,12144,59,328,0
9123,9123,77,91,0
11286,11286,118,341,0
6589,6589,258,327,0
11531,11531,80,244,0
7557,7557,244,352,0
9845,9845,77,185,0
5241,5241,30,36,1
12293,12293,283,164,0
2783,2783,123,175,1
9068,9068,145,409,0
1696,1696,103,127,1
5685,5685,44,53,1
2295,2295,113,172,1
5939,5939,59,393,1
7763,7763,392,412,0
3313,3313,168,246,1
4781,4781,367,378,1
8350,8350,94,400,0
10675,10675,171,56,0
7605,7605,6,108,0
215,215,82,220,1
6707,6707,298,305,0
11522,11522,65,194,0
8682,8682,141,347,0
11461,11461,287,331,0
3483,3483,175,234,1
7006,7006,212,62,0
5102,5102,26,55,1
6599,6599,80,380,0
3764,3764,188,323,1
9772,9772,142,91,0
6410,6410,82,112,0
11260,11260,247,373,0
25,25,68,274,1
7659,7659,376,63,0
10721,10721,137,240,0
11316,11316,108,375,0
10601,10601,36,331,0
6683,6683,369,159,0
10118,10118,79,241,0
8584,8584,345,227,0
10312,10312,176,389,0
10572,10572,221,105,0
11872,11872,369,300,0
10652,10652,5,328,0
1102,1102,94,176,1
3276,3276,167,239,1
5345,5345,32,393,1
11155,11155,142,257,0
10820,10820,275,131,0
8386,8386,398,401,0
8944,8944,6,119,0
12296,12296,87,312,0
2207,2207,111,245,1
4552,4552,355,359,1
4402,4402,349,368,1
7395,7395,119,43,0
3718,3718,242,244,1
972,972,92,245,1
4579,4579,356,363,1
6516,6516,145,53,0
719,719,89,168,1
6155,6155,298,266,0
11601,11601,279,160,0
2803,2803,123,247,1
2566,2566,118,240,1
4025,4025,338,376,1
6198,6198,61,334,0
8224,8224,272,314,0
10863,10863,49,386,0
4063,4063,339,374,1
2792,2792,123,236,1
2222,2222,112,122,1
5818,5818,50,63,1
3866,3866,200,343,1
9436,9436,23,409,0
10656,10656,349,330,0
3227,3227,166,169,1
4214,4214,343,375,1
3923,3923,267,357,1
9195,9195,76,223,0
1401,1401,98,245,1
7703,7703,232,29,0
4979,4979,23,61,1
3253,3253,166,247,1
10614,10614,145,287,0
2661,2661,120,240,1
2158,2158,111,113,1
8578,8578,44,382,0
8088,8088,210,386,0
674,674,89,92,1
9370,9370,279,61,0
7011,7011,8,368,0
9050,9050,187,326,0
3841,3841,131,362,1
1815,1815,105,121,1
10239,10239,95,407,0
12105,12105,280,379,0
2100,2100,110,111,1
10836,10836,342,64,0
6708,6708,235,42,0
1673,1673,103,104,1
4213,4213,343,374,1
8962,8962,369,193,0
1548,1548,101,108,1
8908,8908,150,265,0
8547,8547,83,179,0
5184,5184,28,56,1
1461,1461,99,237,1
11545,11545,380,390,0
3220,3220,165,246,1
11734,11734,373,204,0
7170,7170,358,65,0
7430,7430,215,189,0
1751,1751,104,119,1
3976,3976,337,368,1
8353,8353,126,196,0
1772,1772,104,171,1
2016,2016,108,173,1
2005,2005,108,162,1
3893,3893,200,370,1
3237,3237,166,231,1
4424,4424,350,361,1
8588,8588,248,397,0
2257,2257,112,240,1
4072,4072,340,344,1
5574,5574,40,44,1
11696,11696,54,382,0
5355,5355,33,42,1
8418,8418,25,135,0
6093,6093,187,320,1
7935,7935,149,85,0
9968,9968,374,316,0
1519,1519,100,176,1
10061,10061,43,327,0
1378,1378,98,170,1
5672,5672,43,132,1
2587,2587,119,161,1
12013,12013,237,272,0
5621,5621,41,132,1
12121,12121,288,272,0
10134,10134,0,41,0
5842,5842,52,54,1
7122,7122,11,396,0
5832,5832,51,60,1
4888,4888,21,61,1
5904,5904,56,62,1
522,522,87,97,1
8043,8043,4,365,0
3607,3607,233,241,1
234,234,84,153,1
3796,3796,20,362,1
6318,6318,5,18,0
7094,7094,373,196,0
1948,1948,107,164,1
6361,6361,120,130,0
11562,11562,7,265,0
6091,6091,257,319,1
11170,11170,107,389,0
2224,2224,112,124,1
5571,5571,40,41,1
4523,4523,353,379,1
5793,5793,49,56,1
10807,10807,255,398,0
5738,5738,46,61,1
2624,2624,119,307,1
4728,4728,363,379,1
7818,7818,215,135,0
8859,8859,299,395,0
12198,12198,360,313,0
11209,11209,372,42,0
9165,9165,368,269,0
2437,2437,116,127,1
6056,6056,178,249,1
6352,6352,72,121,0
3167,3167,164,174,1
1809,1809,105,115,1
9963,9963,297,394,0
7161,7161,277,14,0
5086,5086,26,39,1
10020,10020,179,410,0
7016,7016,186,193,0
9602,9602,33,193,0
4945,4945,23,27,1
6046,6046,226,302,1
11385,11385,322,329,0
6919,6919,90,357,0
5590,5590,40,60,1
7226,7226,348,305,0
1228,1228,96,128,1
9490,9490,79,80,0
6846,6846,316,403,0
8244,8244,217,358,0
6555,6555,84,263,0
159,159,147,216,1
8851,8851,297,46,0
1589,1589,101,232,1
12108,12108,273,300,0
11669,11669,232,64,0
11646,11646,359,326,0
11478,11478,340,329,0
6687,6687,101,58,0
11491,11491,198,388,0
9275,9275,262,332,0
7480,7480,90,387,0
11388,11388,148,119,0
1556,1556,101,116,1
2828,2828,124,177,1
436,436,86,91,1
5789,5789,49,52,1
10043,10043,240,365,0
1588,1588,101,231,1
7398,7398,155,367,0
2780,2780,123,172,1
11040,11040,294,192,0
5686,5686,44,54,1
3965,3965,337,357,1
4727,4727,363,378,1
1238,1238,96,169,1
2951,2951,127,177,1
8993,8993,133,332,0
10256,10256,274,258,0
1497,1497,100,123,1
6465,6465,94,264,0
7355,7355,243,226,0
7823,7823,8,117,0
7547,7547,292,99,0
7913,7913,86,157,0
10533,10533,90,131,0
5185,5185,28,57,1
5647,5647,42,132,1
11555,11555,128,328,0
5242,5242,30,37,1
2130,2130,110,172,1
2092,2092,109,243,1
5409,5409,34,62,1
187,187,12,290,1
7938,7938,112,43,0
3655,3655,236,244,1
3426,3426,172,306,1
11158,11158,292,85,0
1381,1381,98,173,1
9617,9617,148,300,0
8605,8605,239,254,0
7427,7427,4,266,0
5037,5037,25,32,1
4897,4897,22,24,1
3175,3175,164,234,1
9819,9819,107,401,0
8448,8448,150,55,0
12178,12178,240,257,0
9796,9796,93,312,0
2235,2235,112,166,1
8068,8068,45,182,0
4236,4236,344,362,1
9140,9140,281,29,0
9426,9426,290,362,0
24,24,68,273,1
3363,3363,170,239,1
1088,1088,94,162,1
8733,8733,121,335,0
11256,11256,136,192,0
2841,2841,124,242,1
7537,7537,285,369,0
7470,7470,281,67,0
11460,11460,162,260,0
4152,4152,342,349,1
695,695,89,113,1
11285,11285,322,270,0
6337,6337,339,28,0
1227,1227,96,127,1
1999,1999,108,125,1
276,276,18,94,1
5929,5929,58,268,1
2953,2953,127,231,1
3637,3637,235,240,1
3906,3906,267,340,1
4778,4778,367,375,1
5845,5845,52,57,1
11932,11932,338,205,0
4117,4117,341,351,1
1137,1137,95,108,1
2767,2767,123,128,1
8182,8182,4,267,0
9770,9770,1,10,0
7661,7661,140,164,0
9159,9159,4,50,0
2490,2490,117,161,1
11911,11911,124,318,0
7742,7742,4,406,0
3935,3935,267,369,1
2384,2384,115,125,1
8016,8016,168,370,0
7084,7084,128,159,0
115,115,6,213,1
1863,1863,106,108,1
3119,3119,162,247,1
4258,4258,345,350,1
11351,11351,141,88,0
2819,2819,124,168,1
9391,9391,367,182,0
11550,11550,202,254,0
11171,11171,75,385,0
4699,4699,362,366,1
3802,3802,20,368,1
6068,6068,251,311,1
3536,3536,177,244,1
3825,3825,131,346,1
6642,6642,27,304,0
10632,10632,151,300,0
1946,1946,107,162,1
10737,10737,152,51,0
9401,9401,294,193,0
10255,10255,402,409,0
7269,7269,206,404,0
9611,9611,40,332,0
7929,7929,298,356,0
7166,7166,73,329,0
6963,6963,121,397,0
5867,5867,53,132,1
4761,4761,366,370,1
882,882,91,230,1
557,557,87,163,1
9982,9982,174,375,0
1207,1207,96,107,1
7684,7684,125,134,0
9675,9675,125,255,0
6538,6538,208,108,0
3211,3211,165,237,1
3630,3630,234,248,1
1708,1708,103,170,1
8458,8458,73,349,0
1140,1140,95,111,1
3162,3162,164,169,1
6207,6207,141,153,0
3730,3730,243,306,1
2660,2660,120,239,1
8848,8848,129,185,0
1307,1307,97,168,1
2567,2567,118,241,1
2834,2834,124,235,1
11778,11778,249,411,0
2151,2151,110,245,1
9609,9609,294,240,0
3835,3835,131,356,1
11929,11929,137,216,0
12166,12166,10,52,0
10108,10108,294,333,0
5004,5004,24,42,1
6626,6626,156,410,0
1627,1627,102,122,1
10621,10621,54,411,0
12068,12068,96,63,0
358,358,85,94,1
138,138,76,283,1
8491,8491,145,334,0
382,382,85,118,1
9287,9287,209,221,0
4857,4857,21,30,1
11429,11429,50,397,0
1439,1439,99,163,1
946,946,92,167,1
5498,5498,37,55,1
4916,4916,22,43,1
8556,8556,52,184,0
1932,1932,107,117,1
2352,2352,114,176,1
3236,3236,166,230,1
10179,10179,383,387,0
3807,3807,20,373,1
1936,1936,107,121,1
11495,11495,355,385,0
4154,4154,342,351,1
8988,8988,213,230,0
2416,2416,115,240,1
9428,9428,415,190,0
6139,6139,265,330,1
785,785,90,126,1
6789,6789,150,378,0
8036,8036,246,372,0
8315,8315,155,157,0
12101,12101,212,374,0
5668,5668,43,60,1
2172,2172,111,127,1
2169,2169,111,124,1
6628,6628,173,336,0
4009,4009,338,360,1
4340,4340,347,367,1
910,910,92,100,1
6268,6268,9,242,0
2309,2309,113,238,1
6591,6591,88,135,0
4458,4458,351,367,1
7597,7597,89,335,0
9468,9468,145,181,0
11479,11479,150,152,0
4652,4652,359,373,1
6218,6218,216,196,0
442,442,86,97,1
3415,3415,172,238,1
11289,11289,206,224,0
9441,9441,138,414,0
9653,9653,252,199,0
5744,5744,46,393,1
1054,1054,94,97,1
3699,3699,240,242,1
929,929,92,119,1
6468,6468,362,203,0
8767,8767,222,235,0
1829,1829,105,166,1
9525,9525,211,59,0
10014,10014,125,364,0
2011,2011,108,168,1
913,913,92,103,1
7611,7611,279,309,0
10128,10128,283,254,0
9487,9487,213,96,0
2606,2606,119,232,1
4928,4928,22,55,1
6564,6564,200,225,0
10017,10017,116,334,0
6,6,0,207,1
7835,7835,125,409,0
6583,6583,155,306,0
3361,3361,170,237,1
9604,9604,180,262,0
1635,1635,102,161,1
1141,1141,95,112,1
359,359,85,95,1
2070,2070,109,169,1
3134,3134,163,175,1
5160,5160,28,32,1
6990,6990,126,383,0
3243,3243,166,237,1
2242,2242,112,173,1
1474,1474,99,307,1
10562,10562,69,271,0
3259,3259,167,170,1
4020,4020,338,371,1
10862,10862,193,408,0
8566,8566,366,399,0
3500,3500,176,177,1
2658,2658,120,237,1
10389,10389,232,196,0
1130,1130,95,101,1
1819,1819,105,125,1
7461,7461,154,26,0
11810,11810,225,317,0
9629,9629,136,316,0
11147,11147,46,329,0
7064,7064,346,399,0
4318,4318,346,377,1
4669,4669,360,371,1
5476,5476,36,132,1
12103,12103,208,223,0
10786,10786,218,67,0
1856,1856,105,245,1
2282,2282,113,128,1
12218,12218,88,354,0
4008,4008,338,359,1
6401,6401,276,331,0
12212,12212,369,318,0
11402,11402,365,412,0
386,386,85,122,1
1628,1628,102,123,1
10362,10362,277,133,0
11467,11467,105,385,0
7718,7718,306,354,0
9463,9463,20,272,0
12266,12266,212,233,0
9101,9101,55,395,0
1842,1842,105,231,1
2497,2497,117,168,1
201,201,219,289,1
9885,9885,173,331,0
3868,3868,200,345,1
5054,5054,25,49,1
5889,5889,55,59,1
2702,2702,121,235,1
7922,7922,94,260,0
331,331,18,232,1
3808,3808,20,374,1
935,935,92,125,1
1774,1774,104,173,1
9695,9695,104,271,0
8611,8611,182,184,0
11246,11246,355,186,0
989,989,93,105,1
5443,5443,35,63,1
12252,12252,304,311,0
6993,6993,20,181,0
10515,10515,120,20,0
5806,5806,50,51,1
10750,10750,120,34,0
10706,10706,33,387,0
6574,6574,279,14,0
3052,3052,161,164,1
12255,12255,257,405,0
8365,8365,361,133,0
4615,4615,357,377,1
3321,3321,169,173,1
11871,11871,98,363,0
6246,6246,369,410,0
6048,6048,158,303,1
3311,3311,168,244,1
9583,9583,95,227,0
11536,11536,78,62,0
8210,8210,215,264,0
3628,3628,234,246,1
10899,10899,85,384,0
1356,1356,98,117,1
5002,5002,24,40,1
9565,9565,360,57,0
5823,5823,50,394,1
11691,11691,371,60,0
5670,5670,43,62,1
3112,3112,162,240,1
182,182,12,81,1
10894,10894,282,179,0
855,855,91,120,1
10369,10369,363,409,0
4912,4912,22,39,1
10505,10505,47,398,0
1800,1800,105,106,1
11380,11380,235,303,0
5482,5482,37,39,1
10251,10251,218,107,0
1968,1968,107,236,1
10244,10244,78,202,0
10025,10025,58,330,0
4697,4697,362,364,1
4987,4987,24,25,1
4650,4650,359,371,1
1159,1159,95,161,1
9537,9537,310,266,0
1325,1325,97,238,1
12189,12189,72,308,0
4796,4796,369,372,1
6796,6796,67,263,0
5808,5808,50,53,1
12141,12141,219,155,0
1455,1455,99,231,1
5410,5410,34,63,1
8333,8333,215,290,0
2800,2800,123,244,1
7616,7616,175,61,0
11001,11001,155,235,0
7815,7815,105,48,0
4378,4378,348,374,1
8921,8921,369,26,0
10027,10027,235,226,0
6716,6716,9,237,0
3736,3736,244,306,1
2261,2261,112,244,1
7429,7429,336,407,0
4005,4005,338,356,1
9302,9302,225,383,0
2394,2394,115,166,1
1185,1185,95,239,1
2007,2007,108,164,1
193,193,81,290,1
8770,8770,61,388,0
5525,5525,38,52,1
771,771,90,112,1
1478,1478,100,104,1
1846,1846,105,235,1
3740,3740,245,248,1
7986,7986,124,323,0
405,405,85,172,1
11736,11736,206,63,0
11698,11698,291,30,0
6317,6317,279,250,0
6581,6581,206,315,0
1447,1447,99,171,1
342,342,18,243,1
7468,7468,5,55,0
727,727,89,176,1
4577,4577,356,361,1
9168,9168,250,194,0
9250,9250,272,317,0
3516,3516,176,245,1
10934,10934,121,198,0
9926,9926,291,155,0
7156,7156,104,30,0
7851,7851,304,327,0
1348,1348,98,109,1
660,660,88,239,1
1492,1492,100,118,1
10489,10489,258,329,0
5154,5154,27,268,1
11790,11790,203,320,0
9277,9277,333,410,0
2524,2524,117,247,1
9485,9485,145,397,0
10418,10418,44,332,0
5374,5374,33,61,1
3198,3198,165,172,1
5717,5717,45,62,1
9379,9379,106,179,0
11186,11186,100,349,0
10115,10115,37,66,0
8259,8259,291,42,0
9895,9895,240,268,0
40,40,138,206,1
10870,10870,43,194,0
6816,6816,222,373,0
10388,10388,155,260,0
10042,10042,292,264,0
2723,2723,122,128,1
11968,11968,171,398,0
10549,10549,50,382,0
9335,9335,71,336,0
11977,11977,308,318,0
7155,7155,276,372,0
10383,10383,114,30,0
11341,11341,86,28,0
7230,7230,72,20,0
5075,5075,26,28,1
7880,7880,238,64,0
5394,5394,34,47,1
10520,10520,68,90,0
7789,7789,414,226,0
11715,11715,267,160,0
4088,4088,340,360,1
1967,1967,107,235,1
11049,11049,92,41,0
10829,10829,220,40,0
11804,11804,75,174,0
6999,6999,354,133,0
423,423,85,242,1
11397,11397,257,412,0
11694,11694,172,49,0
10551,10551,273,224,0
6142,6142,329,330,1
5661,5661,43,53,1
9031,9031,93,263,0
4596,4596,357,358,1
2659,2659,120,238,1
141,141,214,283,1
2597,2597,119,171,1
6701,6701,84,242,0
1377,1377,98,169,1
3674,3674,237,307,1
12175,12175,369,181,0
6362,6362,341,265,0
11517,11517,44,189,0
4741,4741,364,377,1
1138,1138,95,109,1
7374,7374,12,253,0
1787,1787,104,238,1
12100,12100,10,255,0
4646,4646,359,367,1
7568,7568,223,61,0
459,459,86,114,1
6115,6115,194,327,1
8179,8179,150,241,0
948,948,92,169,1
6370,6370,372,315,0
4628,4628,358,369,1
7358,7358,296,392,0
5925,5925,58,62,1
6040,6040,156,301,1
441,441,86,96,1
6659,6659,401,410,0
8831,8831,239,136,0
9046,9046,284,118,0
3830,3830,131,351,1
11556,11556,137,70,0
6144,6144,329,332,1
11124,11124,121,330,0
6344,6344,241,47,0
1958,1958,107,174,1
9262,9262,142,329,0
155,155,9,285,1
9808,9808,142,300,0
4578,4578,356,362,1
1089,1089,94,163,1
6049,6049,227,303,1
11258,11258,36,257,0
9122,9122,10,106,0
7950,7950,363,60,0
1674,1674,103,105,1
6763,6763,214,384,0
10305,10305,361,408,0
6416,6416,91,262,0
11767,11767,303,196,0
2326,2326,114,119,1
7096,7096,275,321,0
10564,10564,172,28,0
9688,9688,67,402,0
6450,6450,294,158,0
1715,1715,103,177,1
9172,9172,171,226,0
8381,8381,238,63,0
9433,9433,316,328,0
3831,3831,131,352,1
6299,6299,81,366,0
3348,3348,170,172,1
11709,11709,217,20,0
9177,9177,323,42,0
587,587,87,245,1
9346,9346,286,324,0
11713,11713,17,303,0
2990,2990,128,177,1
11413,11413,83,134,0
9729,9729,105,52,0
10909,10909,117,308,0
264,264,297,298,1
9713,9713,120,403,0
6788,6788,153,255,0
10472,10472,143,260,0
3864,3864,200,341,1
6274,6274,241,185,0
12060,12060,345,301,0
3711,3711,241,245,1
8438,8438,72,405,0
1529,1529,100,238,1
10095,10095,355,187,0
923,923,92,113,1
9672,9672,151,196,0
7329,7329,74,304,0
4364,4364,348,360,1
669,669,88,248,1
3604,3604,233,238,1
5108,5108,26,61,1
11070,11070,68,223,0
5248,5248,30,43,1
7183,7183,105,256,0
2591,2591,119,165,1
5906,5906,56,132,1
6509,6509,70,335,0
7133,7133,90,267,0
2307,2307,113,236,1
8804,8804,155,268,0
3690,3690,239,243,1
687,687,89,105,1
612,612,88,108,1
7167,7167,345,29,0
9724,9724,375,29,0
3200,3200,165,174,1
6629,6629,60,412,0
4135,4135,341,369,1
1898,1898,106,174,1
282,282,18,100,1
258,258,224,297,1
11593,11593,363,192,0
4943,4943,23,25,1
2822,2822,124,171,1
3525,3525,177,233,1
11884,11884,180,405,0
5223,5223,29,56,1
2285,2285,113,162,1
6063,6063,179,310,1
8078,8078,286,118,0
4654,4654,359,375,1
5000,5000,24,38,1
6710,6710,34,388,0
11472,11472,3,396,0
8676,8676,348,334,0
5416,5416,35,36,1
475,475,86,161,1
2555,2555,118,177,1
8087,8087,69,319,0
7,7,0,273,1
6411,6411,161,198,0
11267,11267,242,373,0
10960,10960,342,396,0
5546,5546,39,44,1
2426,2426,115,307,1
6744,6744,220,48,0
11847,11847,166,327,0
2274,2274,113,120,1
9203,9203,174,339,0
1577,1577,101,168,1
7264,7264,146,285,0
9259,9259,350,62,0
3970,3970,337,362,1
5879,5879,54,62,1
10356,10356,102,327,0
11576,11576,277,17,0
7193,7193,19,332,0
3867,3867,200,344,1
11583,11583,179,329,0
6823,6823,110,203,0
7548,7548,31,160,0
781,781,90,122,1
1749,1749,104,117,1
6519,6519,349,38,0
5774,5774,48,56,1
9283,9283,265,409,0
9369,9369,305,316,0
2324,2324,114,117,1
5055,5055,25,50,1
11083,11083,13,255,0
1727,1727,103,241,1
610,610,88,106,1
4666,4666,360,368,1
5413,5413,34,268,1
8103,8103,161,369,0
8174,8174,208,32,0
8535,8535,187,402,0
3750,3750,248,306,1
97,97,73,142,1
6985,6985,79,226,0
3137,3137,163,230,1
1537,1537,100,246,1
3648,3648,236,237,1
1517,1517,100,174,1
11503,11503,224,378,0
4624,4624,358,365,1
6566,6566,235,351,0
2090,2090,109,241,1
7097,7097,382,398,0
6171,6171,273,179,0
7521,7521,142,362,0
572,572,87,230,1
11793,11793,287,346,0
3062,3062,161,174,1
597,597,88,93,1
6633,6633,290,335,0
11597,11597,319,196,0
7875,7875,238,252,0
7345,7345,274,396,0
6304,6304,57,194,0
9881,9881,298,383,0
11612,11612,26,321,0
5976,5976,393,394,1
8562,8562,316,195,0
1938,1938,107,123,1
8100,8100,373,327,0
1753,1753,104,121,1
3670,3670,237,246,1
9887,9887,94,328,0
2361,2361,114,237,1
4260,4260,345,352,1
5432,5432,35,52,1
6285,6285,143,379,0
9697,9697,217,104,0
11644,11644,76,43,0
10926,10926,215,222,0
10526,10526,208,105,0
10197,10197,280,103,0
5591,5591,40,61,1
1171,1171,95,173,1
7927,7927,91,179,0
10446,10446,132,303,0
11504,11504,22,194,0
9953,9953,280,259,0
11266,11266,349,41,0
874,874,91,170,1
2297,2297,113,174,1
11780,11780,219,27,0
2643,2643,120,170,1
5347,5347,33,34,1
9032,9032,313,387,0
12223,12223,40,225,0
581,581,87,239,1
204,204,288,289,1
7896,7896,368,414,0
2014,2014,108,171,1
905,905,92,95,1
631,631,88,127,1
8461,8461,3,168,0
10254,10254,240,157,0
1974,1974,107,242,1
162,162,10,79,1
4998,4998,24,36,1
10144,10144,139,223,0
9557,9557,119,257,0
4713,4713,363,364,1
9067,9067,370,197,0
1431,1431,99,124,1
6868,6868,177,19,0
11235,11235,84,318,0
7710,7710,223,169,0
7736,7736,88,64,0
4283,4283,345,375,1
7531,7531,121,27,0
9799,9799,70,46,0
3384,3384,171,233,1
11770,11770,88,38,0
9995,9995,144,233,0
10252,10252,402,407,0
7462,7462,115,182,0
3331,3331,169,235,1
6404,6404,5,60,0
8895,8895,125,32,0
2096,2096,109,247,1
10328,10328,363,202,0
7999,7999,151,167,0
5017,5017,24,55,1
8738,8738,10,268,0
1449,1449,99,173,1
6900,6900,101,67,0
2610,2610,119,236,1
1900,1900,106,176,1
8186,8186,406,180,0
3920,3920,267,354,1
2757,2757,122,245,1
6397,6397,4,32,0
10662,10662,67,403,0
2097,2097,109,248,1
8329,8329,124,391,0
11624,11624,319,263,0
5624,5624,41,393,1
9028,9028,321,199,0
3471,3471,174,245,1
8266,8266,35,314,0
2171,2171,111,126,1
11352,11352,343,252,0
11293,11293,106,388,0
8590,8590,48,192,0
2010,2010,108,167,1
12045,12045,119,63,0
1283,1283,97,113,1
11816,11816,210,256,0
1019,1019,93,166,1
9518,9518,217,302,0
8667,8667,223,251,0
2810,2810,124,128,1
10615,10615,208,19,0
1651,1651,102,177,1
11832,11832,107,391,0
1169,1169,95,171,1
9398,9398,102,402,0
6256,6256,312,332,0
5469,5469,36,57,1
10741,10741,83,178,0
867,867,91,163,1
5093,5093,26,46,1
5433,5433,35,53,1
541,541,87,116,1
9324,9324,9,169,0
12104,12104,150,47,0
6354,6354,221,323,0
11483,11483,95,325,0
3390,3390,171,239,1
9892,9892,296,50,0
12222,12222,283,112,0
3959,3959,337,351,1
6643,6643,200,184,0
6841,6841,298,269,0
10190,10190,368,401,0
3586,3586,232,237,1
9936,9936,166,179,0
2563,2563,118,237,1
5036,5036,25,31,1
1080,1080,94,123,1
5891,5891,55,61,1
4966,4966,23,48,1
2023,2023,108,232,1
11046,11046,65,158,0
7909,7909,16,368,0
10731,10731,8,415,0
7321,7321,97,383,0
226,226,83,293,1
1013,1013,93,129,1
1929,1929,107,114,1
10311,10311,108,266,0
5251,5251,30,46,1
9596,9596,258,335,0
2179,2179,111,165,1
697,697,89,115,1
1124,1124,94,307,1
7378,7378,163,46,0
10088,10088,372,380,0
5110,5110,26,63,1
7902,7902,277,323,0
1778,1778,104,177,1
9812,9812,87,392,0
2634,2634,120,161,1
7544,7544,198,412,0
7604,7604,200,38,0
3489,3489,175,240,1
1037,1037,93,236,1
10054,10054,312,318,0
8505,8505,107,192,0
2649,2649,120,176,1
2979,2979,128,166,1
2547,2547,118,169,1
5132,5132,27,44,1
2159,2159,111,114,1
9114,9114,341,59,0
6445,6445,210,214,0
3967,3967,337,359,1
1428,1428,99,121,1
10346,10346,216,408,0
2520,2520,117,243,1
8033,8033,283,371,0
10617,10617,158,263,0
12145,12145,106,61,0
448,448,86,103,1
10434,10434,278,35,0
9476,9476,155,168,0
5995,5995,65,204,1
9880,9880,217,29,0
3727,3727,243,246,1
7353,7353,90,310,0
8553,8553,221,391,0
6279,6279,64,401,0
10990,10990,179,405,0
7295,7295,168,196,0
9496,9496,21,334,0
6251,6251,77,174,0
5926,5926,58,63,1
2460,2460,116,233,1
22,22,68,206,1
2066,2066,109,165,1
1653,1653,102,231,1
8894,8894,153,365,0
8706,8706,57,266,0
1376,1376,98,168,1
1724,1724,103,238,1
3754,3754,19,188,1
8652,8652,134,403,0
4183,4183,343,344,1
4082,4082,340,354,1
9678,9678,286,408,0
8474,8474,295,377,0
6579,6579,59,334,0
4558,4558,355,365,1
3537,3537,177,245,1
7003,7003,254,262,0
9560,9560,240,67,0
11651,11651,289,96,0
10117,10117,237,379,0
8789,8789,373,28,0
646,646,88,173,1
6381,6381,74,254,0
7527,7527,306,31,0
11931,11931,207,117,0
7165,7165,172,201,0
9820,9820,42,266,0
7697,7697,90,343,0
11571,11571,32,159,0
4875,4875,21,48,1
10569,10569,223,127,0
5341,5341,32,63,1
10496,10496,103,36,0
7031,7031,208,103,0
2160,2160,111,115,1
685,685,89,103,1
2461,2461,116,234,1
7128,7128,128,395,0
6267,6267,282,100,0
4941,4941,22,394,1
5946,5946,60,268,1
4583,4583,356,367,1
5784,5784,48,268,1
7569,7569,108,356,0
10479,10479,7,51,0
521,521,87,96,1
8714,8714,27,187,0
10981,10981,166,272,0
3983,3983,337,375,1
11766,11766,222,168,0
780,780,90,121,1
10104,10104,27,196,0
5607,5607,41,50,1
5978,5978,64,134,1
8843,8843,270,335,0
3747,3747,247,248,1
2196,2196,111,234,1
8561,8561,413,316,0
12161,12161,105,22,0
4285,4285,345,377,1
8569,8569,173,318,0
9805,9805,205,328,0
6979,6979,219,185,0
1827,1827,105,164,1
9154,9154,229,330,0
11903,11903,94,305,0
2376,2376,115,117,1
8551,8551,320,407,0
3839,3839,131,360,1
1246,1246,96,177,1
7504,7504,414,255,0
6511,6511,307,409,0
12128,12128,277,376,0
5439,5439,35,59,1
11366,11366,47,184,0
8964,8964,125,341,0
11958,11958,167,413,0
5510,5510,37,393,1
5330,5330,32,52,1
4531,4531,354,362,1
365,365,85,101,1
12283,12283,99,63,0
147,147,77,215,1
1668,1668,102,246,1
10878,10878,74,179,0
7650,7650,176,370,0
8599,8599,231,311,0
7788,7788,236,180,0
3456,3456,174,230,1
3271,3271,167,234,1
4940,4940,22,393,1
9223,9223,7,158,0
6230,6230,87,185,0
10950,10950,4,262,0
9973,9973,295,106,0
9047,9047,60,227,0
3926,3926,267,360,1
10510,10510,292,228,0
8080,8080,309,397,0
78,78,140,278,1
7088,7088,290,46,0
2247,2247,112,230,1
10145,10145,237,182,0
12239,12239,306,319,0
11173,11173,198,381,0
7451,7451,293,164,0
8980,8980,378,37,0
2279,2279,113,125,1
8123,8123,6,233,0
3897,3897,200,374,1
9909,9909,149,311,0
7177,7177,17,369,0
9312,9312,274,239,0
11631,11631,8,319,0
3631,3631,234,306,1
10606,10606,123,376,0
6272,6272,278,159,0
8616,8616,175,48,0
392,392,85,128,1
3191,3191,164,307,1
16,16,1,273,1
4200,4200,343,361,1
2672,2672,121,122,1
6164,6164,207,383,0
3493,3493,175,244,1
9651,9651,273,23,0
7394,7394,253,390,0
4839,4839,375,376,1
593,593,88,89,1
11456,11456,84,99,0
8737,8737,69,91,0
5827,5827,51,55,1
7961,7961,146,345,0
5887,5887,55,57,1
2355,2355,114,231,1
6036,6036,205,415,1
4798,4798,369,374,1
11746,11746,117,225,0
4592,4592,356,376,1
8656,8656,124,357,0
163,163,10,148,1
11392,11392,294,358,0
11605,11605,307,397,0
12029,12029,12,183,0
7380,7380,257,401,0
12251,12251,4,156,0
6356,6356,69,336,0
9092,9092,372,398,0
5542,5542,39,40,1
6007,6007,135,203,1
7993,7993,109,260,0
7638,7638,339,159,0
6793,6793,145,127,0
7758,7758,276,378,0
4837,4837,374,378,1
2293,2293,113,170,1
6548,6548,285,193,0
7898,7898,119,363,0
4481,4481,352,363,1
3716,3716,241,307,1
6140,6140,265,331,1
1549,1549,101,109,1
2044,2044,109,112,1
767,767,90,108,1
5693,5693,44,61,1
7870,7870,69,56,0
9700,9700,362,42,0
7857,7857,127,205,0
3302,3302,168,235,1
4517,4517,353,373,1
11156,11156,78,384,0
9937,9937,350,304,0
3292,3292,168,173,1
9011,9011,206,218,0
1403,1403,98,247,1
1382,1382,98,174,1
6928,6928,214,90,0
5671,5671,43,63,1
1638,1638,102,164,1
12052,12052,168,63,0
6907,6907,219,299,0
8591,8591,7,319,0
6406,6406,10,232,0
9074,9074,123,384,0
1179,1179,95,233,1
5448,5448,35,394,1
5078,5078,26,31,1
8648,8648,151,305,0
5175,5175,28,47,1
689,689,89,107,1
10889,10889,11,325,0
6525,6525,279,373,0
12082,12082,198,383,0
6488,6488,175,377,0
7154,7154,86,387,0
11315,11315,283,411,0
6610,6610,168,21,0
10536,10536,174,314,0
4349,4349,347,376,1
1884,1884,106,129,1
10629,10629,77,349,0
2494,2494,117,165,1
5947,5947,60,393,1
3036,3036,129,237,1
5777,5777,48,59,1
845,845,91,110,1
8734,8734,246,316,0
7967,7967,293,264,0
12117,12117,215,365,0
7340,7340,120,395,0
11069,11069,367,388,0
10180,10180,288,200,0
7137,7137,131,381,0
2964,2964,127,242,1
2529,2529,118,120,1
5772,5772,48,54,1
1048,1048,93,247,1
7045,7045,148,256,0
1960,1960,107,176,1
2530,2530,118,121,1
8429,8429,198,384,0
4917,4917,22,44,1
9325,9325,98,130,0
5901,5901,56,59,1
8286,8286,413,262,0
4259,4259,345,351,1
10544,10544,110,22,0
5656,5656,43,48,1
6097,6097,320,321,1
5907,5907,56,201,1
7373,7373,204,300,0
2978,2978,128,165,1
10898,10898,97,393,0
11440,11440,413,302,0
6721,6721,169,63,0
7842,7842,163,402,0
8264,8264,278,394,0
10791,10791,221,369,0
3138,3138,163,231,1
8325,8325,14,99,0
12217,12217,286,349,0
1826,1826,105,163,1
5548,5548,39,46,1
8785,8785,118,264,0
560,560,87,166,1
10835,10835,148,306,0
8435,8435,13,59,0
5435,5435,35,55,1
4437,4437,350,374,1
8597,8597,72,253,0
1442,1442,99,166,1
8453,8453,60,254,0
4406,4406,349,372,1
11729,11729,41,195,0
1689,1689,103,120,1
12143,12143,299,409,0
9917,9917,285,22,0
11054,11054,11,357,0
5962,5962,63,132,1
2496,2496,117,167,1
10068,10068,108,202,0
340,340,18,241,1
2408,2408,115,232,1
9793,9793,80,37,0
10266,10266,93,41,0
5782,5782,48,132,1
4576,4576,356,360,1
3725,3725,243,244,1
2785,2785,123,177,1
9715,9715,347,391,0
1012,1012,93,128,1
5280,5280,31,38,1
4895,4895,21,394,1
9958,9958,158,318,0
7121,7121,239,319,0
6549,6549,79,389,0
4037,4037,339,348,1
148,148,77,284,1
285,285,18,103,1
11879,11879,376,34,0
8555,8555,215,361,0
10332,10332,379,315,0
9732,9732,72,377,0
6770,6770,291,404,0
4443,4443,351,352,1
7446,7446,144,63,0
236,236,84,294,1
11803,11803,149,251,0
7123,7123,260,411,0
10264,10264,3,303,0
3083,3083,161,247,1
632,632,88,128,1
6813,6813,12,337,0
2493,2493,117,164,1
2665,2665,120,244,1
10439,10439,378,56,0
10511,10511,13,175,0
10349,10349,164,384,0
10060,10060,242,318,0
10412,10412,112,136,0
4211,4211,343,372,1
9686,9686,403,410,0
3874,3874,200,351,1
9424,9424,0,232,0
2817,2817,124,166,1
10151,10151,144,234,0
12075,12075,246,259,0
11039,11039,298,110,0
7426,7426,279,322,0
10579,10579,99,37,0
10416,10416,157,329,0
11317,11317,212,130,0
9777,9777,5,303,0
1735,1735,103,306,1
7397,7397,10,178,0
4255,4255,345,347,1
10618,10618,187,195,0
2475,2475,116,248,1
12284,12284,168,341,0
3713,3713,241,247,1
11036,11036,44,312,0
1804,1804,105,110,1
707,707,89,125,1
11306,11306,48,251,0
5189,5189,28,61,1
5472,5472,36,60,1
72,72,3,209,1
7843,7843,360,271,0
5101,5101,26,54,1
6764,6764,131,226,0
9382,9382,143,284,0
1125,1125,95,96,1
1241,1241,96,172,1
10133,10133,79,220,0
2349,2349,114,173,1
6602,6602,20,48,0
6780,6780,1,27,0
9769,9769,86,228,0
4358,4358,348,354,1
1343,1343,98,104,1
12289,12289,1,85,0
10681,10681,370,329,0
11787,11787,78,45,0
8632,8632,342,249,0
6652,6652,13,404,0
1100,1100,94,174,1
9160,9160,5,38,0
8841,8841,175,324,0
9738,9738,39,410,0
7327,7327,364,389,0
7622,7622,22,227,0
987,987,93,103,1
2852,2852,125,128,1
8853,8853,296,27,0
630,630,88,126,1
1249,1249,96,232,1
3179,3179,164,238,1
482,482,86,168,1
9776,9776,219,372,0
9654,9654,284,239,0
3040,3040,129,241,1
5010,5010,24,48,1
10744,10744,49,181,0
7000,7000,72,176,0
3273,3273,167,236,1
7227,7227,103,353,0
3683,3683,238,247,1
6674,6674,10,192,0
6807,6807,309,253,0
11979,11979,70,217,0
1316,1316,97,177,1
3225,3225,166,167,1
1072,1072,94,115,1
4815,4815,371,374,1
10392,10392,379,41,0
9852,9852,66,183,0
5752,5752,47,54,1
11243,11243,70,214,0
4616,4616,357,378,1
3097,3097,162,173,1
11602,11602,71,90,0
6869,6869,186,410,0
1300,1300,97,161,1
7285,7285,10,288,0
6284,6284,247,33,0
10904,10904,154,363,0
5495,5495,37,52,1
5291,5291,31,49,1
9600,9600,209,188,0
10037,10037,80,348,0
1798,1798,104,306,1
9667,9667,374,331,0
5203,5203,29,36,1
8227,8227,137,356,0
5047,5047,25,42,1
6441,6441,210,326,0
8636,8636,118,303,0
8105,8105,279,128,0
2359,2359,114,235,1
11539,11539,95,201,0
3654,3654,236,243,1
7052,7052,20,26,0
1286,1286,97,116,1
11218,11218,127,264,0
4445,4445,351,354,1
2137,2137,110,231,1
6787,6787,275,330,0
9873,9873,101,387,0
11996,11996,237,391,0
10463,10463,289,175,0
11020,11020,344,328,0
6894,6894,134,407,0
9884,9884,381,396,0
10538,10538,268,156,0
8564,8564,322,368,0
7151,7151,303,309,0
963,963,92,236,1
6012,6012,135,414,1
4882,4882,21,55,1
140,140,145,283,1
11097,11097,75,198,0
8906,8906,275,180,0
6936,6936,75,214,0
6542,6542,6,8,0
5243,5243,30,38,1
10030,10030,218,90,0
4431,4431,350,368,1
10275,10275,84,331,0
406,406,85,173,1
8212,8212,57,179,0
9196,9196,78,37,0
10289,10289,110,132,0
10610,10610,138,177,0
9135,9135,117,351,0
8234,8234,1,251,0
4399,4399,349,365,1
5252,5252,30,47,1
11,11,1,69,1
4760,4760,366,369,1
1177,1177,95,231,1
10139,10139,183,261,0
2863,2863,125,170,1
6471,6471,68,240,0
6228,6228,147,385,0
9218,9218,281,23,0
2989,2989,128,176,1
9153,9153,8,359,0
7117,7117,84,35,0
7010,7010,224,354,0
11024,11024,181,380,0
8927,8927,49,205,0
1440,1440,99,164,1
12216,12216,366,156,0
2875,2875,125,234,1
9108,9108,84,319,0
11181,11181,43,303,0
10816,10816,49,251,0
7232,7232,86,204,0
3726,3726,243,245,1
2772,2772,123,164,1
9816,9816,71,42,0
454,454,86,109,1
9013,9013,81,303,0
8189,8189,144,256,0
1367,1367,98,128,1
3712,3712,241,246,1
12123,12123,357,205,0
1388,1388,98,232,1
9042,9042,6,251,0
1000,1000,93,116,1
7761,7761,293,410,0
3553,3553,230,241,1
4114,4114,341,348,1
9829,9829,226,396,0
1667,1667,102,245,1
3173,3173,164,232,1
9539,9539,295,198,0
11560,11560,69,359,0
488,488,86,174,1
3230,3230,166,172,1
3828,3828,131,349,1
10643,10643,72,142,0
5208,5208,29,41,1
7848,7848,38,334,0
5704,5704,45,49,1
11864,11864,127,260,0
8133,8133,277,198,0
703,703,89,121,1
5105,5105,26,58,1
10937,10937,208,408,0
3291,3291,168,172,1
8125,8125,15,369,0
9519,9519,1,333,0
11853,11853,25,316,0
11084,11084,160,256,0
4909,4909,22,36,1
4440,4440,350,377,1
11189,11189,148,230,0
986,986,93,102,1
11357,11357,282,400,0
11136,11136,165,185,0
7705,7705,166,51,0
6257,6257,188,27,0
6089,6089,186,257,1
5238,5238,30,33,1
1198,1198,96,98,1
9710,9710,139,250,0
11146,11146,61,251,0
7519,7519,146,323,0
6812,6812,117,197,0
9991,9991,256,335,0
9206,9206,73,22,0
8320,8320,252,380,0
9556,9556,137,326,0
10225,10225,110,157,0
7175,7175,210,365,0
4470,4470,351,379,1
891,891,91,239,1
1969,1969,107,237,1
5757,5757,47,59,1
6527,6527,40,405,0
6294,6294,31,300,0
7595,7595,108,365,0
9110,9110,138,389,0
3249,3249,166,243,1
6570,6570,12,126,0
6638,6638,337,160,0
7351,7351,307,228,0
11276,11276,166,64,0
9400,9400,114,25,0
7473,7473,66,254,0
11324,11324,147,298,0
10671,10671,20,57,0
1239,1239,96,170,1
2289,2289,113,166,1
2740,2740,122,176,1
8467,8467,272,262,0
4585,4585,356,369,1
9227,9227,358,29,0
1229,1229,96,129,1
9200,9200,19,40,0
6980,6980,288,392,0
5178,5178,28,50,1
4293,4293,346,352,1
1058,1058,94,101,1
6262,6262,77,155,0
281,281,18,99,1
9235,9235,72,99,0
9508,9508,161,42,0
968,968,92,241,1
3953,3953,337,345,1
1939,1939,107,124,1
10399,10399,43,412,0
1274,1274,97,104,1
619,619,88,115,1
10455,10455,154,167,0
1742,1742,104,110,1
1390,1390,98,234,1
2203,2203,111,241,1
9771,9771,323,374,0
9847,9847,16,319,0
3568,3568,231,237,1
6116,6116,263,327,1
12268,12268,129,40,0
6052,6052,228,304,1
3178,3178,164,237,1
3192,3192,165,166,1
9499,9499,244,337,0
6099,6099,189,324,1
7029,7029,141,328,0
575,575,87,233,1
6656,6656,277,63,0
7115,7115,362,193,0
10831,10831,262,197,0
6276,6276,361,250,0
9472,9472,259,391,0
11043,11043,90,329,0
5897,5897,55,393,1
5724,5724,46,47,1
10185,10185,102,385,0
269,269,18,87,1
629,629,88,125,1
3081,3081,161,245,1
3466,3466,174,240,1
6430,6430,71,38,0
11454,11454,275,347,0
7062,7062,166,268,0
11966,11966,139,256,0
5543,5543,39,41,1
10238,10238,267,324,0
4356,4356,348,352,1
11205,11205,357,55,0
2113,2113,110,124,1
8219,8219,236,63,0
10232,10232,143,35,0
3216,3216,165,242,1
3814,3814,131,200,1
8321,8321,84,247,0
10561,10561,147,110,0
2278,2278,113,124,1
4599,4599,357,361,1
13,13,1,138,1
11346,11346,141,193,0
1525,1525,100,234,1
2365,2365,114,241,1
4648,4648,359,369,1
374,374,85,110,1
10476,10476,165,19,0
6477,6477,13,118,0
525,525,87,100,1
9131,9131,258,198,0
6895,6895,24,196,0
10339,10339,109,225,0
3591,3591,232,242,1
7904,7904,306,131,0
2958,2958,127,236,1
529,529,87,104,1
3714,3714,241,248,1
4732,4732,364,368,1
9461,9461,108,391,0
1394,1394,98,238,1
9989,9989,112,182,0
9633,9633,10,324,0
5631,5631,42,48,1
9465,9465,309,401,0
6563,6563,219,359,0
4703,4703,362,370,1
1712,1712,103,174,1
12001,12001,213,170,0
955,955,92,176,1
6675,6675,52,181,0
3453,3453,174,175,1
9579,9579,84,385,0
8595,8595,289,201,0
2071,2071,109,170,1
11981,11981,166,378,0
10169,10169,215,11,0
158,158,78,285,1
7005,7005,120,412,0
9094,9094,59,303,0
352,352,85,88,1
6078,6078,183,315,1
6236,6236,14,340,0
8946,8946,154,329,0
12276,12276,379,58,0
2920,2920,126,238,1
8503,8503,149,293,0
4644,4644,359,365,1
661,661,88,240,1
7057,7057,104,383,0
10181,10181,297,231,0
3665,3665,237,241,1
7979,7979,279,37,0
306,306,18,124,1
4790,4790,368,376,1
2356,2356,114,232,1
1927,1927,107,112,1
11481,11481,1,384,0
3427,3427,172,307,1
8941,8941,103,265,0
3638,3638,235,241,1
10465,10465,121,365,0
1266,1266,96,306,1
1560,1560,101,120,1
10326,10326,3,292,0
7179,7179,170,195,0
4109,4109,341,343,1
7867,7867,394,136,0
4904,4904,22,31,1
7294,7294,14,91,0
514,514,87,89,1
894,894,91,242,1
8601,8601,50,266,0
21,21,68,138,1
899,899,91,247,1
207,207,289,290,1
458,458,86,113,1
10246,10246,102,397,0
2430,2430,116,120,1
8442,8442,141,302,0
9299,9299,99,46,0
3389,3389,171,238,1
9905,9905,298,132,0
3911,3911,267,345,1
5383,5383,34,36,1
8907,8907,378,300,0
552,552,87,127,1
9631,9631,268,395,0
3144,3144,163,237,1
6917,6917,35,258,0
2056,2056,109,124,1
1925,1925,107,110,1
634,634,88,161,1
6082,6082,255,316,1
8508,8508,220,189,0
11403,11403,74,363,0
11910,11910,134,184,0
8619,8619,219,408,0
10567,10567,279,247,0
105,105,142,211,1
3041,3041,129,242,1
10361,10361,233,392,0
1709,1709,103,171,1
89,89,210,279,1
7014,7014,10,98,0
10433,10433,146,225,0
3174,3174,164,233,1
917,917,92,107,1
7833,7833,382,399,0
6732,6732,117,317,0
1949,1949,107,165,1
6368,6368,359,254,0
1,1,0,68,1
8032,8032,133,328,0
6047,6047,158,227,1
9127,9127,302,257,0
11330,11330,298,34,0
2720,2720,122,125,1
8783,8783,264,410,0
12071,12071,229,198,0
3117,3117,162,245,1
11647,11647,65,333,0
9768,9768,140,14,0
3762,3762,188,259,1
213,213,13,292,1
778,778,90,119,1
3496,3496,175,247,1
10847,10847,56,185,0
2043,2043,109,111,1
8920,8920,72,346,0
5420,5420,35,40,1
6154,6154,0,157,0
9759,9759,161,364,0
8357,8357,277,295,0
11938,11938,372,391,0
10205,10205,281,386,0
8465,8465,107,396,0
4167,4167,342,364,1
3788,3788,20,354,1
8586,8586,205,309,0
583,583,87,241,1
12192,12192,145,269,0
12286,12286,130,386,0
116,116,6,282,1
6644,6644,79,344,0
11098,11098,63,181,0
12242,12242,219,321,0
12016,12016,373,401,0
11011,11011,6,227,0
8712,8712,143,91,0
1763,1763,104,162,1
1875,1875,106,120,1
10445,10445,221,412,0
3224,3224,165,307,1
526,526,87,101,1
7725,7725,283,248,0
2946,2946,127,172,1
4473,4473,352,355,1
5655,5655,43,47,1
8884,8884,170,339,0
6059,6059,249,308,1
959,959,92,232,1
6342,6342,151,405,0
3633,3633,235,236,1
1050,1050,93,306,1
8782,8782,248,40,0
8711,8711,11,97,0
3380,3380,171,177,1
3676,3676,238,240,1
5776,5776,48,58,1
11112,11112,221,399,0
6573,6573,123,19,0
5179,5179,28,51,1
1607,1607,101,307,1
3610,3610,233,244,1
12004,12004,142,97,0
6635,6635,309,329,0
12303,12303,88,347,0
10001,10001,85,188,0
791,791,90,163,1
8984,8984,70,54,0
3056,3056,161,168,1
10047,10047,17,248,0
1980,1980,107,248,1
3598,3598,232,306,1
933,933,92,123,1
7424,7424,369,382,0
5626,5626,42,43,1
1682,1682,103,113,1
4179,4179,342,376,1
6446,6446,152,258,0
4116,4116,341,350,1
988,988,93,104,1
2896,2896,126,162,1
3778,3778,20,344,1
5658,5658,43,50,1
3093,3093,162,169,1
3155,3155,163,248,1
1823,1823,105,129,1
11844,11844,234,334,0
1098,1098,94,172,1
10396,10396,194,380,0
2844,2844,124,245,1
9078,9078,148,105,0
3342,3342,169,246,1
38,38,137,274,1
6540,6540,12,334,0
11501,11501,92,397,0
8707,8707,100,370,0
3356,3356,170,232,1
9645,9645,12,60,0
7813,7813,82,401,0
9098,9098,155,55,0
8220,8220,393,415,0
11348,11348,71,106,0
2428,2428,116,118,1
5043,5043,25,38,1
5346,5346,32,394,1
8954,8954,360,27,0
4811,4811,370,378,1
8476,8476,292,351,0
686,686,89,104,1
4799,4799,369,375,1
7437,7437,165,317,0
2353,2353,114,177,1
6353,6353,3,360,0
4569,4569,355,376,1
8213,8213,77,246,0
2752,2752,122,240,1
9077,9077,351,335,0
8073,8073,296,264,0
9109,9109,162,358,0
1040,1040,93,239,1
7491,7491,216,237,0
1265,1265,96,248,1
11396,11396,367,317,0
7059,7059,112,23,0
277,277,18,95,1
5084,5084,26,37,1
10276,10276,347,193,0
9437,9437,15,406,0
2382,2382,115,123,1
571,571,87,177,1
1435,1435,99,128,1
9439,9439,206,153,0
5352,5352,33,39,1
5445,5445,35,201,1
1007,1007,93,123,1
4543,4543,354,374,1
10846,10846,219,32,0
2064,2064,109,163,1
1136,1136,95,107,1
9882,9882,306,199,0
5343,5343,32,201,1
10177,10177,361,405,0
294,294,18,112,1
9739,9739,5,39,0
10204,10204,279,347,0
8780,8780,221,55,0
2403,2403,115,175,1
10321,10321,136,178,0
3998,3998,338,349,1
11471,11471,25,186,0
3741,3741,245,306,1
11343,11343,242,180,0
2719,2719,122,124,1
11318,11318,379,31,0
5150,5150,27,62,1
2808,2808,124,126,1
9017,9017,52,336,0
556,556,87,162,1
10972,10972,10,364,0
4795,4795,369,371,1
2469,2469,116,242,1
3738,3738,245,246,1
4286,4286,345,378,1
9908,9908,280,172,0
2604,2604,119,230,1
362,362,85,98,1
6924,6924,88,304,0
1704,1704,103,166,1
2139,2139,110,233,1
3239,3239,166,233,1
2383,2383,115,124,1
7314,7314,413,408,0
4311,4311,346,370,1
9477,9477,95,46,0
1312,1312,97,173,1
11592,11592,121,394,0
3930,3930,267,364,1
6183,6183,247,43,0
1591,1591,101,234,1
11547,11547,272,255,0
2162,2162,111,117,1
2396,2396,115,168,1
317,317,18,166,1
9516,9516,165,365,0
5233,5233,29,268,1
5068,5068,25,63,1
4036,4036,339,347,1
8987,8987,117,134,0
3020,3020,129,169,1
9903,9903,170,345,0
8228,8228,166,250,0
9105,9105,82,28,0
5295,5295,31,53,1
3972,3972,337,364,1
5370,5370,33,57,1
4133,4133,341,367,1
974,974,92,247,1
7291,7291,373,310,0
9175,9175,176,196,0
954,954,92,175,1
9610,9610,297,378,0
9752,9752,291,300,0
9547,9547,171,54,0
12065,12065,44,255,0
5016,5016,24,54,1
11971,11971,94,350,0
9179,9179,341,397,0
7490,7490,151,155,0
1640,1640,102,166,1
1290,1290,97,120,1
1380,1380,98,172,1
1933,1933,107,118,1
4675,4675,360,377,1
11232,11232,233,190,0
10222,10222,276,394,0
892,892,91,240,1
7287,7287,345,192,0
4876,4876,21,49,1
7906,7906,241,264,0
8194,8194,244,34,0
11538,11538,352,48,0
10301,10301,355,58,0
9041,9041,90,47,0
2466,2466,116,239,1
7657,7657,306,377,0
10106,10106,273,267,0
9788,9788,356,336,0
1913,1913,106,241,1
2736,2736,122,172,1
726,726,89,175,1
7214,7214,141,181,0
8245,8245,22,187,0
1796,1796,104,247,1
3845,3845,131,366,1
6402,6402,62,389,0
936,936,92,126,1
2265,2265,112,248,1
824,824,90,248,1
7274,7274,124,346,0
1389,1389,98,233,1
3564,3564,231,233,1
9076,9076,354,62,0
5429,5429,35,49,1
7827,7827,210,254,0
5690,5690,44,58,1
7878,7878,91,226,0
1868,1868,106,113,1
8202,8202,22,64,0
7486,7486,96,272,0
9655,9655,75,343,0
806,806,90,230,1
4805,4805,370,372,1
10856,10856,37,264,0
10300,10300,350,136,0
11794,11794,102,50,0
12250,12250,286,269,0
10426,10426,284,34,0
9155,9155,296,394,0
7511,7511,246,35,0
8056,8056,188,256,0
4494,4494,352,376,1
2632,2632,120,128,1
10944,10944,322,401,0
8896,8896,107,315,0
8623,8623,222,340,0
7832,7832,406,156,0
4388,4388,349,354,1
145,145,8,284,1
6467,6467,168,376,0
2033,2033,108,242,1
11219,11219,213,215,0
1165,1165,95,167,1
2050,2050,109,118,1
3760,3760,130,322,1
4435,4435,350,372,1
3430,3430,173,176,1
8190,8190,76,367,0
10777,10777,8,171,0
7069,7069,371,202,0
4361,4361,348,357,1
10616,10616,206,290,0
9454,9454,209,353,0
1771,1771,104,170,1
3511,3511,176,240,1
271,271,18,89,1
8436,8436,294,185,0
2032,2032,108,241,1
9005,9005,69,190,0
11893,11893,254,336,0
3810,3810,20,376,1
9996,9996,342,193,0
4346,4346,347,373,1
10653,10653,96,355,0
545,545,87,120,1
3241,3241,166,235,1
8930,8930,276,82,0
8502,8502,144,316,0
9323,9323,56,381,0
12200,12200,292,336,0
7564,7564,291,133,0
920,920,92,110,1
11208,11208,38,255,0
6640,6640,350,32,0
7694,7694,216,41,0
8230,8230,282,95,0
7126,7126,4,155,0
4278,4278,345,370,1
2983,2983,128,170,1
130,130,212,282,1
7980,7980,228,305,0
2667,2667,120,246,1
7138,7138,284,262,0
3223,3223,165,306,1
9374,9374,170,303,0
7693,7693,387,401,0
5392,5392,34,45,1
614,614,88,110,1
12183,12183,185,187,0
1466,1466,99,242,1
4497,4497,352,379,1
3042,3042,129,243,1
9126,9126,71,377,0
2419,2419,115,243,1
5085,5085,26,38,1
3294,3294,168,175,1
6737,6737,239,261,0
1500,1500,100,126,1
9018,9018,287,205,0
1521,1521,100,230,1
11207,11207,181,384,0
4232,4232,344,358,1
7686,7686,54,413,0
8820,8820,74,163,0
4430,4430,350,367,1
390,390,85,126,1
12133,12133,75,9,0
7124,7124,50,156,0
5913,5913,57,60,1
8592,8592,87,325,0
4806,4806,370,373,1
11005,11005,75,103,0
8238,8238,308,311,0
8044,8044,76,93,0
12034,12034,271,390,0
3993,3993,338,344,1
11753,11753,117,260,0
6609,6609,210,155,0
5319,5319,32,41,1
12109,12109,366,194,0
7119,7119,134,262,0
2421,2421,115,245,1
5604,5604,41,47,1
1750,1750,104,118,1
11078,11078,224,332,0
11956,11956,284,321,0
338,338,18,239,1
8407,8407,227,328,0
1341,1341,98,102,1
11745,11745,103,272,0
7982,7982,34,192,0
3640,3640,235,243,1
329,329,18,230,1
10860,10860,355,194,0
3004,3004,128,243,1
6960,6960,153,193,0
4090,4090,340,362,1
9828,9828,268,133,0
2322,2322,114,115,1
6667,6667,104,198,0
7009,7009,8,198,0
4197,4197,343,358,1
3549,3549,230,237,1
9650,9650,140,356,0
8363,8363,233,32,0
4203,4203,343,364,1
11863,11863,414,260,0
10984,10984,289,362,0
6185,6185,9,130,0
1639,1639,102,165,1
9130,9130,85,341,0
60,60,70,139,1
1240,1240,96,171,1
5760,5760,47,62,1
5136,5136,27,48,1
2343,2343,114,167,1
2120,2120,110,162,1
1524,1524,100,233,1
7617,7617,217,167,0
153,153,9,147,1
481,481,86,167,1
6122,6122,196,264,1
7674,7674,158,305,0
7101,7101,134,321,0
1762,1762,104,161,1
8942,8942,171,61,0
7715,7715,250,396,0
9977,9977,114,410,0
11161,11161,232,30,0
7479,7479,6,407,0
6212,6212,221,406,0
4853,4853,21,26,1
2711,2711,121,244,1
6766,6766,276,264,0
4150,4150,342,347,1
1333,1333,97,246,1
11573,11573,227,304,0
8378,8378,16,251,0
9328,9328,33,228,0
11549,11549,231,253,0
11943,11943,347,406,0
10250,10250,339,36,0
11212,11212,68,133,0
3850,3850,131,371,1
8340,8340,219,344,0
4124,4124,341,358,1
12249,12249,152,331,0
4788,4788,368,374,1
2866,2866,125,173,1
1386,1386,98,230,1
5941,5941,60,61,1
3067,3067,161,231,1
11132,11132,142,193,0
3629,3629,234,247,1
11634,11634,73,76,0
10999,10999,228,326,0
3028,3028,129,177,1
2969,2969,127,247,1
9900,9900,5,314,0
8646,8646,276,46,0
6136,6136,199,331,1
8801,8801,294,229,0
4263,4263,345,355,1
645,645,88,172,1
11881,11881,34,269,0
2074,2074,109,173,1
341,341,18,242,1
8041,8041,245,384,0
1622,1622,102,117,1
7141,7141,363,197,0
5796,5796,49,59,1
7184,7184,100,23,0
11474,11474,149,84,0
8232,8232,251,187,0
5475,5475,36,63,1
10281,10281,206,127,0
10367,10367,49,271,0
11381,11381,139,409,0
74,74,71,140,1
12173,12173,7,52,0
10849,10849,161,402,0
10268,10268,205,386,0
8633,8633,40,199,0
11350,11350,90,194,0
2051,2051,109,119,1
2541,2541,118,163,1
1301,1301,97,162,1
5877,5877,54,60,1
7368,7368,15,62,0
1304,1304,97,165,1
8428,8428,374,406,0
11176,11176,63,383,0
2599,2599,119,173,1
2573,2573,118,247,1
3186,3186,164,245,1
2768,2768,123,129,1
4831,4831,373,377,1
4223,4223,344,349,1
11877,11877,60,180,0
2106,2106,110,117,1
2679,2679,121,129,1
1387,1387,98,231,1
10978,10978,73,239,0
11888,11888,118,50,0
7083,7083,25,182,0
1279,1279,97,109,1
804,804,90,176,1
1555,1555,101,115,1
11673,11673,10,131,0
4566,4566,355,373,1
11899,11899,214,290,0
4841,4841,375,378,1
3594,3594,232,245,1
6035,6035,205,272,1
6852,6852,373,61,0
10112,10112,145,355,0
8705,8705,296,198,0
4177,4177,342,374,1
1308,1308,97,169,1
9106,9106,122,412,0
3452,3452,173,307,1
3695,3695,239,248,1
4242,4242,344,368,1
2198,2198,111,236,1
8966,8966,5,111,0
4425,4425,350,362,1
6150,6150,388,389,1
943,943,92,164,1
822,822,90,246,1
5005,5005,24,43,1
6612,6612,7,85,0
8356,8356,108,359,0
5619,5619,41,62,1
4547,4547,354,378,1
2538,2538,118,129,1
9503,9503,281,130,0
5207,5207,29,40,1
11705,11705,179,409,0
11071,11071,29,392,0
3054,3054,161,166,1
3675,3675,238,239,1
7776,7776,87,337,0
7218,7218,311,313,0
6722,6722,34,397,0
3300,3300,168,233,1
3310,3310,168,243,1
7221,7221,363,156,0
8519,8519,346,156,0
10682,10682,134,197,0
5954,5954,61,393,1
832,832,91,97,1
3462,3462,174,236,1
11475,11475,207,334,0
7643,7643,117,201,0
54,54,274,275,1
3451,3451,173,306,1
6305,6305,1,209,0
10093,10093,105,266,0
1481,1481,100,107,1
4873,4873,21,46,1
8038,8038,355,189,0
3335,3335,169,239,1
6016,6016,203,413,1
4926,4926,22,53,1
9138,9138,17,32,0
5797,5797,49,60,1
10353,10353,288,239,0
12096,12096,176,345,0
5083,5083,26,36,1
6645,6645,5,15,0
5490,5490,37,47,1
768,768,90,109,1
2065,2065,109,164,1
11689,11689,143,343,0
7311,7311,152,304,0
8477,8477,178,250,0
12225,12225,91,336,0
4524,4524,354,355,1
10524,10524,222,166,0
2717,2717,121,307,1
2079,2079,109,230,1
8914,8914,176,371,0
951,951,92,172,1
8058,8058,3,108,0
2482,2482,117,122,1
10454,10454,273,163,0
9181,9181,116,394,0
1759,1759,104,127,1
9984,9984,161,197,0
4422,4422,350,359,1
6704,6704,72,413,0
9916,9916,46,310,0
5182,5182,28,54,1
8533,8533,0,408,0
3701,3701,240,244,1
4243,4243,344,369,1
688,688,89,106,1
3432,3432,173,230,1
4944,4944,23,26,1
966,966,92,239,1
11670,11670,318,381,0
10395,10395,88,390,0
2713,2713,121,246,1
4757,4757,365,379,1
11747,11747,175,352,0
6320,6320,210,151,0
5975,5975,268,394,1
3572,3572,231,241,1
5299,5299,31,57,1
1990,1990,108,116,1
1205,1205,96,105,1
4971,4971,23,53,1
11965,11965,142,101,0
6783,6783,233,270,0
3600,3600,233,234,1
6490,6490,0,161,0
8609,8609,279,103,0
12277,12277,33,195,0
8070,8070,210,180,0
8577,8577,218,360,0
7973,7973,264,408,0
11450,11450,138,209,0
1625,1625,102,120,1
536,536,87,111,1
8766,8766,67,194,0
7970,7970,124,319,0
4212,4212,343,373,1
6456,6456,180,187,0
3507,3507,176,236,1
8393,8393,281,50,0
9524,9524,294,405,0
7112,7112,23,157,0
2708,2708,121,241,1
5031,5031,25,26,1
6514,6514,137,285,0
4662,4662,360,364,1
4021,4021,338,372,1
1854,1854,105,243,1
11594,11594,10,269,0
2872,2872,125,231,1
3030,3030,129,231,1
9397,9397,202,391,0
1645,1645,102,171,1
3417,3417,172,240,1
3476,3476,174,307,1
11754,11754,137,191,0
11053,11053,297,393,0
1792,1792,104,243,1
3797,3797,20,363,1
3368,3368,170,244,1
7196,7196,354,39,0
11866,11866,2,320,0
5109,5109,26,62,1
6024,6024,270,414,1
8795,8795,130,180,0
11430,11430,346,382,0
126,126,144,212,1
5959,5959,62,268,1
3876,3876,200,353,1
4451,4451,351,360,1
7147,7147,131,414,0
3531,3531,177,239,1
10922,10922,239,355,0
827,827,91,92,1
9831,9831,157,409,0
7790,7790,25,251,0
984,984,93,100,1
7783,7783,197,396,0
10380,10380,127,324,0
11792,11792,6,183,0
2443,2443,116,164,1
8554,8554,173,372,0
10541,10541,277,352,0
345,345,18,246,1
814,814,90,238,1
6166,6166,73,394,0
11154,11154,246,196,0
12028,12028,143,251,0
5779,5779,48,61,1
2116,2116,110,127,1
10026,10026,267,319,0
793,793,90,165,1
12235,12235,84,30,0
6898,6898,269,184,0
2674,2674,121,124,1
94,94,5,280,1
4225,4225,344,351,1
3756,3756,19,322,1
2891,2891,125,307,1
2371,2371,114,247,1
11799,11799,230,345,0
3228,3228,166,170,1
7863,7863,243,303,0
6359,6359,51,309,0
11944,11944,128,385,0
7326,7326,233,337,0
6028,6028,67,136,1
11045,11045,141,21,0
11104,11104,86,256,0
1865,1865,106,110,1
4612,4612,357,374,1
10049,10049,121,348,0
2645,2645,120,172,1
2243,2243,112,174,1
5373,5373,33,60,1
2336,2336,114,129,1
950,950,92,171,1
1120,1120,94,246,1
10789,10789,327,196,0
2204,2204,111,242,1
419,419,85,238,1
922,922,92,112,1
9446,9446,68,73,0
8669,8669,365,383,0
10227,10227,224,62,0
5408,5408,34,61,1
5788,5788,49,51,1
5742,5742,46,201,1
7667,7667,61,205,0
5567,5567,39,201,1
8135,8135,94,187,0
1202,1202,96,102,1
10818,10818,260,410,0
5765,5765,47,393,1
8389,8389,47,179,0
1970,1970,107,238,1
4018,4018,338,369,1
10343,10343,97,182,0
3687,3687,239,240,1
1997,1997,108,123,1
4033,4033,339,344,1
1248,1248,96,231,1
2192,2192,111,230,1
2712,2712,121,245,1
9184,9184,26,411,0
2190,2190,111,176,1
4670,4670,360,372,1
5142,5142,27,54,1
5984,5984,133,269,1
6565,6565,177,66,0
7804,7804,122,395,0
6943,6943,248,55,0
9510,9510,74,338,0
10055,10055,309,384,0
10535,10535,56,311,0
10641,10641,279,234,0
2136,2136,110,230,1
1065,1065,94,108,1
600,600,88,96,1
4227,4227,344,353,1
10813,10813,8,229,0
7577,7577,111,318,0
77,77,140,209,1
7546,7546,299,256,0
2898,2898,126,164,1
4820,4820,371,379,1
9506,9506,194,402,0
11442,11442,72,289,0
6413,6413,148,12,0
9444,9444,69,110,0
9064,9064,374,39,0
8007,8007,286,41,0
5468,5468,36,56,1
5951,5951,61,132,1
11157,11157,209,372,0
3391,3391,171,240,1
5415,5415,34,394,1
2560,2560,118,234,1
12169,12169,243,37,0
8162,8162,364,397,0
2635,2635,120,162,1
5256,5256,30,51,1
3530,3530,177,238,1
8567,8567,277,66,0
1908,1908,106,236,1
11391,11391,75,262,0
235,235,84,222,1
1604,1604,101,247,1
7984,7984,236,264,0
9310,9310,252,405,0
3490,3490,175,241,1
12120,12120,7,303,0
11150,11150,154,88,0
1994,1994,108,120,1
2824,2824,124,173,1
11420,11420,98,255,0
10568,10568,149,12,0
1342,1342,98,103,1
8512,8512,344,227,0
1619,1619,102,114,1
5287,5287,31,45,1
2060,2060,109,128,1
12246,12246,156,187,0
2219,2219,112,119,1
9865,9865,300,312,0
6038,6038,156,225,1
260,260,224,299,1
11521,11521,413,327,0
10231,10231,11,369,0
9093,9093,64,312,0
3744,3744,246,248,1
2026,2026,108,235,1
6988,6988,147,348,0
4234,4234,344,360,1
1917,1917,106,245,1
1828,1828,105,165,1
9765,9765,269,250,0
6233,6233,292,25,0
11482,11482,157,386,0
6283,6283,298,370,0
4208,4208,343,369,1
224,224,83,152,1
8915,8915,84,359,0
10002,10002,155,241,0
9333,9333,104,326,0
6469,6469,98,55,0
11581,11581,17,364,0
10954,10954,122,330,0
846,846,91,111,1
4289,4289,346,348,1
5560,5560,39,58,1
2551,2551,118,173,1
11120,11120,219,384,0
117,117,75,143,1
8837,8837,129,320,0
5966,5966,63,394,1
8195,8195,270,261,0
8659,8659,167,26,0
7489,7489,22,301,0
5,5,0,206,1
5342,5342,32,132,1
9111,9111,297,124,0
10787,10787,285,362,0
4324,4324,347,351,1
1063,1063,94,106,1
2590,2590,119,164,1
8434,8434,38,381,0
9352,9352,375,401,0
11062,11062,288,39,0
3735,3735,244,248,1
10589,10589,29,413,0
3517,3517,176,246,1
6986,6986,202,329,0
10755,10755,249,182,0
6767,6767,17,112,0
5622,5622,41,201,1
1605,1605,101,248,1
1733,1733,103,247,1
10516,10516,13,132,0
10901,10901,216,244,0
11492,11492,72,105,0
9504,9504,9,36,0
3812,3812,20,378,1
11846,11846,89,58,0
10554,10554,13,121,0
10167,10167,296,134,0
1761,1761,104,129,1
5401,5401,34,54,1
2739,2739,122,175,1
11854,11854,213,172,0
2472,2472,116,245,1
6738,6738,241,401,0
6891,6891,179,319,0
7943,7943,239,200,0
9685,9685,104,35,0
4206,4206,343,367,1
6371,6371,103,381,0
10350,10350,143,18,0
9361,9361,282,311,0
10348,10348,146,306,0
232,232,15,222,1
8258,8258,102,390,0
7561,7561,189,409,0
9795,9795,235,256,0
6168,6168,83,64,0
3596,3596,232,247,1
6288,6288,78,60,0
4632,4632,358,373,1
125,125,143,282,1
7641,7641,368,52,0
6229,6229,359,157,0
1296,1296,97,126,1
1976,1976,107,244,1
11664,11664,246,409,0
11607,11607,83,235,0
10267,10267,41,187,0
5750,5750,47,52,1
8152,8152,112,192,0
3086,3086,161,307,1
11409,11409,29,335,0
6882,6882,347,384,0
11446,11446,125,373,0
7673,7673,370,201,0
3345,3345,169,306,1
8172,8172,96,266,0
12048,12048,101,197,0
5870,5870,53,393,1
6506,6506,393,135,0
2797,2797,123,241,1
918,918,92,108,1
1646,1646,102,172,1
5122,5122,27,34,1
5126,5126,27,38,1
4621,4621,358,362,1
6809,6809,87,30,0
364,364,85,100,1
2125,2125,110,167,1
8150,8150,69,406,0
8717,8717,55,260,0
55,55,2,70,1
638,638,88,165,1
302,302,18,120,1
10958,10958,209,124,0
5811,5811,50,56,1
1276,1276,97,106,1
10247,10247,254,400,0
4432,4432,350,369,1
3644,3644,235,247,1
4143,4143,341,377,1
2878,2878,125,237,1
6493,6493,282,286,0
10478,10478,299,174,0
10453,10453,71,149,0
5240,5240,30,35,1
11572,11572,414,253,0
10488,10488,116,37,0
6937,6937,207,124,0
7240,7240,111,321,0
9945,9945,361,21,0
10160,10160,78,112,0
2593,2593,119,167,1
11309,11309,51,195,0
2393,2393,115,165,1
523,523,87,98,1
6376,6376,306,136,0
6981,6981,297,322,0
6677,6677,208,195,0
3900,3900,200,377,1
11857,11857,70,352,0
5585,5585,40,55,1
11642,11642,306,197,0
7956,7956,279,346,0
7570,7570,162,37,0
11314,11314,11,323,0
6777,6777,295,90,0
10161,10161,289,301,0
671,671,88,307,1
4188,4188,343,349,1
666,666,88,245,1
3266,3266,167,177,1
1887,1887,106,163,1
8472,8472,207,52,0
9911,9911,288,400,0
11139,11139,215,382,0
9091,9091,272,404,0
7687,7687,286,28,0
6031,6031,67,415,1
6090,6090,186,319,1
6238,6238,96,57,0
7350,7350,83,332,0
7830,7830,292,110,0
760,760,90,101,1
6254,6254,29,385,0
1906,1906,106,234,1
3818,3818,131,339,1
6269,6269,147,136,0
4300,4300,346,359,1
5569,5569,39,393,1
7941,7941,161,59,0
10785,10785,146,402,0
4164,4164,342,361,1
11223,11223,140,80,0
5971,5971,201,268,1
3579,3579,231,248,1
2832,2832,124,233,1
5449,5449,36,37,1
3472,3472,174,246,1
6327,6327,17,373,0
137,137,76,214,1
7043,7043,229,179,0
4892,4892,21,201,1
2180,2180,111,166,1
10320,10320,53,156,0
7730,7730,161,159,0
3177,3177,164,236,1
4854,4854,21,27,1
4637,4637,358,378,1
5115,5115,26,394,1
11441,11441,285,226,0
7648,7648,347,311,0
4261,4261,345,353,1
1331,1331,97,244,1
10209,10209,126,372,0
10674,10674,214,321,0
7002,7002,224,322,0
9550,9550,277,331,0
6941,6941,357,260,0
8017,8017,9,22,0
6241,6241,71,381,0
9521,9521,377,52,0
12287,12287,174,134,0
6881,6881,352,257,0
10342,10342,32,256,0
4530,4530,354,361,1
10314,10314,204,319,0
4673,4673,360,375,1
6996,6996,83,132,0
1252,1252,96,235,1
3374,3374,170,307,1
2814,2814,124,163,1
4719,4719,363,370,1
6544,6544,271,383,0
10040,10040,82,318,0
4858,4858,21,31,1
7901,7901,219,345,0
11229,11229,296,244,0
8580,8580,294,164,0
8427,8427,78,120,0
1077,1077,94,120,1
10176,10176,6,244,0
4363,4363,348,359,1
770,770,90,111,1
10357,10357,292,101,0
8865,8865,223,99,0
249,249,17,297,1
9766,9766,364,384,0
7239,7239,150,359,0
3419,3419,172,242,1
10273,10273,281,31,0
10015,10015,16,395,0
4976,4976,23,58,1
4544,4544,354,375,1
5565,5565,39,63,1
7939,7939,75,283,0
716,716,89,165,1
11880,11880,281,322,0
2048,2048,109,116,1
5997,5997,65,271,1
6600,6600,16,52,0
7245,7245,227,312,0
4178,4178,342,375,1
4809,4809,370,376,1
10916,10916,361,194,0
11668,11668,111,29,0
7140,7140,33,384,0
7190,7190,102,367,0
1460,1460,99,236,1
5989,5989,202,269,1
9860,9860,51,256,0
10948,10948,82,181,0
2000,2000,108,126,1
8175,8175,121,329,0
404,404,85,171,1
384,384,85,120,1
11622,11622,102,194,0
11674,11674,230,65,0
10344,10344,75,18,0
1633,1633,102,128,1
11758,11758,89,133,0
4784,4784,368,370,1
11635,11635,342,186,0
6970,6970,351,58,0
3925,3925,267,359,1
4158,4158,342,355,1
7449,7449,322,406,0
8415,8415,239,375,0
2193,2193,111,231,1
11328,11328,74,408,0
10016,10016,99,401,0
1015,1015,93,162,1
5124,5124,27,36,1
7418,7418,206,266,0
7409,7409,318,332,0
8989,8989,10,287,0
2871,2871,125,230,1
9,9,0,275,1
10136,10136,220,395,0
1838,1838,105,175,1
4804,4804,370,371,1
255,255,155,298,1
7026,7026,23,388,0
5713,5713,45,58,1
3324,3324,169,176,1
7714,7714,210,395,0
1581,1581,101,172,1
11148,11148,363,332,0
924,924,92,114,1
2779,2779,123,171,1
10700,10700,315,264,0
7891,7891,368,228,0
6132,6132,198,332,1
5320,5320,32,42,1
7312,7312,354,253,0
7102,7102,274,172,0
6042,6042,225,301,1
3775,3775,20,341,1
4835,4835,374,376,1
4964,4964,23,46,1
10971,10971,152,41,0
539,539,87,114,1
7483,7483,139,392,0
2745,2745,122,233,1
3719,3719,242,245,1
6819,6819,325,400,0
9337,9337,337,44,0
4468,4468,351,377,1
667,667,88,246,1
7575,7575,79,325,0
11211,11211,218,361,0
8549,8549,106,29,0
5063,5063,25,58,1
11023,11023,349,156,0
10975,10975,84,243,0
1353,1353,98,114,1
7114,7114,116,396,0
12024,12024,137,142,0
8662,8662,157,183,0
2703,2703,121,236,1
3330,3330,169,234,1
8053,8053,314,186,0
9588,9588,415,404,0
3584,3584,232,235,1
11614,11614,268,387,0
5645,5645,42,62,1
3376,3376,171,173,1
1256,1256,96,239,1
6190,6190,102,317,0
9442,9442,38,392,0
5348,5348,33,35,1
11003,11003,112,381,0
11476,11476,150,44,0
11125,11125,176,188,0
4175,4175,342,372,1
4910,4910,22,37,1
1852,1852,105,241,1
6316,6316,225,189,0
12126,12126,282,64,0
2105,2105,110,116,1
133,133,7,145,1
5029,5029,24,393,1
928,928,92,118,1
823,823,90,247,1
7576,7576,214,341,0
1531,1531,100,240,1
1214,1214,96,114,1
504,504,86,242,1
10188,10188,139,127,0
6530,6530,250,384,0
3072,3072,161,236,1
10150,10150,70,309,0
9576,9576,162,319,0
9086,9086,82,410,0
8647,8647,272,179,0
6619,6619,125,371,0
9273,9273,281,290,0
3709,3709,241,243,1
11798,11798,231,387,0
4849,4849,21,22,1
4748,4748,365,370,1
4268,4268,345,360,1
12155,12155,48,308,0
8905,8905,80,100,0
4186,4186,343,347,1
10406,10406,248,406,0
5301,5301,31,59,1
2923,2923,126,241,1
6588,6588,212,105,0
1810,1810,105,116,1
3486,3486,175,237,1
7419,7419,71,21,0
3141,3141,163,234,1
10019,10019,2,8,0
9347,9347,282,260,0
1324,1324,97,237,1
4312,4312,346,371,1
7494,7494,144,248,0
8702,8702,206,237,0
9872,9872,165,269,0
8691,8691,82,52,0
11692,11692,341,314,0
10048,10048,180,410,0
9580,9580,27,400,0
10578,10578,323,187,0
5541,5541,38,394,1
11428,11428,123,341,0
6172,6172,204,405,0
1540,1540,100,306,1
9409,9409,132,406,0
2681,2681,121,162,1
12159,12159,238,271,0
11185,11185,171,185,0
6313,6313,153,102,0
1191,1191,95,245,1
5293,5293,31,51,1
1542,1542,101,102,1
11493,11493,273,231,0
11516,11516,12,125,0
7056,7056,121,203,0
2539,2539,118,161,1
953,953,92,174,1
7241,7241,20,328,0
6731,6731,228,390,0
4846,4846,377,378,1
6801,6801,217,91,0
8010,8010,108,23,0
4330,4330,347,357,1
8924,8924,310,198,0
5334,5334,32,56,1
7330,7330,152,184,0
9348,9348,273,93,0
4729,4729,364,365,1
11486,11486,315,335,0
6541,6541,153,397,0
11174,11174,81,372,0
5305,5305,31,63,1
5161,5161,28,33,1
7860,7860,89,398,0
2156,2156,110,307,1
1062,1062,94,105,1
10808,10808,9,252,0
1167,1167,95,169,1
11414,11414,100,33,0
3636,3636,235,239,1
7651,7651,155,332,0
5588,5588,40,58,1
11130,11130,304,401,0
7192,7192,280,188,0
4491,4491,352,373,1
7266,7266,139,161,0
11332,11332,1,96,0
4980,4980,23,62,1
8335,8335,134,255,0
12243,12243,183,411,0
4946,4946,23,28,1
2782,2782,123,174,1
717,717,89,166,1
10011,10011,108,22,0
2502,2502,117,173,1
4360,4360,348,356,1
4171,4171,342,368,1
8082,8082,10,42,0
12007,12007,102,342,0
395,395,85,162,1
7186,7186,43,390,0
12084,12084,11,304,0
4492,4492,352,374,1
1365,1365,98,126,1
11720,11720,0,35,0
8787,8787,0,192,0
5917,5917,57,132,1
4968,4968,23,50,1
2914,2914,126,232,1
10518,10518,354,185,0
5644,5644,42,61,1
3766,3766,259,323,1
3440,3440,173,238,1
7357,7357,239,196,0
6806,6806,18,54,0
9879,9879,376,183,0
2143,2143,110,237,1
5104,5104,26,57,1
5073,5073,25,394,1
1571,1571,101,162,1
4079,4079,340,351,1
1122,1122,94,248,1
2786,2786,123,230,1
2967,2967,127,245,1
2504,2504,117,175,1
5988,5988,134,406,1
11657,11657,297,342,0
8867,8867,342,400,0
11000,11000,0,288,0
7164,7164,315,329,0
11540,11540,134,314,0
728,728,89,177,1
7587,7587,367,205,0
7543,7543,345,332,0
412,412,85,231,1
11338,11338,151,352,0
9708,9708,144,172,0
5745,5745,46,394,1
7668,7668,104,321,0
825,825,90,306,1
3267,3267,167,230,1
3974,3974,337,366,1
8808,8808,171,261,0
8306,8306,111,347,0
417,417,85,236,1
11261,11261,109,414,0
9817,9817,114,260,0
6748,6748,206,324,0
8967,8967,143,413,0
11088,11088,115,409,0
11869,11869,343,27,0
2082,2082,109,233,1
8945,8945,137,234,0
10738,10738,3,67,0
3373,3373,170,306,1
5726,5726,46,49,1
4107,4107,340,379,1
10636,10636,218,119,0
4380,4380,348,376,1
7723,7723,166,183,0
1066,1066,94,109,1
3913,3913,267,347,1
5536,5536,38,63,1
8002,8002,289,344,0
5387,5387,34,40,1
5732,5732,46,55,1
11690,11690,235,342,0
2738,2738,122,174,1
5052,5052,25,47,1
4000,4000,338,351,1
9760,9760,83,411,0
2427,2427,116,117,1
6833,6833,212,296,0
10123,10123,58,183,0
1687,1687,103,118,1
851,851,91,116,1
11738,11738,234,364,0
6303,6303,55,386,0
9087,9087,50,381,0
5878,5878,54,61,1
8527,8527,1,367,0
2839,2839,124,240,1
11279,11279,393,265,0
4611,4611,357,373,1
9540,9540,279,339,0
9207,9207,236,158,0
11008,11008,34,271,0
9823,9823,359,319,0
2489,2489,117,129,1
6905,6905,293,348,0
7390,7390,145,406,0
11443,11443,30,195,0
2849,2849,124,307,1
6665,6665,88,258,0
5881,5881,54,132,1
10262,10262,346,31,0
4452,4452,351,361,1
9949,9949,230,270,0
7421,7421,171,331,0
9827,9827,277,73,0
6484,6484,96,200,0
2479,2479,117,119,1
6617,6617,126,23,0
10457,10457,352,55,0
11151,11151,205,304,0
11251,11251,7,332,0
2141,2141,110,235,1
11310,11310,297,34,0
5188,5188,28,60,1
11940,11940,82,358,0
11548,11548,82,166,0
2744,2744,122,232,1
7253,7253,0,306,0
3506,3506,176,235,1
1679,1679,103,110,1
4249,4249,344,375,1
3147,3147,163,240,1
8130,8130,153,190,0
10486,10486,208,114,0
7004,7004,291,236,0
580,580,87,238,1
9662,9662,5,382,0
4070,4070,340,342,1
3343,3343,169,247,1
7404,7404,3,229,0
3672,3672,237,248,1
559,559,87,165,1
5237,5237,30,32,1
7805,7805,140,77,0
11041,11041,102,355,0
512,512,86,307,1
1081,1081,94,124,1
1664,1664,102,242,1
9204,9204,285,23,0
1931,1931,107,116,1
11895,11895,368,202,0
1150,1150,95,121,1
2838,2838,124,239,1
5949,5949,61,62,1
8308,8308,279,313,0
8932,8932,54,336,0
12041,12041,242,361,0
5177,5177,28,49,1
830,830,91,95,1
8311,8311,154,67,0
4752,4752,365,374,1
12005,12005,345,264,0
11960,11960,284,40,0
635,635,88,162,1
4465,4465,351,374,1
6799,6799,154,271,0
7987,7987,222,399,0
7079,7079,346,302,0
6966,6966,14,101,0
4142,4142,341,376,1
7027,7027,361,392,0
9183,9183,240,52,0
876,876,91,172,1
4869,4869,21,42,1
5315,5315,32,37,1
5222,5222,29,55,1
4,4,0,138,1
3051,3051,161,163,1
5691,5691,44,59,1
3124,3124,163,165,1
10852,10852,281,270,0
2491,2491,117,162,1
3854,3854,131,375,1
4777,4777,367,374,1
9907,9907,264,404,0
7509,7509,296,319,0
6457,6457,415,390,0
6293,6293,149,222,0
1148,1148,95,119,1
11453,11453,218,27,0
574,574,87,232,1
3769,3769,20,200,1
4146,4146,342,343,1
853,853,91,118,1
10174,10174,89,365,0
10966,10966,219,86,0
5919,5919,57,268,1
9358,9358,92,313,0
6614,6614,62,415,0
6002,6002,66,204,1
9163,9163,114,322,0
10893,10893,50,317,0
4495,4495,352,377,1
8173,8173,127,249,0
6655,6655,137,205,0
2368,2368,114,244,1
4780,4780,367,377,1
7992,7992,42,313,0
2950,2950,127,176,1
5625,5625,41,394,1
6971,6971,161,358,0
8716,8716,150,222,0
10647,10647,374,330,0
1841,1841,105,230,1
5986,5986,134,202,1
537,537,87,112,1
2806,2806,123,307,1
5801,5801,49,132,1
5596,5596,40,268,1
7206,7206,259,415,0
7343,7343,240,382,0
7560,7560,247,327,0
8096,8096,353,407,0
11367,11367,219,260,0
784,784,90,125,1
1409,1409,99,102,1
10729,10729,300,178,0
154,154,9,216,1
7806,7806,112,196,0
3009,3009,128,248,1
1686,1686,103,117,1
11093,11093,111,270,0
4014,4014,338,365,1
7455,7455,86,331,0
3863,3863,200,340,1
2733,2733,122,169,1
1895,1895,106,171,1
5442,5442,35,62,1
569,569,87,175,1
6709,6709,108,38,0
5854,5854,52,268,1
1816,1816,105,122,1
10257,10257,145,32,0
8319,8319,213,129,0
3394,3394,171,243,1
3327,3327,169,231,1
12282,12282,288,226,0
6102,6102,190,325,1
2975,2975,128,162,1
980,980,93,96,1
10492,10492,303,191,0
190,190,81,219,1
9331,9331,34,335,0
5088,5088,26,41,1
699,699,89,117,1
12006,12006,197,399,0
606,606,88,102,1
301,301,18,119,1
3420,3420,172,243,1
12061,12061,233,41,0
1060,1060,94,103,1
10757,10757,302,320,0
3444,3444,173,242,1
1069,1069,94,112,1
10716,10716,42,227,0
2205,2205,111,243,1
9435,9435,288,91,0
7339,7339,216,127,0
8208,8208,132,182,0
7679,7679,50,133,0
11312,11312,287,311,0
4642,4642,359,363,1
7683,7683,212,217,0
9007,9007,370,44,0
7996,7996,224,239,0
11259,11259,42,331,0
5600,5600,41,43,1
9151,9151,97,327,0
7022,7022,232,348,0
4893,4893,21,268,1
225,225,83,221,1
3354,3354,170,230,1
5895,5895,55,201,1
10677,10677,337,303,0
8754,8754,244,322,0
3436,3436,173,234,1
1693,1693,103,124,1
6893,6893,338,255,0
1045,1045,93,244,1
3446,3446,173,244,1
8050,8050,231,406,0
9146,9146,283,302,0
12281,12281,288,123,0
10927,10927,6,187,0
11296,11296,234,194,0
4735,4735,364,371,1
4496,4496,352,378,1
1218,1218,96,118,1
6015,6015,203,271,1
9719,9719,243,314,0
3987,3987,337,379,1
4911,4911,22,38,1
9492,9492,200,309,0
4493,4493,352,375,1
6944,6944,287,376,0
5699,5699,44,393,1
8352,8352,70,290,0
956,956,92,177,1
11426,11426,337,46,0
2869,2869,125,176,1
11969,11969,149,13,0
4433,4433,350,370,1
4973,4973,23,55,1
2961,2961,127,239,1
2200,2200,111,238,1
98,98,73,211,1
12119,12119,33,180,0
2557,2557,118,231,1
11375,11375,37,316,0
8445,8445,209,47,0
4199,4199,343,360,1
9637,9637,14,133,0
5539,5539,38,268,1
1648,1648,102,174,1
9888,9888,171,47,0
11383,11383,282,371,0
6197,6197,358,415,0
6295,6295,75,96,0
4499,4499,353,355,1
1154,1154,95,125,1
2255,2255,112,238,1
9874,9874,299,129,0
3170,3170,164,177,1
7400,7400,214,113,0
10248,10248,366,327,0
7158,7158,240,258,0
3108,3108,162,236,1
4548,4548,354,379,1
11915,11915,284,398,0
5423,5423,35,43,1
2049,2049,109,117,1
11835,11835,81,204,0
9208,9208,16,96,0
8815,8815,357,34,0
12053,12053,241,28,0
262,262,296,298,1
11561,11561,37,181,0
4061,4061,339,372,1
5534,5534,38,61,1
6616,6616,109,383,0
8120,8120,162,180,0
8155,8155,294,101,0
1802,1802,105,108,1
4736,4736,364,372,1
12292,12292,240,333,0
2385,2385,115,126,1
6694,6694,348,185,0
5759,5759,47,61,1
1959,1959,107,175,1
2976,2976,128,163,1
8680,8680,57,319,0
1843,1843,105,232,1
1734,1734,103,248,1
2911,2911,126,177,1
11411,11411,76,242,0
8338,8338,200,186,0
1986,1986,108,112,1
9561,9561,151,238,0
6546,6546,216,162,0
7098,7098,84,306,0
2811,2811,124,129,1
659,659,88,238,1
9986,9986,5,409,0
2511,2511,117,234,1
11589,11589,301,408,0
4282,4282,345,374,1
9339,9339,278,98,0
11464,11464,147,243,0
8800,8800,125,131,0
6287,6287,322,385,0
11774,11774,32,396,0
1930,1930,107,115,1
7125,7125,283,408,0
197,197,150,289,1
7777,7777,306,256,0
2931,2931,126,306,1
8004,8004,76,385,0
2327,2327,114,120,1
4389,4389,349,355,1
8958,8958,182,336,0
4218,4218,343,379,1
11447,11447,46,392,0
202,202,219,290,1
3510,3510,176,239,1
4931,4931,22,58,1
5535,5535,38,62,1
9925,9925,217,300,0
5791,5791,49,54,1
10969,10969,48,227,0
1707,1707,103,169,1
5172,5172,28,44,1
5249,5249,30,44,1
11666,11666,126,204,0
6528,6528,2,218,0
12116,12116,129,30,0
5855,5855,52,393,1
8164,8164,362,252,0
854,854,91,119,1
4737,4737,364,373,1
10352,10352,397,400,0
698,698,89,116,1
11344,11344,374,227,0
11191,11191,105,407,0
3696,3696,239,306,1
1636,1636,102,162,1
7280,7280,57,386,0
7554,7554,318,262,0
11649,11649,306,194,0
3581,3581,231,307,1
1291,1291,97,121,1
6585,6585,178,396,0
1853,1853,105,242,1
5232,5232,29,201,1
3763,3763,188,322,1
3304,3304,168,237,1
1495,1495,100,121,1
11935,11935,54,399,0
11637,11637,70,187,0
7994,7994,271,412,0
1998,1998,108,124,1
663,663,88,242,1
3748,3748,247,306,1
4413,4413,349,379,1
5530,5530,38,57,1
5575,5575,40,45,1
8901,8901,136,191,0
7526,7526,345,406,0
9474,9474,14,388,0
5864,5864,53,61,1
10867,10867,124,404,0
6776,6776,239,405,0
1306,1306,97,167,1
7392,7392,172,226,0
10429,10429,288,355,0
11494,11494,12,191,0
5592,5592,40,62,1
10230,10230,109,269,0
9721,9721,344,190,0
1663,1663,102,241,1
5450,5450,36,38,1
12220,12220,196,389,0
12245,12245,130,401,0
3627,3627,234,245,1
2693,2693,121,174,1
11252,11252,10,389,0
9789,9789,17,366,0
10921,10921,223,200,0
10817,10817,175,335,0
5915,5915,57,62,1
3157,3157,163,307,1
11506,11506,4,125,0
9914,9914,44,311,0
6668,6668,84,394,0
1059,1059,94,102,1
4636,4636,358,377,1
3242,3242,166,236,1
1678,1678,103,109,1
6892,6892,247,250,0
6374,6374,280,157,0
7574,7574,259,67,0
1757,1757,104,125,1
6019,6019,204,271,1
5116,5116,27,28,1
8755,8755,205,187,0
7408,7408,21,309,0
2790,2790,123,234,1
863,863,91,128,1
7858,7858,222,247,0
1484,1484,100,110,1
7035,7035,16,93,0
7721,7721,280,14,0
5977,5977,64,133,1
5134,5134,27,46,1
206,206,288,291,1
4488,4488,352,370,1
6938,6938,159,310,0
9062,9062,218,301,0
6910,6910,201,266,0
502,502,86,240,1
7385,7385,38,389,0
1028,1028,93,175,1
3840,3840,131,361,1
10882,10882,293,55,0
8110,8110,361,195,0
5056,5056,25,51,1
9762,9762,70,261,0
8154,8154,362,204,0
10965,10965,98,375,0
2731,2731,122,167,1
8996,8996,66,383,0
11837,11837,217,388,0
2454,2454,116,175,1
7215,7215,385,397,0
3104,3104,162,232,1
8392,8392,126,199,0
6278,6278,154,177,0
3099,3099,162,175,1
6184,6184,107,19,0
10470,10470,10,226,0
3561,3561,230,306,1
5892,5892,55,62,1
391,391,85,127,1
6736,6736,165,200,0
5618,5618,41,61,1
5258,5258,30,53,1
9687,9687,82,226,0
2695,2695,121,176,1
2027,2027,108,236,1
5463,5463,36,51,1
2568,2568,118,242,1
8006,8006,377,32,0
64,64,139,208,1
12076,12076,207,333,0
2062,2062,109,161,1
5276,5276,31,34,1
7208,7208,153,48,0
8684,8684,206,222,0
8571,8571,105,55,0
6331,6331,81,408,0
4859,4859,21,32,1
12185,12185,125,225,0
4887,4887,21,60,1
9268,9268,322,56,0
878,878,91,174,1
8529,8529,290,304,0
7916,7916,155,257,0
6863,6863,337,333,0
7892,7892,349,260,0
6439,6439,140,163,0
7869,7869,135,300,0
1016,1016,93,163,1
9467,9467,393,270,0
11990,11990,372,252,0
7629,7629,146,301,0
11534,11534,56,414,0
995,995,93,111,1
10173,10173,75,310,0
4297,4297,346,356,1
161,161,216,285,1
5675,5675,43,393,1
6873,6873,48,312,0
9692,9692,170,52,0
7989,7989,206,229,0
3843,3843,131,364,1
10805,10805,76,259,0
11653,11653,22,320,0
1021,1021,93,168,1
3073,3073,161,237,1
7555,7555,364,198,0
3943,3943,267,377,1
1585,1585,101,176,1
10147,10147,60,329,0
3152,3152,163,245,1
8226,8226,355,256,0
12206,12206,168,38,0
775,775,90,116,1
10748,10748,208,406,0
9670,9670,67,303,0
7099,7099,147,40,0
5486,5486,37,43,1
6235,6235,71,92,0
9555,9555,338,401,0
7041,7041,137,62,0
2612,2612,119,238,1
7513,7513,275,152,0
11016,11016,154,17,0
10233,10233,125,198,0
8433,8433,373,181,0
10253,10253,96,318,0
10555,10555,306,410,0
8792,8792,162,225,0
10627,10627,306,388,0
5393,5393,34,46,1
11080,11080,26,159,0
8838,8838,207,165,0
3890,3890,200,367,1
3556,3556,230,244,1
11394,11394,2,344,0
1528,1528,100,237,1
1267,1267,96,307,1
7734,7734,80,175,0
1899,1899,106,175,1
4658,4658,359,379,1
3005,3005,128,244,1
2734,2734,122,170,1
189,189,81,150,1
9998,9998,236,51,0
9167,9167,129,24,0
2747,2747,122,235,1
2047,2047,109,115,1
7849,7849,69,377,0
2558,2558,118,232,1
9274,9274,269,404,0
8666,8666,240,27,0
11096,11096,361,414,0
6396,6396,222,404,0
3385,3385,171,234,1
4555,4555,355,362,1
1184,1184,95,238,1
6420,6420,93,409,0
5051,5051,25,46,1
5311,5311,32,33,1
2433,2433,116,123,1
6949,6949,71,192,0
10583,10583,62,265,0
769,769,90,110,1
1685,1685,103,116,1
8322,8322,153,369,0
11111,11111,297,129,0
11363,11363,150,354,0
11636,11636,157,407,0
5578,5578,40,48,1
4426,4426,350,363,1
466,466,86,121,1
6265,6265,73,345,0
5734,5734,46,57,1
11284,11284,68,165,0
11964,11964,170,45,0
5191,5191,28,63,1
5390,5390,34,43,1
860,860,91,125,1
7270,7270,308,192,0
