,id,code_id_1,code_id_2,label
0,0,0,1,1
1,1,0,68,1
2,2,0,69,1
3,3,0,137,1
4,4,0,138,1
5,5,0,206,1
6,6,0,207,1
7,7,0,273,1
8,8,0,274,1
9,9,0,275,1
10,10,1,68,1
11,11,1,69,1
12,12,1,137,1
13,13,1,138,1
14,14,1,206,1
15,15,1,207,1
16,16,1,273,1
17,17,1,274,1
18,18,1,275,1
19,19,68,69,1
20,20,68,137,1
21,21,68,138,1
22,22,68,206,1
23,23,68,207,1
24,24,68,273,1
25,25,68,274,1
26,26,68,275,1
27,27,69,137,1
28,28,69,138,1
29,29,69,206,1
30,30,69,207,1
31,31,69,273,1
32,32,69,274,1
33,33,69,275,1
34,34,137,138,1
35,35,137,206,1
36,36,137,207,1
37,37,137,273,1
38,38,137,274,1
39,39,137,275,1
40,40,138,206,1
41,41,138,207,1
42,42,138,273,1
43,43,138,274,1
44,44,138,275,1
45,45,206,207,1
46,46,206,273,1
47,47,206,274,1
48,48,206,275,1
49,49,207,273,1
50,50,207,274,1
51,51,207,275,1
52,52,273,274,1
53,53,273,275,1
54,54,274,275,1
55,55,2,70,1
56,56,2,139,1
57,57,2,208,1
58,58,2,276,1
59,59,2,277,1
60,60,70,139,1
61,61,70,208,1
62,62,70,276,1
63,63,70,277,1
64,64,139,208,1
65,65,139,276,1
66,66,139,277,1
67,67,208,276,1
68,68,208,277,1
69,69,276,277,1
70,70,3,71,1
71,71,3,140,1
72,72,3,209,1
73,73,3,278,1
74,74,71,140,1
75,75,71,209,1
76,76,71,278,1
77,77,140,209,1
78,78,140,278,1
79,79,209,278,1
80,80,4,72,1
81,81,4,141,1
82,82,4,210,1
83,83,4,279,1
84,84,72,141,1
85,85,72,210,1
86,86,72,279,1
87,87,141,210,1
88,88,141,279,1
89,89,210,279,1
90,90,5,73,1
91,91,5,74,1
92,92,5,142,1
93,93,5,211,1
94,94,5,280,1
95,95,5,281,1
96,96,73,74,1
97,97,73,142,1
98,98,73,211,1
99,99,73,280,1
100,100,73,281,1
101,101,74,142,1
102,102,74,211,1
103,103,74,280,1
104,104,74,281,1
105,105,142,211,1
106,106,142,280,1
107,107,142,281,1
108,108,211,280,1
109,109,211,281,1
110,110,280,281,1
111,111,6,75,1
112,112,6,143,1
113,113,6,144,1
114,114,6,212,1
115,115,6,213,1
116,116,6,282,1
117,117,75,143,1
118,118,75,144,1
119,119,75,212,1
120,120,75,213,1
121,121,75,282,1
122,122,143,144,1
123,123,143,212,1
124,124,143,213,1
125,125,143,282,1
126,126,144,212,1
127,127,144,213,1
128,128,144,282,1
129,129,212,213,1
130,130,212,282,1
131,131,213,282,1
132,132,7,76,1
133,133,7,145,1
134,134,7,214,1
135,135,7,283,1
136,136,76,145,1
137,137,76,214,1
138,138,76,283,1
139,139,145,214,1
140,140,145,283,1
141,141,214,283,1
142,142,8,77,1
143,143,8,146,1
144,144,8,215,1
145,145,8,284,1
146,146,77,146,1
147,147,77,215,1
148,148,77,284,1
149,149,146,215,1
150,150,146,284,1
151,151,215,284,1
152,152,9,78,1
153,153,9,147,1
154,154,9,216,1
155,155,9,285,1
156,156,78,147,1
157,157,78,216,1
158,158,78,285,1
159,159,147,216,1
160,160,147,285,1
161,161,216,285,1
162,162,10,79,1
163,163,10,148,1
164,164,10,217,1
165,165,10,286,1
166,166,79,148,1
167,167,79,217,1
168,168,79,286,1
169,169,148,217,1
170,170,148,286,1
171,171,217,286,1
172,172,11,80,1
173,173,11,149,1
174,174,11,218,1
175,175,11,287,1
176,176,80,149,1
177,177,80,218,1
178,178,80,287,1
179,179,149,218,1
180,180,149,287,1
181,181,218,287,1
182,182,12,81,1
183,183,12,150,1
184,184,12,219,1
185,185,12,288,1
186,186,12,289,1
187,187,12,290,1
188,188,12,291,1
189,189,81,150,1
190,190,81,219,1
191,191,81,288,1
192,192,81,289,1
193,193,81,290,1
194,194,81,291,1
195,195,150,219,1
196,196,150,288,1
197,197,150,289,1
198,198,150,290,1
199,199,150,291,1
200,200,219,288,1
201,201,219,289,1
202,202,219,290,1
203,203,219,291,1
204,204,288,289,1
205,205,288,290,1
206,206,288,291,1
207,207,289,290,1
208,208,289,291,1
209,209,290,291,1
210,210,13,82,1
211,211,13,151,1
212,212,13,220,1
213,213,13,292,1
214,214,82,151,1
215,215,82,220,1
216,216,82,292,1
217,217,151,220,1
218,218,151,292,1
219,219,220,292,1
220,220,14,83,1
221,221,14,152,1
222,222,14,221,1
223,223,14,293,1
224,224,83,152,1
225,225,83,221,1
226,226,83,293,1
227,227,152,221,1
228,228,152,293,1
229,229,221,293,1
230,230,15,84,1
231,231,15,153,1
232,232,15,222,1
233,233,15,294,1
234,234,84,153,1
235,235,84,222,1
236,236,84,294,1
237,237,153,222,1
238,238,153,294,1
239,239,222,294,1
240,240,16,154,1
241,241,16,223,1
242,242,16,295,1
243,243,154,223,1
244,244,154,295,1
245,245,223,295,1
246,246,17,155,1
247,247,17,224,1
248,248,17,296,1
249,249,17,297,1
250,250,17,298,1
251,251,17,299,1
252,252,155,224,1
253,253,155,296,1
254,254,155,297,1
255,255,155,298,1
256,256,155,299,1
257,257,224,296,1
258,258,224,297,1
259,259,224,298,1
260,260,224,299,1
261,261,296,297,1
262,262,296,298,1
263,263,296,299,1
264,264,297,298,1
265,265,297,299,1
266,266,298,299,1
267,267,18,85,1
268,268,18,86,1
269,269,18,87,1
270,270,18,88,1
271,271,18,89,1
272,272,18,90,1
273,273,18,91,1
274,274,18,92,1
275,275,18,93,1
276,276,18,94,1
277,277,18,95,1
278,278,18,96,1
279,279,18,97,1
280,280,18,98,1
281,281,18,99,1
282,282,18,100,1
283,283,18,101,1
284,284,18,102,1
285,285,18,103,1
286,286,18,104,1
287,287,18,105,1
288,288,18,106,1
289,289,18,107,1
290,290,18,108,1
291,291,18,109,1
292,292,18,110,1
293,293,18,111,1
294,294,18,112,1
295,295,18,113,1
296,296,18,114,1
297,297,18,115,1
298,298,18,116,1
299,299,18,117,1
300,300,18,118,1
301,301,18,119,1
302,302,18,120,1
303,303,18,121,1
304,304,18,122,1
305,305,18,123,1
306,306,18,124,1
307,307,18,125,1
308,308,18,126,1
309,309,18,127,1
310,310,18,128,1
311,311,18,129,1
312,312,18,161,1
313,313,18,162,1
314,314,18,163,1
315,315,18,164,1
316,316,18,165,1
317,317,18,166,1
318,318,18,167,1
319,319,18,168,1
320,320,18,169,1
321,321,18,170,1
322,322,18,171,1
323,323,18,172,1
324,324,18,173,1
325,325,18,174,1
326,326,18,175,1
327,327,18,176,1
328,328,18,177,1
329,329,18,230,1
330,330,18,231,1
331,331,18,232,1
332,332,18,233,1
333,333,18,234,1
334,334,18,235,1
335,335,18,236,1
336,336,18,237,1
337,337,18,238,1
338,338,18,239,1
339,339,18,240,1
340,340,18,241,1
341,341,18,242,1
342,342,18,243,1
343,343,18,244,1
344,344,18,245,1
345,345,18,246,1
346,346,18,247,1
347,347,18,248,1
348,348,18,306,1
349,349,18,307,1
350,350,85,86,1
351,351,85,87,1
352,352,85,88,1
353,353,85,89,1
354,354,85,90,1
355,355,85,91,1
356,356,85,92,1
357,357,85,93,1
358,358,85,94,1
359,359,85,95,1
360,360,85,96,1
361,361,85,97,1
362,362,85,98,1
363,363,85,99,1
364,364,85,100,1
365,365,85,101,1
366,366,85,102,1
367,367,85,103,1
368,368,85,104,1
369,369,85,105,1
370,370,85,106,1
371,371,85,107,1
372,372,85,108,1
373,373,85,109,1
374,374,85,110,1
375,375,85,111,1
376,376,85,112,1
377,377,85,113,1
378,378,85,114,1
379,379,85,115,1
380,380,85,116,1
381,381,85,117,1
382,382,85,118,1
383,383,85,119,1
384,384,85,120,1
385,385,85,121,1
386,386,85,122,1
387,387,85,123,1
388,388,85,124,1
389,389,85,125,1
390,390,85,126,1
391,391,85,127,1
392,392,85,128,1
393,393,85,129,1
394,394,85,161,1
395,395,85,162,1
396,396,85,163,1
397,397,85,164,1
398,398,85,165,1
399,399,85,166,1
400,400,85,167,1
401,401,85,168,1
402,402,85,169,1
403,403,85,170,1
404,404,85,171,1
405,405,85,172,1
406,406,85,173,1
407,407,85,174,1
408,408,85,175,1
409,409,85,176,1
410,410,85,177,1
411,411,85,230,1
412,412,85,231,1
413,413,85,232,1
414,414,85,233,1
415,415,85,234,1
416,416,85,235,1
417,417,85,236,1
418,418,85,237,1
419,419,85,238,1
420,420,85,239,1
421,421,85,240,1
422,422,85,241,1
423,423,85,242,1
424,424,85,243,1
425,425,85,244,1
426,426,85,245,1
427,427,85,246,1
428,428,85,247,1
429,429,85,248,1
430,430,85,306,1
431,431,85,307,1
432,432,86,87,1
433,433,86,88,1
434,434,86,89,1
435,435,86,90,1
436,436,86,91,1
437,437,86,92,1
438,438,86,93,1
439,439,86,94,1
440,440,86,95,1
441,441,86,96,1
442,442,86,97,1
443,443,86,98,1
444,444,86,99,1
445,445,86,100,1
446,446,86,101,1
447,447,86,102,1
448,448,86,103,1
449,449,86,104,1
450,450,86,105,1
451,451,86,106,1
452,452,86,107,1
453,453,86,108,1
454,454,86,109,1
455,455,86,110,1
456,456,86,111,1
457,457,86,112,1
458,458,86,113,1
459,459,86,114,1
460,460,86,115,1
461,461,86,116,1
462,462,86,117,1
463,463,86,118,1
464,464,86,119,1
465,465,86,120,1
466,466,86,121,1
467,467,86,122,1
468,468,86,123,1
469,469,86,124,1
470,470,86,125,1
471,471,86,126,1
472,472,86,127,1
473,473,86,128,1
474,474,86,129,1
475,475,86,161,1
476,476,86,162,1
477,477,86,163,1
478,478,86,164,1
479,479,86,165,1
480,480,86,166,1
481,481,86,167,1
482,482,86,168,1
483,483,86,169,1
484,484,86,170,1
485,485,86,171,1
486,486,86,172,1
487,487,86,173,1
488,488,86,174,1
489,489,86,175,1
490,490,86,176,1
491,491,86,177,1
492,492,86,230,1
493,493,86,231,1
494,494,86,232,1
495,495,86,233,1
496,496,86,234,1
497,497,86,235,1
498,498,86,236,1
499,499,86,237,1
500,500,86,238,1
501,501,86,239,1
502,502,86,240,1
503,503,86,241,1
504,504,86,242,1
505,505,86,243,1
506,506,86,244,1
507,507,86,245,1
508,508,86,246,1
509,509,86,247,1
510,510,86,248,1
511,511,86,306,1
512,512,86,307,1
513,513,87,88,1
514,514,87,89,1
515,515,87,90,1
516,516,87,91,1
517,517,87,92,1
518,518,87,93,1
519,519,87,94,1
520,520,87,95,1
521,521,87,96,1
522,522,87,97,1
523,523,87,98,1
524,524,87,99,1
525,525,87,100,1
526,526,87,101,1
527,527,87,102,1
528,528,87,103,1
529,529,87,104,1
530,530,87,105,1
531,531,87,106,1
532,532,87,107,1
533,533,87,108,1
534,534,87,109,1
535,535,87,110,1
536,536,87,111,1
537,537,87,112,1
538,538,87,113,1
539,539,87,114,1
540,540,87,115,1
541,541,87,116,1
542,542,87,117,1
543,543,87,118,1
544,544,87,119,1
545,545,87,120,1
546,546,87,121,1
547,547,87,122,1
548,548,87,123,1
549,549,87,124,1
550,550,87,125,1
551,551,87,126,1
552,552,87,127,1
553,553,87,128,1
554,554,87,129,1
555,555,87,161,1
556,556,87,162,1
557,557,87,163,1
558,558,87,164,1
559,559,87,165,1
560,560,87,166,1
561,561,87,167,1
562,562,87,168,1
563,563,87,169,1
564,564,87,170,1
565,565,87,171,1
566,566,87,172,1
567,567,87,173,1
568,568,87,174,1
569,569,87,175,1
570,570,87,176,1
571,571,87,177,1
572,572,87,230,1
573,573,87,231,1
574,574,87,232,1
575,575,87,233,1
576,576,87,234,1
577,577,87,235,1
578,578,87,236,1
579,579,87,237,1
580,580,87,238,1
581,581,87,239,1
582,582,87,240,1
583,583,87,241,1
584,584,87,242,1
585,585,87,243,1
586,586,87,244,1
587,587,87,245,1
588,588,87,246,1
589,589,87,247,1
590,590,87,248,1
591,591,87,306,1
592,592,87,307,1
593,593,88,89,1
594,594,88,90,1
595,595,88,91,1
596,596,88,92,1
597,597,88,93,1
598,598,88,94,1
599,599,88,95,1
600,600,88,96,1
601,601,88,97,1
602,602,88,98,1
603,603,88,99,1
604,604,88,100,1
605,605,88,101,1
606,606,88,102,1
607,607,88,103,1
608,608,88,104,1
609,609,88,105,1
610,610,88,106,1
611,611,88,107,1
612,612,88,108,1
613,613,88,109,1
614,614,88,110,1
615,615,88,111,1
616,616,88,112,1
617,617,88,113,1
618,618,88,114,1
619,619,88,115,1
620,620,88,116,1
621,621,88,117,1
622,622,88,118,1
623,623,88,119,1
624,624,88,120,1
625,625,88,121,1
626,626,88,122,1
627,627,88,123,1
628,628,88,124,1
629,629,88,125,1
630,630,88,126,1
631,631,88,127,1
632,632,88,128,1
633,633,88,129,1
634,634,88,161,1
635,635,88,162,1
636,636,88,163,1
637,637,88,164,1
638,638,88,165,1
639,639,88,166,1
640,640,88,167,1
641,641,88,168,1
642,642,88,169,1
643,643,88,170,1
644,644,88,171,1
645,645,88,172,1
646,646,88,173,1
647,647,88,174,1
648,648,88,175,1
649,649,88,176,1
650,650,88,177,1
651,651,88,230,1
652,652,88,231,1
653,653,88,232,1
654,654,88,233,1
655,655,88,234,1
656,656,88,235,1
657,657,88,236,1
658,658,88,237,1
659,659,88,238,1
660,660,88,239,1
661,661,88,240,1
662,662,88,241,1
663,663,88,242,1
664,664,88,243,1
665,665,88,244,1
666,666,88,245,1
667,667,88,246,1
668,668,88,247,1
669,669,88,248,1
670,670,88,306,1
671,671,88,307,1
672,672,89,90,1
673,673,89,91,1
674,674,89,92,1
675,675,89,93,1
676,676,89,94,1
677,677,89,95,1
678,678,89,96,1
679,679,89,97,1
680,680,89,98,1
681,681,89,99,1
682,682,89,100,1
683,683,89,101,1
684,684,89,102,1
685,685,89,103,1
686,686,89,104,1
687,687,89,105,1
688,688,89,106,1
689,689,89,107,1
690,690,89,108,1
691,691,89,109,1
692,692,89,110,1
693,693,89,111,1
694,694,89,112,1
695,695,89,113,1
696,696,89,114,1
697,697,89,115,1
698,698,89,116,1
699,699,89,117,1
700,700,89,118,1
701,701,89,119,1
702,702,89,120,1
703,703,89,121,1
704,704,89,122,1
705,705,89,123,1
706,706,89,124,1
707,707,89,125,1
708,708,89,126,1
709,709,89,127,1
710,710,89,128,1
711,711,89,129,1
712,712,89,161,1
713,713,89,162,1
714,714,89,163,1
715,715,89,164,1
716,716,89,165,1
717,717,89,166,1
718,718,89,167,1
719,719,89,168,1
720,720,89,169,1
721,721,89,170,1
722,722,89,171,1
723,723,89,172,1
724,724,89,173,1
725,725,89,174,1
726,726,89,175,1
727,727,89,176,1
728,728,89,177,1
729,729,89,230,1
730,730,89,231,1
731,731,89,232,1
732,732,89,233,1
733,733,89,234,1
734,734,89,235,1
735,735,89,236,1
736,736,89,237,1
737,737,89,238,1
738,738,89,239,1
739,739,89,240,1
740,740,89,241,1
741,741,89,242,1
742,742,89,243,1
743,743,89,244,1
744,744,89,245,1
745,745,89,246,1
746,746,89,247,1
747,747,89,248,1
748,748,89,306,1
749,749,89,307,1
750,750,90,91,1
751,751,90,92,1
752,752,90,93,1
753,753,90,94,1
754,754,90,95,1
755,755,90,96,1
756,756,90,97,1
757,757,90,98,1
758,758,90,99,1
759,759,90,100,1
760,760,90,101,1
761,761,90,102,1
762,762,90,103,1
763,763,90,104,1
764,764,90,105,1
765,765,90,106,1
766,766,90,107,1
767,767,90,108,1
768,768,90,109,1
769,769,90,110,1
770,770,90,111,1
771,771,90,112,1
772,772,90,113,1
773,773,90,114,1
774,774,90,115,1
775,775,90,116,1
776,776,90,117,1
777,777,90,118,1
778,778,90,119,1
779,779,90,120,1
780,780,90,121,1
781,781,90,122,1
782,782,90,123,1
783,783,90,124,1
784,784,90,125,1
785,785,90,126,1
786,786,90,127,1
787,787,90,128,1
788,788,90,129,1
789,789,90,161,1
790,790,90,162,1
791,791,90,163,1
792,792,90,164,1
793,793,90,165,1
794,794,90,166,1
795,795,90,167,1
796,796,90,168,1
797,797,90,169,1
798,798,90,170,1
799,799,90,171,1
800,800,90,172,1
801,801,90,173,1
802,802,90,174,1
803,803,90,175,1
804,804,90,176,1
805,805,90,177,1
806,806,90,230,1
807,807,90,231,1
808,808,90,232,1
809,809,90,233,1
810,810,90,234,1
811,811,90,235,1
812,812,90,236,1
813,813,90,237,1
814,814,90,238,1
815,815,90,239,1
816,816,90,240,1
817,817,90,241,1
818,818,90,242,1
819,819,90,243,1
820,820,90,244,1
821,821,90,245,1
822,822,90,246,1
823,823,90,247,1
824,824,90,248,1
825,825,90,306,1
826,826,90,307,1
827,827,91,92,1
828,828,91,93,1
829,829,91,94,1
830,830,91,95,1
831,831,91,96,1
832,832,91,97,1
833,833,91,98,1
834,834,91,99,1
835,835,91,100,1
836,836,91,101,1
837,837,91,102,1
838,838,91,103,1
839,839,91,104,1
840,840,91,105,1
841,841,91,106,1
842,842,91,107,1
843,843,91,108,1
844,844,91,109,1
845,845,91,110,1
846,846,91,111,1
847,847,91,112,1
848,848,91,113,1
849,849,91,114,1
850,850,91,115,1
851,851,91,116,1
852,852,91,117,1
853,853,91,118,1
854,854,91,119,1
855,855,91,120,1
856,856,91,121,1
857,857,91,122,1
858,858,91,123,1
859,859,91,124,1
860,860,91,125,1
861,861,91,126,1
862,862,91,127,1
863,863,91,128,1
864,864,91,129,1
865,865,91,161,1
866,866,91,162,1
867,867,91,163,1
868,868,91,164,1
869,869,91,165,1
870,870,91,166,1
871,871,91,167,1
872,872,91,168,1
873,873,91,169,1
874,874,91,170,1
875,875,91,171,1
876,876,91,172,1
877,877,91,173,1
878,878,91,174,1
879,879,91,175,1
880,880,91,176,1
881,881,91,177,1
882,882,91,230,1
883,883,91,231,1
884,884,91,232,1
885,885,91,233,1
886,886,91,234,1
887,887,91,235,1
888,888,91,236,1
889,889,91,237,1
890,890,91,238,1
891,891,91,239,1
892,892,91,240,1
893,893,91,241,1
894,894,91,242,1
895,895,91,243,1
896,896,91,244,1
897,897,91,245,1
898,898,91,246,1
899,899,91,247,1
900,900,91,248,1
901,901,91,306,1
902,902,91,307,1
903,903,92,93,1
904,904,92,94,1
905,905,92,95,1
906,906,92,96,1
907,907,92,97,1
908,908,92,98,1
909,909,92,99,1
910,910,92,100,1
911,911,92,101,1
912,912,92,102,1
913,913,92,103,1
914,914,92,104,1
915,915,92,105,1
916,916,92,106,1
917,917,92,107,1
918,918,92,108,1
919,919,92,109,1
920,920,92,110,1
921,921,92,111,1
922,922,92,112,1
923,923,92,113,1
924,924,92,114,1
925,925,92,115,1
926,926,92,116,1
927,927,92,117,1
928,928,92,118,1
929,929,92,119,1
930,930,92,120,1
931,931,92,121,1
932,932,92,122,1
933,933,92,123,1
934,934,92,124,1
935,935,92,125,1
936,936,92,126,1
937,937,92,127,1
938,938,92,128,1
939,939,92,129,1
940,940,92,161,1
941,941,92,162,1
942,942,92,163,1
943,943,92,164,1
944,944,92,165,1
945,945,92,166,1
946,946,92,167,1
947,947,92,168,1
948,948,92,169,1
949,949,92,170,1
950,950,92,171,1
951,951,92,172,1
952,952,92,173,1
953,953,92,174,1
954,954,92,175,1
955,955,92,176,1
956,956,92,177,1
957,957,92,230,1
958,958,92,231,1
959,959,92,232,1
960,960,92,233,1
961,961,92,234,1
962,962,92,235,1
963,963,92,236,1
964,964,92,237,1
965,965,92,238,1
966,966,92,239,1
967,967,92,240,1
968,968,92,241,1
969,969,92,242,1
970,970,92,243,1
971,971,92,244,1
972,972,92,245,1
973,973,92,246,1
974,974,92,247,1
975,975,92,248,1
976,976,92,306,1
977,977,92,307,1
978,978,93,94,1
979,979,93,95,1
980,980,93,96,1
981,981,93,97,1
982,982,93,98,1
983,983,93,99,1
984,984,93,100,1
985,985,93,101,1
986,986,93,102,1
987,987,93,103,1
988,988,93,104,1
989,989,93,105,1
990,990,93,106,1
991,991,93,107,1
992,992,93,108,1
993,993,93,109,1
994,994,93,110,1
995,995,93,111,1
996,996,93,112,1
997,997,93,113,1
998,998,93,114,1
999,999,93,115,1
1000,1000,93,116,1
1001,1001,93,117,1
1002,1002,93,118,1
1003,1003,93,119,1
1004,1004,93,120,1
1005,1005,93,121,1
1006,1006,93,122,1
1007,1007,93,123,1
1008,1008,93,124,1
1009,1009,93,125,1
1010,1010,93,126,1
1011,1011,93,127,1
1012,1012,93,128,1
1013,1013,93,129,1
1014,1014,93,161,1
1015,1015,93,162,1
1016,1016,93,163,1
1017,1017,93,164,1
1018,1018,93,165,1
1019,1019,93,166,1
1020,1020,93,167,1
1021,1021,93,168,1
1022,1022,93,169,1
1023,1023,93,170,1
1024,1024,93,171,1
1025,1025,93,172,1
1026,1026,93,173,1
1027,1027,93,174,1
1028,1028,93,175,1
1029,1029,93,176,1
1030,1030,93,177,1
1031,1031,93,230,1
1032,1032,93,231,1
1033,1033,93,232,1
1034,1034,93,233,1
1035,1035,93,234,1
1036,1036,93,235,1
1037,1037,93,236,1
1038,1038,93,237,1
1039,1039,93,238,1
1040,1040,93,239,1
1041,1041,93,240,1
1042,1042,93,241,1
1043,1043,93,242,1
1044,1044,93,243,1
1045,1045,93,244,1
1046,1046,93,245,1
1047,1047,93,246,1
1048,1048,93,247,1
1049,1049,93,248,1
1050,1050,93,306,1
1051,1051,93,307,1
1052,1052,94,95,1
1053,1053,94,96,1
1054,1054,94,97,1
1055,1055,94,98,1
1056,1056,94,99,1
1057,1057,94,100,1
1058,1058,94,101,1
1059,1059,94,102,1
1060,1060,94,103,1
1061,1061,94,104,1
1062,1062,94,105,1
1063,1063,94,106,1
1064,1064,94,107,1
1065,1065,94,108,1
1066,1066,94,109,1
1067,1067,94,110,1
1068,1068,94,111,1
1069,1069,94,112,1
1070,1070,94,113,1
1071,1071,94,114,1
1072,1072,94,115,1
1073,1073,94,116,1
1074,1074,94,117,1
1075,1075,94,118,1
1076,1076,94,119,1
1077,1077,94,120,1
1078,1078,94,121,1
1079,1079,94,122,1
1080,1080,94,123,1
1081,1081,94,124,1
1082,1082,94,125,1
1083,1083,94,126,1
1084,1084,94,127,1
1085,1085,94,128,1
1086,1086,94,129,1
1087,1087,94,161,1
1088,1088,94,162,1
1089,1089,94,163,1
1090,1090,94,164,1
1091,1091,94,165,1
1092,1092,94,166,1
1093,1093,94,167,1
1094,1094,94,168,1
1095,1095,94,169,1
1096,1096,94,170,1
1097,1097,94,171,1
1098,1098,94,172,1
1099,1099,94,173,1
1100,1100,94,174,1
1101,1101,94,175,1
1102,1102,94,176,1
1103,1103,94,177,1
1104,1104,94,230,1
1105,1105,94,231,1
1106,1106,94,232,1
1107,1107,94,233,1
1108,1108,94,234,1
1109,1109,94,235,1
1110,1110,94,236,1
1111,1111,94,237,1
1112,1112,94,238,1
1113,1113,94,239,1
1114,1114,94,240,1
1115,1115,94,241,1
1116,1116,94,242,1
1117,1117,94,243,1
1118,1118,94,244,1
1119,1119,94,245,1
1120,1120,94,246,1
1121,1121,94,247,1
1122,1122,94,248,1
1123,1123,94,306,1
1124,1124,94,307,1
1125,1125,95,96,1
1126,1126,95,97,1
1127,1127,95,98,1
1128,1128,95,99,1
1129,1129,95,100,1
1130,1130,95,101,1
1131,1131,95,102,1
1132,1132,95,103,1
1133,1133,95,104,1
1134,1134,95,105,1
1135,1135,95,106,1
1136,1136,95,107,1
1137,1137,95,108,1
1138,1138,95,109,1
1139,1139,95,110,1
1140,1140,95,111,1
1141,1141,95,112,1
1142,1142,95,113,1
1143,1143,95,114,1
1144,1144,95,115,1
1145,1145,95,116,1
1146,1146,95,117,1
1147,1147,95,118,1
1148,1148,95,119,1
1149,1149,95,120,1
1150,1150,95,121,1
1151,1151,95,122,1
1152,1152,95,123,1
1153,1153,95,124,1
1154,1154,95,125,1
1155,1155,95,126,1
1156,1156,95,127,1
1157,1157,95,128,1
1158,1158,95,129,1
1159,1159,95,161,1
1160,1160,95,162,1
1161,1161,95,163,1
1162,1162,95,164,1
1163,1163,95,165,1
1164,1164,95,166,1
1165,1165,95,167,1
1166,1166,95,168,1
1167,1167,95,169,1
1168,1168,95,170,1
1169,1169,95,171,1
1170,1170,95,172,1
1171,1171,95,173,1
1172,1172,95,174,1
1173,1173,95,175,1
1174,1174,95,176,1
1175,1175,95,177,1
1176,1176,95,230,1
1177,1177,95,231,1
1178,1178,95,232,1
1179,1179,95,233,1
1180,1180,95,234,1
1181,1181,95,235,1
1182,1182,95,236,1
1183,1183,95,237,1
1184,1184,95,238,1
1185,1185,95,239,1
1186,1186,95,240,1
1187,1187,95,241,1
1188,1188,95,242,1
1189,1189,95,243,1
1190,1190,95,244,1
1191,1191,95,245,1
1192,1192,95,246,1
1193,1193,95,247,1
1194,1194,95,248,1
1195,1195,95,306,1
1196,1196,95,307,1
1197,1197,96,97,1
1198,1198,96,98,1
1199,1199,96,99,1
1200,1200,96,100,1
1201,1201,96,101,1
1202,1202,96,102,1
1203,1203,96,103,1
1204,1204,96,104,1
1205,1205,96,105,1
1206,1206,96,106,1
1207,1207,96,107,1
1208,1208,96,108,1
1209,1209,96,109,1
1210,1210,96,110,1
1211,1211,96,111,1
1212,1212,96,112,1
1213,1213,96,113,1
1214,1214,96,114,1
1215,1215,96,115,1
1216,1216,96,116,1
1217,1217,96,117,1
1218,1218,96,118,1
1219,1219,96,119,1
1220,1220,96,120,1
1221,1221,96,121,1
1222,1222,96,122,1
1223,1223,96,123,1
1224,1224,96,124,1
1225,1225,96,125,1
1226,1226,96,126,1
1227,1227,96,127,1
1228,1228,96,128,1
1229,1229,96,129,1
1230,1230,96,161,1
1231,1231,96,162,1
1232,1232,96,163,1
1233,1233,96,164,1
1234,1234,96,165,1
1235,1235,96,166,1
1236,1236,96,167,1
1237,1237,96,168,1
1238,1238,96,169,1
1239,1239,96,170,1
1240,1240,96,171,1
1241,1241,96,172,1
1242,1242,96,173,1
1243,1243,96,174,1
1244,1244,96,175,1
1245,1245,96,176,1
1246,1246,96,177,1
1247,1247,96,230,1
1248,1248,96,231,1
1249,1249,96,232,1
1250,1250,96,233,1
1251,1251,96,234,1
1252,1252,96,235,1
1253,1253,96,236,1
1254,1254,96,237,1
1255,1255,96,238,1
1256,1256,96,239,1
1257,1257,96,240,1
1258,1258,96,241,1
1259,1259,96,242,1
1260,1260,96,243,1
1261,1261,96,244,1
1262,1262,96,245,1
1263,1263,96,246,1
1264,1264,96,247,1
1265,1265,96,248,1
1266,1266,96,306,1
1267,1267,96,307,1
1268,1268,97,98,1
1269,1269,97,99,1
1270,1270,97,100,1
1271,1271,97,101,1
1272,1272,97,102,1
1273,1273,97,103,1
1274,1274,97,104,1
1275,1275,97,105,1
1276,1276,97,106,1
1277,1277,97,107,1
1278,1278,97,108,1
1279,1279,97,109,1
1280,1280,97,110,1
1281,1281,97,111,1
1282,1282,97,112,1
1283,1283,97,113,1
1284,1284,97,114,1
1285,1285,97,115,1
1286,1286,97,116,1
1287,1287,97,117,1
1288,1288,97,118,1
1289,1289,97,119,1
1290,1290,97,120,1
1291,1291,97,121,1
1292,1292,97,122,1
1293,1293,97,123,1
1294,1294,97,124,1
1295,1295,97,125,1
1296,1296,97,126,1
1297,1297,97,127,1
1298,1298,97,128,1
1299,1299,97,129,1
1300,1300,97,161,1
1301,1301,97,162,1
1302,1302,97,163,1
1303,1303,97,164,1
1304,1304,97,165,1
1305,1305,97,166,1
1306,1306,97,167,1
1307,1307,97,168,1
1308,1308,97,169,1
1309,1309,97,170,1
1310,1310,97,171,1
1311,1311,97,172,1
1312,1312,97,173,1
1313,1313,97,174,1
1314,1314,97,175,1
1315,1315,97,176,1
1316,1316,97,177,1
1317,1317,97,230,1
1318,1318,97,231,1
1319,1319,97,232,1
1320,1320,97,233,1
1321,1321,97,234,1
1322,1322,97,235,1
1323,1323,97,236,1
1324,1324,97,237,1
1325,1325,97,238,1
1326,1326,97,239,1
1327,1327,97,240,1
1328,1328,97,241,1
1329,1329,97,242,1
1330,1330,97,243,1
1331,1331,97,244,1
1332,1332,97,245,1
1333,1333,97,246,1
1334,1334,97,247,1
1335,1335,97,248,1
1336,1336,97,306,1
1337,1337,97,307,1
1338,1338,98,99,1
1339,1339,98,100,1
1340,1340,98,101,1
1341,1341,98,102,1
1342,1342,98,103,1
1343,1343,98,104,1
1344,1344,98,105,1
1345,1345,98,106,1
1346,1346,98,107,1
1347,1347,98,108,1
1348,1348,98,109,1
1349,1349,98,110,1
1350,1350,98,111,1
1351,1351,98,112,1
1352,1352,98,113,1
1353,1353,98,114,1
1354,1354,98,115,1
1355,1355,98,116,1
1356,1356,98,117,1
1357,1357,98,118,1
1358,1358,98,119,1
1359,1359,98,120,1
1360,1360,98,121,1
1361,1361,98,122,1
1362,1362,98,123,1
1363,1363,98,124,1
1364,1364,98,125,1
1365,1365,98,126,1
1366,1366,98,127,1
1367,1367,98,128,1
1368,1368,98,129,1
1369,1369,98,161,1
1370,1370,98,162,1
1371,1371,98,163,1
1372,1372,98,164,1
1373,1373,98,165,1
1374,1374,98,166,1
1375,1375,98,167,1
1376,1376,98,168,1
1377,1377,98,169,1
1378,1378,98,170,1
1379,1379,98,171,1
1380,1380,98,172,1
1381,1381,98,173,1
1382,1382,98,174,1
1383,1383,98,175,1
1384,1384,98,176,1
1385,1385,98,177,1
1386,1386,98,230,1
1387,1387,98,231,1
1388,1388,98,232,1
1389,1389,98,233,1
1390,1390,98,234,1
1391,1391,98,235,1
1392,1392,98,236,1
1393,1393,98,237,1
1394,1394,98,238,1
1395,1395,98,239,1
1396,1396,98,240,1
1397,1397,98,241,1
1398,1398,98,242,1
1399,1399,98,243,1
1400,1400,98,244,1
1401,1401,98,245,1
1402,1402,98,246,1
1403,1403,98,247,1
1404,1404,98,248,1
1405,1405,98,306,1
1406,1406,98,307,1
1407,1407,99,100,1
1408,1408,99,101,1
1409,1409,99,102,1
1410,1410,99,103,1
1411,1411,99,104,1
1412,1412,99,105,1
1413,1413,99,106,1
1414,1414,99,107,1
1415,1415,99,108,1
1416,1416,99,109,1
1417,1417,99,110,1
1418,1418,99,111,1
1419,1419,99,112,1
1420,1420,99,113,1
1421,1421,99,114,1
1422,1422,99,115,1
1423,1423,99,116,1
1424,1424,99,117,1
1425,1425,99,118,1
1426,1426,99,119,1
1427,1427,99,120,1
1428,1428,99,121,1
1429,1429,99,122,1
1430,1430,99,123,1
1431,1431,99,124,1
1432,1432,99,125,1
1433,1433,99,126,1
1434,1434,99,127,1
1435,1435,99,128,1
1436,1436,99,129,1
1437,1437,99,161,1
1438,1438,99,162,1
1439,1439,99,163,1
1440,1440,99,164,1
1441,1441,99,165,1
1442,1442,99,166,1
1443,1443,99,167,1
1444,1444,99,168,1
1445,1445,99,169,1
1446,1446,99,170,1
1447,1447,99,171,1
1448,1448,99,172,1
1449,1449,99,173,1
1450,1450,99,174,1
1451,1451,99,175,1
1452,1452,99,176,1
1453,1453,99,177,1
1454,1454,99,230,1
1455,1455,99,231,1
1456,1456,99,232,1
1457,1457,99,233,1
1458,1458,99,234,1
1459,1459,99,235,1
1460,1460,99,236,1
1461,1461,99,237,1
1462,1462,99,238,1
1463,1463,99,239,1
1464,1464,99,240,1
1465,1465,99,241,1
1466,1466,99,242,1
1467,1467,99,243,1
1468,1468,99,244,1
1469,1469,99,245,1
1470,1470,99,246,1
1471,1471,99,247,1
1472,1472,99,248,1
1473,1473,99,306,1
1474,1474,99,307,1
1475,1475,100,101,1
1476,1476,100,102,1
1477,1477,100,103,1
1478,1478,100,104,1
1479,1479,100,105,1
1480,1480,100,106,1
1481,1481,100,107,1
1482,1482,100,108,1
1483,1483,100,109,1
1484,1484,100,110,1
1485,1485,100,111,1
1486,1486,100,112,1
1487,1487,100,113,1
1488,1488,100,114,1
1489,1489,100,115,1
1490,1490,100,116,1
1491,1491,100,117,1
1492,1492,100,118,1
1493,1493,100,119,1
1494,1494,100,120,1
1495,1495,100,121,1
1496,1496,100,122,1
1497,1497,100,123,1
1498,1498,100,124,1
1499,1499,100,125,1
1500,1500,100,126,1
1501,1501,100,127,1
1502,1502,100,128,1
1503,1503,100,129,1
1504,1504,100,161,1
1505,1505,100,162,1
1506,1506,100,163,1
1507,1507,100,164,1
1508,1508,100,165,1
1509,1509,100,166,1
1510,1510,100,167,1
1511,1511,100,168,1
1512,1512,100,169,1
1513,1513,100,170,1
1514,1514,100,171,1
1515,1515,100,172,1
1516,1516,100,173,1
1517,1517,100,174,1
1518,1518,100,175,1
1519,1519,100,176,1
1520,1520,100,177,1
1521,1521,100,230,1
1522,1522,100,231,1
1523,1523,100,232,1
1524,1524,100,233,1
1525,1525,100,234,1
1526,1526,100,235,1
1527,1527,100,236,1
1528,1528,100,237,1
1529,1529,100,238,1
1530,1530,100,239,1
1531,1531,100,240,1
1532,1532,100,241,1
1533,1533,100,242,1
1534,1534,100,243,1
1535,1535,100,244,1
1536,1536,100,245,1
1537,1537,100,246,1
1538,1538,100,247,1
1539,1539,100,248,1
1540,1540,100,306,1
1541,1541,100,307,1
1542,1542,101,102,1
1543,1543,101,103,1
1544,1544,101,104,1
1545,1545,101,105,1
1546,1546,101,106,1
1547,1547,101,107,1
1548,1548,101,108,1
1549,1549,101,109,1
1550,1550,101,110,1
1551,1551,101,111,1
1552,1552,101,112,1
1553,1553,101,113,1
1554,1554,101,114,1
1555,1555,101,115,1
1556,1556,101,116,1
1557,1557,101,117,1
1558,1558,101,118,1
1559,1559,101,119,1
1560,1560,101,120,1
1561,1561,101,121,1
1562,1562,101,122,1
1563,1563,101,123,1
1564,1564,101,124,1
1565,1565,101,125,1
1566,1566,101,126,1
1567,1567,101,127,1
1568,1568,101,128,1
1569,1569,101,129,1
1570,1570,101,161,1
1571,1571,101,162,1
1572,1572,101,163,1
1573,1573,101,164,1
1574,1574,101,165,1
1575,1575,101,166,1
1576,1576,101,167,1
1577,1577,101,168,1
1578,1578,101,169,1
1579,1579,101,170,1
1580,1580,101,171,1
1581,1581,101,172,1
1582,1582,101,173,1
1583,1583,101,174,1
1584,1584,101,175,1
1585,1585,101,176,1
1586,1586,101,177,1
1587,1587,101,230,1
1588,1588,101,231,1
1589,1589,101,232,1
1590,1590,101,233,1
1591,1591,101,234,1
1592,1592,101,235,1
1593,1593,101,236,1
1594,1594,101,237,1
1595,1595,101,238,1
1596,1596,101,239,1
1597,1597,101,240,1
1598,1598,101,241,1
1599,1599,101,242,1
1600,1600,101,243,1
1601,1601,101,244,1
1602,1602,101,245,1
1603,1603,101,246,1
1604,1604,101,247,1
1605,1605,101,248,1
1606,1606,101,306,1
1607,1607,101,307,1
1608,1608,102,103,1
1609,1609,102,104,1
1610,1610,102,105,1
1611,1611,102,106,1
1612,1612,102,107,1
1613,1613,102,108,1
1614,1614,102,109,1
1615,1615,102,110,1
1616,1616,102,111,1
1617,1617,102,112,1
1618,1618,102,113,1
1619,1619,102,114,1
1620,1620,102,115,1
1621,1621,102,116,1
1622,1622,102,117,1
1623,1623,102,118,1
1624,1624,102,119,1
1625,1625,102,120,1
1626,1626,102,121,1
1627,1627,102,122,1
1628,1628,102,123,1
1629,1629,102,124,1
1630,1630,102,125,1
1631,1631,102,126,1
1632,1632,102,127,1
1633,1633,102,128,1
1634,1634,102,129,1
1635,1635,102,161,1
1636,1636,102,162,1
1637,1637,102,163,1
1638,1638,102,164,1
1639,1639,102,165,1
1640,1640,102,166,1
1641,1641,102,167,1
1642,1642,102,168,1
1643,1643,102,169,1
1644,1644,102,170,1
1645,1645,102,171,1
1646,1646,102,172,1
1647,1647,102,173,1
1648,1648,102,174,1
1649,1649,102,175,1
1650,1650,102,176,1
1651,1651,102,177,1
1652,1652,102,230,1
1653,1653,102,231,1
1654,1654,102,232,1
1655,1655,102,233,1
1656,1656,102,234,1
1657,1657,102,235,1
1658,1658,102,236,1
1659,1659,102,237,1
1660,1660,102,238,1
1661,1661,102,239,1
1662,1662,102,240,1
1663,1663,102,241,1
1664,1664,102,242,1
1665,1665,102,243,1
1666,1666,102,244,1
1667,1667,102,245,1
1668,1668,102,246,1
1669,1669,102,247,1
1670,1670,102,248,1
1671,1671,102,306,1
1672,1672,102,307,1
1673,1673,103,104,1
1674,1674,103,105,1
1675,1675,103,106,1
1676,1676,103,107,1
1677,1677,103,108,1
1678,1678,103,109,1
1679,1679,103,110,1
1680,1680,103,111,1
1681,1681,103,112,1
1682,1682,103,113,1
1683,1683,103,114,1
1684,1684,103,115,1
1685,1685,103,116,1
1686,1686,103,117,1
1687,1687,103,118,1
1688,1688,103,119,1
1689,1689,103,120,1
1690,1690,103,121,1
1691,1691,103,122,1
1692,1692,103,123,1
1693,1693,103,124,1
1694,1694,103,125,1
1695,1695,103,126,1
1696,1696,103,127,1
1697,1697,103,128,1
1698,1698,103,129,1
1699,1699,103,161,1
1700,1700,103,162,1
1701,1701,103,163,1
1702,1702,103,164,1
1703,1703,103,165,1
1704,1704,103,166,1
1705,1705,103,167,1
1706,1706,103,168,1
1707,1707,103,169,1
1708,1708,103,170,1
1709,1709,103,171,1
1710,1710,103,172,1
1711,1711,103,173,1
1712,1712,103,174,1
1713,1713,103,175,1
1714,1714,103,176,1
1715,1715,103,177,1
1716,1716,103,230,1
1717,1717,103,231,1
1718,1718,103,232,1
1719,1719,103,233,1
1720,1720,103,234,1
1721,1721,103,235,1
1722,1722,103,236,1
1723,1723,103,237,1
1724,1724,103,238,1
1725,1725,103,239,1
1726,1726,103,240,1
1727,1727,103,241,1
1728,1728,103,242,1
1729,1729,103,243,1
1730,1730,103,244,1
1731,1731,103,245,1
1732,1732,103,246,1
1733,1733,103,247,1
1734,1734,103,248,1
1735,1735,103,306,1
1736,1736,103,307,1
1737,1737,104,105,1
1738,1738,104,106,1
1739,1739,104,107,1
1740,1740,104,108,1
1741,1741,104,109,1
1742,1742,104,110,1
1743,1743,104,111,1
1744,1744,104,112,1
1745,1745,104,113,1
1746,1746,104,114,1
1747,1747,104,115,1
1748,1748,104,116,1
1749,1749,104,117,1
1750,1750,104,118,1
1751,1751,104,119,1
1752,1752,104,120,1
1753,1753,104,121,1
1754,1754,104,122,1
1755,1755,104,123,1
1756,1756,104,124,1
1757,1757,104,125,1
1758,1758,104,126,1
1759,1759,104,127,1
1760,1760,104,128,1
1761,1761,104,129,1
1762,1762,104,161,1
1763,1763,104,162,1
1764,1764,104,163,1
1765,1765,104,164,1
1766,1766,104,165,1
1767,1767,104,166,1
1768,1768,104,167,1
1769,1769,104,168,1
1770,1770,104,169,1
1771,1771,104,170,1
1772,1772,104,171,1
1773,1773,104,172,1
1774,1774,104,173,1
1775,1775,104,174,1
1776,1776,104,175,1
1777,1777,104,176,1
1778,1778,104,177,1
1779,1779,104,230,1
1780,1780,104,231,1
1781,1781,104,232,1
1782,1782,104,233,1
1783,1783,104,234,1
1784,1784,104,235,1
1785,1785,104,236,1
1786,1786,104,237,1
1787,1787,104,238,1
1788,1788,104,239,1
1789,1789,104,240,1
1790,1790,104,241,1
1791,1791,104,242,1
1792,1792,104,243,1
1793,1793,104,244,1
1794,1794,104,245,1
1795,1795,104,246,1
1796,1796,104,247,1
1797,1797,104,248,1
1798,1798,104,306,1
1799,1799,104,307,1
1800,1800,105,106,1
1801,1801,105,107,1
1802,1802,105,108,1
1803,1803,105,109,1
1804,1804,105,110,1
1805,1805,105,111,1
1806,1806,105,112,1
1807,1807,105,113,1
1808,1808,105,114,1
1809,1809,105,115,1
1810,1810,105,116,1
1811,1811,105,117,1
1812,1812,105,118,1
1813,1813,105,119,1
1814,1814,105,120,1
1815,1815,105,121,1
1816,1816,105,122,1
1817,1817,105,123,1
1818,1818,105,124,1
1819,1819,105,125,1
1820,1820,105,126,1
1821,1821,105,127,1
1822,1822,105,128,1
1823,1823,105,129,1
1824,1824,105,161,1
1825,1825,105,162,1
1826,1826,105,163,1
1827,1827,105,164,1
1828,1828,105,165,1
1829,1829,105,166,1
1830,1830,105,167,1
1831,1831,105,168,1
1832,1832,105,169,1
1833,1833,105,170,1
1834,1834,105,171,1
1835,1835,105,172,1
1836,1836,105,173,1
1837,1837,105,174,1
1838,1838,105,175,1
1839,1839,105,176,1
1840,1840,105,177,1
1841,1841,105,230,1
1842,1842,105,231,1
1843,1843,105,232,1
1844,1844,105,233,1
1845,1845,105,234,1
1846,1846,105,235,1
1847,1847,105,236,1
1848,1848,105,237,1
1849,1849,105,238,1
1850,1850,105,239,1
1851,1851,105,240,1
1852,1852,105,241,1
1853,1853,105,242,1
1854,1854,105,243,1
1855,1855,105,244,1
1856,1856,105,245,1
1857,1857,105,246,1
1858,1858,105,247,1
1859,1859,105,248,1
1860,1860,105,306,1
1861,1861,105,307,1
1862,1862,106,107,1
1863,1863,106,108,1
1864,1864,106,109,1
1865,1865,106,110,1
1866,1866,106,111,1
1867,1867,106,112,1
1868,1868,106,113,1
1869,1869,106,114,1
1870,1870,106,115,1
1871,1871,106,116,1
1872,1872,106,117,1
1873,1873,106,118,1
1874,1874,106,119,1
1875,1875,106,120,1
1876,1876,106,121,1
1877,1877,106,122,1
1878,1878,106,123,1
1879,1879,106,124,1
1880,1880,106,125,1
1881,1881,106,126,1
1882,1882,106,127,1
1883,1883,106,128,1
1884,1884,106,129,1
1885,1885,106,161,1
1886,1886,106,162,1
1887,1887,106,163,1
1888,1888,106,164,1
1889,1889,106,165,1
1890,1890,106,166,1
1891,1891,106,167,1
1892,1892,106,168,1
1893,1893,106,169,1
1894,1894,106,170,1
1895,1895,106,171,1
1896,1896,106,172,1
1897,1897,106,173,1
1898,1898,106,174,1
1899,1899,106,175,1
1900,1900,106,176,1
1901,1901,106,177,1
1902,1902,106,230,1
1903,1903,106,231,1
1904,1904,106,232,1
1905,1905,106,233,1
1906,1906,106,234,1
1907,1907,106,235,1
1908,1908,106,236,1
1909,1909,106,237,1
1910,1910,106,238,1
1911,1911,106,239,1
1912,1912,106,240,1
1913,1913,106,241,1
1914,1914,106,242,1
1915,1915,106,243,1
1916,1916,106,244,1
1917,1917,106,245,1
1918,1918,106,246,1
1919,1919,106,247,1
1920,1920,106,248,1
1921,1921,106,306,1
1922,1922,106,307,1
1923,1923,107,108,1
1924,1924,107,109,1
1925,1925,107,110,1
1926,1926,107,111,1
1927,1927,107,112,1
1928,1928,107,113,1
1929,1929,107,114,1
1930,1930,107,115,1
1931,1931,107,116,1
1932,1932,107,117,1
1933,1933,107,118,1
1934,1934,107,119,1
1935,1935,107,120,1
1936,1936,107,121,1
1937,1937,107,122,1
1938,1938,107,123,1
1939,1939,107,124,1
1940,1940,107,125,1
1941,1941,107,126,1
1942,1942,107,127,1
1943,1943,107,128,1
1944,1944,107,129,1
1945,1945,107,161,1
1946,1946,107,162,1
1947,1947,107,163,1
1948,1948,107,164,1
1949,1949,107,165,1
1950,1950,107,166,1
1951,1951,107,167,1
1952,1952,107,168,1
1953,1953,107,169,1
1954,1954,107,170,1
1955,1955,107,171,1
1956,1956,107,172,1
1957,1957,107,173,1
1958,1958,107,174,1
1959,1959,107,175,1
1960,1960,107,176,1
1961,1961,107,177,1
1962,1962,107,230,1
1963,1963,107,231,1
1964,1964,107,232,1
1965,1965,107,233,1
1966,1966,107,234,1
1967,1967,107,235,1
1968,1968,107,236,1
1969,1969,107,237,1
1970,1970,107,238,1
1971,1971,107,239,1
1972,1972,107,240,1
1973,1973,107,241,1
1974,1974,107,242,1
1975,1975,107,243,1
1976,1976,107,244,1
1977,1977,107,245,1
1978,1978,107,246,1
1979,1979,107,247,1
1980,1980,107,248,1
1981,1981,107,306,1
1982,1982,107,307,1
1983,1983,108,109,1
1984,1984,108,110,1
1985,1985,108,111,1
1986,1986,108,112,1
1987,1987,108,113,1
1988,1988,108,114,1
1989,1989,108,115,1
1990,1990,108,116,1
1991,1991,108,117,1
1992,1992,108,118,1
1993,1993,108,119,1
1994,1994,108,120,1
1995,1995,108,121,1
1996,1996,108,122,1
1997,1997,108,123,1
1998,1998,108,124,1
1999,1999,108,125,1
2000,2000,108,126,1
2001,2001,108,127,1
2002,2002,108,128,1
2003,2003,108,129,1
2004,2004,108,161,1
2005,2005,108,162,1
2006,2006,108,163,1
2007,2007,108,164,1
2008,2008,108,165,1
2009,2009,108,166,1
2010,2010,108,167,1
2011,2011,108,168,1
2012,2012,108,169,1
2013,2013,108,170,1
2014,2014,108,171,1
2015,2015,108,172,1
2016,2016,108,173,1
2017,2017,108,174,1
2018,2018,108,175,1
2019,2019,108,176,1
2020,2020,108,177,1
2021,2021,108,230,1
2022,2022,108,231,1
2023,2023,108,232,1
2024,2024,108,233,1
2025,2025,108,234,1
2026,2026,108,235,1
2027,2027,108,236,1
2028,2028,108,237,1
2029,2029,108,238,1
2030,2030,108,239,1
2031,2031,108,240,1
2032,2032,108,241,1
2033,2033,108,242,1
2034,2034,108,243,1
2035,2035,108,244,1
2036,2036,108,245,1
2037,2037,108,246,1
2038,2038,108,247,1
2039,2039,108,248,1
2040,2040,108,306,1
2041,2041,108,307,1
2042,2042,109,110,1
2043,2043,109,111,1
2044,2044,109,112,1
2045,2045,109,113,1
2046,2046,109,114,1
2047,2047,109,115,1
2048,2048,109,116,1
2049,2049,109,117,1
2050,2050,109,118,1
2051,2051,109,119,1
2052,2052,109,120,1
2053,2053,109,121,1
2054,2054,109,122,1
2055,2055,109,123,1
2056,2056,109,124,1
2057,2057,109,125,1
2058,2058,109,126,1
2059,2059,109,127,1
2060,2060,109,128,1
2061,2061,109,129,1
2062,2062,109,161,1
2063,2063,109,162,1
2064,2064,109,163,1
2065,2065,109,164,1
2066,2066,109,165,1
2067,2067,109,166,1
2068,2068,109,167,1
2069,2069,109,168,1
2070,2070,109,169,1
2071,2071,109,170,1
2072,2072,109,171,1
2073,2073,109,172,1
2074,2074,109,173,1
2075,2075,109,174,1
2076,2076,109,175,1
2077,2077,109,176,1
2078,2078,109,177,1
2079,2079,109,230,1
2080,2080,109,231,1
2081,2081,109,232,1
2082,2082,109,233,1
2083,2083,109,234,1
2084,2084,109,235,1
2085,2085,109,236,1
2086,2086,109,237,1
2087,2087,109,238,1
2088,2088,109,239,1
2089,2089,109,240,1
2090,2090,109,241,1
2091,2091,109,242,1
2092,2092,109,243,1
2093,2093,109,244,1
2094,2094,109,245,1
2095,2095,109,246,1
2096,2096,109,247,1
2097,2097,109,248,1
2098,2098,109,306,1
2099,2099,109,307,1
2100,2100,110,111,1
2101,2101,110,112,1
2102,2102,110,113,1
2103,2103,110,114,1
2104,2104,110,115,1
2105,2105,110,116,1
2106,2106,110,117,1
2107,2107,110,118,1
2108,2108,110,119,1
2109,2109,110,120,1
2110,2110,110,121,1
2111,2111,110,122,1
2112,2112,110,123,1
2113,2113,110,124,1
2114,2114,110,125,1
2115,2115,110,126,1
2116,2116,110,127,1
2117,2117,110,128,1
2118,2118,110,129,1
2119,2119,110,161,1
2120,2120,110,162,1
2121,2121,110,163,1
2122,2122,110,164,1
2123,2123,110,165,1
2124,2124,110,166,1
2125,2125,110,167,1
2126,2126,110,168,1
2127,2127,110,169,1
2128,2128,110,170,1
2129,2129,110,171,1
2130,2130,110,172,1
2131,2131,110,173,1
2132,2132,110,174,1
2133,2133,110,175,1
2134,2134,110,176,1
2135,2135,110,177,1
2136,2136,110,230,1
2137,2137,110,231,1
2138,2138,110,232,1
2139,2139,110,233,1
2140,2140,110,234,1
2141,2141,110,235,1
2142,2142,110,236,1
2143,2143,110,237,1
2144,2144,110,238,1
2145,2145,110,239,1
2146,2146,110,240,1
2147,2147,110,241,1
2148,2148,110,242,1
2149,2149,110,243,1
2150,2150,110,244,1
2151,2151,110,245,1
2152,2152,110,246,1
2153,2153,110,247,1
2154,2154,110,248,1
2155,2155,110,306,1
2156,2156,110,307,1
2157,2157,111,112,1
2158,2158,111,113,1
2159,2159,111,114,1
2160,2160,111,115,1
2161,2161,111,116,1
2162,2162,111,117,1
2163,2163,111,118,1
2164,2164,111,119,1
2165,2165,111,120,1
2166,2166,111,121,1
2167,2167,111,122,1
2168,2168,111,123,1
2169,2169,111,124,1
2170,2170,111,125,1
2171,2171,111,126,1
2172,2172,111,127,1
2173,2173,111,128,1
2174,2174,111,129,1
2175,2175,111,161,1
2176,2176,111,162,1
2177,2177,111,163,1
2178,2178,111,164,1
2179,2179,111,165,1
2180,2180,111,166,1
2181,2181,111,167,1
2182,2182,111,168,1
2183,2183,111,169,1
2184,2184,111,170,1
2185,2185,111,171,1
2186,2186,111,172,1
2187,2187,111,173,1
2188,2188,111,174,1
2189,2189,111,175,1
2190,2190,111,176,1
2191,2191,111,177,1
2192,2192,111,230,1
2193,2193,111,231,1
2194,2194,111,232,1
2195,2195,111,233,1
2196,2196,111,234,1
2197,2197,111,235,1
2198,2198,111,236,1
2199,2199,111,237,1
2200,2200,111,238,1
2201,2201,111,239,1
2202,2202,111,240,1
2203,2203,111,241,1
2204,2204,111,242,1
2205,2205,111,243,1
2206,2206,111,244,1
2207,2207,111,245,1
2208,2208,111,246,1
2209,2209,111,247,1
2210,2210,111,248,1
2211,2211,111,306,1
2212,2212,111,307,1
2213,2213,112,113,1
2214,2214,112,114,1
2215,2215,112,115,1
2216,2216,112,116,1
2217,2217,112,117,1
2218,2218,112,118,1
2219,2219,112,119,1
2220,2220,112,120,1
2221,2221,112,121,1
2222,2222,112,122,1
2223,2223,112,123,1
2224,2224,112,124,1
2225,2225,112,125,1
2226,2226,112,126,1
2227,2227,112,127,1
2228,2228,112,128,1
2229,2229,112,129,1
2230,2230,112,161,1
2231,2231,112,162,1
2232,2232,112,163,1
2233,2233,112,164,1
2234,2234,112,165,1
2235,2235,112,166,1
2236,2236,112,167,1
2237,2237,112,168,1
2238,2238,112,169,1
2239,2239,112,170,1
2240,2240,112,171,1
2241,2241,112,172,1
2242,2242,112,173,1
2243,2243,112,174,1
2244,2244,112,175,1
2245,2245,112,176,1
2246,2246,112,177,1
2247,2247,112,230,1
2248,2248,112,231,1
2249,2249,112,232,1
2250,2250,112,233,1
2251,2251,112,234,1
2252,2252,112,235,1
2253,2253,112,236,1
2254,2254,112,237,1
2255,2255,112,238,1
2256,2256,112,239,1
2257,2257,112,240,1
2258,2258,112,241,1
2259,2259,112,242,1
2260,2260,112,243,1
2261,2261,112,244,1
2262,2262,112,245,1
2263,2263,112,246,1
2264,2264,112,247,1
2265,2265,112,248,1
2266,2266,112,306,1
2267,2267,112,307,1
2268,2268,113,114,1
2269,2269,113,115,1
2270,2270,113,116,1
2271,2271,113,117,1
2272,2272,113,118,1
2273,2273,113,119,1
2274,2274,113,120,1
2275,2275,113,121,1
2276,2276,113,122,1
2277,2277,113,123,1
2278,2278,113,124,1
2279,2279,113,125,1
2280,2280,113,126,1
2281,2281,113,127,1
2282,2282,113,128,1
2283,2283,113,129,1
2284,2284,113,161,1
2285,2285,113,162,1
2286,2286,113,163,1
2287,2287,113,164,1
2288,2288,113,165,1
2289,2289,113,166,1
2290,2290,113,167,1
2291,2291,113,168,1
2292,2292,113,169,1
2293,2293,113,170,1
2294,2294,113,171,1
2295,2295,113,172,1
2296,2296,113,173,1
2297,2297,113,174,1
2298,2298,113,175,1
2299,2299,113,176,1
2300,2300,113,177,1
2301,2301,113,230,1
2302,2302,113,231,1
2303,2303,113,232,1
2304,2304,113,233,1
2305,2305,113,234,1
2306,2306,113,235,1
2307,2307,113,236,1
2308,2308,113,237,1
2309,2309,113,238,1
2310,2310,113,239,1
2311,2311,113,240,1
2312,2312,113,241,1
2313,2313,113,242,1
2314,2314,113,243,1
2315,2315,113,244,1
2316,2316,113,245,1
2317,2317,113,246,1
2318,2318,113,247,1
2319,2319,113,248,1
2320,2320,113,306,1
2321,2321,113,307,1
2322,2322,114,115,1
2323,2323,114,116,1
2324,2324,114,117,1
2325,2325,114,118,1
2326,2326,114,119,1
2327,2327,114,120,1
2328,2328,114,121,1
2329,2329,114,122,1
2330,2330,114,123,1
2331,2331,114,124,1
2332,2332,114,125,1
2333,2333,114,126,1
2334,2334,114,127,1
2335,2335,114,128,1
2336,2336,114,129,1
2337,2337,114,161,1
2338,2338,114,162,1
2339,2339,114,163,1
2340,2340,114,164,1
2341,2341,114,165,1
2342,2342,114,166,1
2343,2343,114,167,1
2344,2344,114,168,1
2345,2345,114,169,1
2346,2346,114,170,1
2347,2347,114,171,1
2348,2348,114,172,1
2349,2349,114,173,1
2350,2350,114,174,1
2351,2351,114,175,1
2352,2352,114,176,1
2353,2353,114,177,1
2354,2354,114,230,1
2355,2355,114,231,1
2356,2356,114,232,1
2357,2357,114,233,1
2358,2358,114,234,1
2359,2359,114,235,1
2360,2360,114,236,1
2361,2361,114,237,1
2362,2362,114,238,1
2363,2363,114,239,1
2364,2364,114,240,1
2365,2365,114,241,1
2366,2366,114,242,1
2367,2367,114,243,1
2368,2368,114,244,1
2369,2369,114,245,1
2370,2370,114,246,1
2371,2371,114,247,1
2372,2372,114,248,1
2373,2373,114,306,1
2374,2374,114,307,1
2375,2375,115,116,1
2376,2376,115,117,1
2377,2377,115,118,1
2378,2378,115,119,1
2379,2379,115,120,1
2380,2380,115,121,1
2381,2381,115,122,1
2382,2382,115,123,1
2383,2383,115,124,1
2384,2384,115,125,1
2385,2385,115,126,1
2386,2386,115,127,1
2387,2387,115,128,1
2388,2388,115,129,1
2389,2389,115,161,1
2390,2390,115,162,1
2391,2391,115,163,1
2392,2392,115,164,1
2393,2393,115,165,1
2394,2394,115,166,1
2395,2395,115,167,1
2396,2396,115,168,1
2397,2397,115,169,1
2398,2398,115,170,1
2399,2399,115,171,1
2400,2400,115,172,1
2401,2401,115,173,1
2402,2402,115,174,1
2403,2403,115,175,1
2404,2404,115,176,1
2405,2405,115,177,1
2406,2406,115,230,1
2407,2407,115,231,1
2408,2408,115,232,1
2409,2409,115,233,1
2410,2410,115,234,1
2411,2411,115,235,1
2412,2412,115,236,1
2413,2413,115,237,1
2414,2414,115,238,1
2415,2415,115,239,1
2416,2416,115,240,1
2417,2417,115,241,1
2418,2418,115,242,1
2419,2419,115,243,1
2420,2420,115,244,1
2421,2421,115,245,1
2422,2422,115,246,1
2423,2423,115,247,1
2424,2424,115,248,1
2425,2425,115,306,1
2426,2426,115,307,1
2427,2427,116,117,1
2428,2428,116,118,1
2429,2429,116,119,1
2430,2430,116,120,1
2431,2431,116,121,1
2432,2432,116,122,1
2433,2433,116,123,1
2434,2434,116,124,1
2435,2435,116,125,1
2436,2436,116,126,1
2437,2437,116,127,1
2438,2438,116,128,1
2439,2439,116,129,1
2440,2440,116,161,1
2441,2441,116,162,1
2442,2442,116,163,1
2443,2443,116,164,1
2444,2444,116,165,1
2445,2445,116,166,1
2446,2446,116,167,1
2447,2447,116,168,1
2448,2448,116,169,1
2449,2449,116,170,1
2450,2450,116,171,1
2451,2451,116,172,1
2452,2452,116,173,1
2453,2453,116,174,1
2454,2454,116,175,1
2455,2455,116,176,1
2456,2456,116,177,1
2457,2457,116,230,1
2458,2458,116,231,1
2459,2459,116,232,1
2460,2460,116,233,1
2461,2461,116,234,1
2462,2462,116,235,1
2463,2463,116,236,1
2464,2464,116,237,1
2465,2465,116,238,1
2466,2466,116,239,1
2467,2467,116,240,1
2468,2468,116,241,1
2469,2469,116,242,1
2470,2470,116,243,1
2471,2471,116,244,1
2472,2472,116,245,1
2473,2473,116,246,1
2474,2474,116,247,1
2475,2475,116,248,1
2476,2476,116,306,1
2477,2477,116,307,1
2478,2478,117,118,1
2479,2479,117,119,1
2480,2480,117,120,1
2481,2481,117,121,1
2482,2482,117,122,1
2483,2483,117,123,1
2484,2484,117,124,1
2485,2485,117,125,1
2486,2486,117,126,1
2487,2487,117,127,1
2488,2488,117,128,1
2489,2489,117,129,1
2490,2490,117,161,1
2491,2491,117,162,1
2492,2492,117,163,1
2493,2493,117,164,1
2494,2494,117,165,1
2495,2495,117,166,1
2496,2496,117,167,1
2497,2497,117,168,1
2498,2498,117,169,1
2499,2499,117,170,1
2500,2500,117,171,1
2501,2501,117,172,1
2502,2502,117,173,1
2503,2503,117,174,1
2504,2504,117,175,1
2505,2505,117,176,1
2506,2506,117,177,1
2507,2507,117,230,1
2508,2508,117,231,1
2509,2509,117,232,1
2510,2510,117,233,1
2511,2511,117,234,1
2512,2512,117,235,1
2513,2513,117,236,1
2514,2514,117,237,1
2515,2515,117,238,1
2516,2516,117,239,1
2517,2517,117,240,1
2518,2518,117,241,1
2519,2519,117,242,1
2520,2520,117,243,1
2521,2521,117,244,1
2522,2522,117,245,1
2523,2523,117,246,1
2524,2524,117,247,1
2525,2525,117,248,1
2526,2526,117,306,1
2527,2527,117,307,1
2528,2528,118,119,1
2529,2529,118,120,1
2530,2530,118,121,1
2531,2531,118,122,1
2532,2532,118,123,1
2533,2533,118,124,1
2534,2534,118,125,1
2535,2535,118,126,1
2536,2536,118,127,1
2537,2537,118,128,1
2538,2538,118,129,1
2539,2539,118,161,1
2540,2540,118,162,1
2541,2541,118,163,1
2542,2542,118,164,1
2543,2543,118,165,1
2544,2544,118,166,1
2545,2545,118,167,1
2546,2546,118,168,1
2547,2547,118,169,1
2548,2548,118,170,1
2549,2549,118,171,1
2550,2550,118,172,1
2551,2551,118,173,1
2552,2552,118,174,1
2553,2553,118,175,1
2554,2554,118,176,1
2555,2555,118,177,1
2556,2556,118,230,1
2557,2557,118,231,1
2558,2558,118,232,1
2559,2559,118,233,1
2560,2560,118,234,1
2561,2561,118,235,1
2562,2562,118,236,1
2563,2563,118,237,1
2564,2564,118,238,1
2565,2565,118,239,1
2566,2566,118,240,1
2567,2567,118,241,1
2568,2568,118,242,1
2569,2569,118,243,1
2570,2570,118,244,1
2571,2571,118,245,1
2572,2572,118,246,1
2573,2573,118,247,1
2574,2574,118,248,1
2575,2575,118,306,1
2576,2576,118,307,1
2577,2577,119,120,1
2578,2578,119,121,1
2579,2579,119,122,1
2580,2580,119,123,1
2581,2581,119,124,1
2582,2582,119,125,1
2583,2583,119,126,1
2584,2584,119,127,1
2585,2585,119,128,1
2586,2586,119,129,1
2587,2587,119,161,1
2588,2588,119,162,1
2589,2589,119,163,1
2590,2590,119,164,1
2591,2591,119,165,1
2592,2592,119,166,1
2593,2593,119,167,1
2594,2594,119,168,1
2595,2595,119,169,1
2596,2596,119,170,1
2597,2597,119,171,1
2598,2598,119,172,1
2599,2599,119,173,1
2600,2600,119,174,1
2601,2601,119,175,1
2602,2602,119,176,1
2603,2603,119,177,1
2604,2604,119,230,1
2605,2605,119,231,1
2606,2606,119,232,1
2607,2607,119,233,1
2608,2608,119,234,1
2609,2609,119,235,1
2610,2610,119,236,1
2611,2611,119,237,1
2612,2612,119,238,1
2613,2613,119,239,1
2614,2614,119,240,1
2615,2615,119,241,1
2616,2616,119,242,1
2617,2617,119,243,1
2618,2618,119,244,1
2619,2619,119,245,1
2620,2620,119,246,1
2621,2621,119,247,1
2622,2622,119,248,1
2623,2623,119,306,1
2624,2624,119,307,1
2625,2625,120,121,1
2626,2626,120,122,1
2627,2627,120,123,1
2628,2628,120,124,1
2629,2629,120,125,1
2630,2630,120,126,1
2631,2631,120,127,1
2632,2632,120,128,1
2633,2633,120,129,1
2634,2634,120,161,1
2635,2635,120,162,1
2636,2636,120,163,1
2637,2637,120,164,1
2638,2638,120,165,1
2639,2639,120,166,1
2640,2640,120,167,1
2641,2641,120,168,1
2642,2642,120,169,1
2643,2643,120,170,1
2644,2644,120,171,1
2645,2645,120,172,1
2646,2646,120,173,1
2647,2647,120,174,1
2648,2648,120,175,1
2649,2649,120,176,1
2650,2650,120,177,1
2651,2651,120,230,1
2652,2652,120,231,1
2653,2653,120,232,1
2654,2654,120,233,1
2655,2655,120,234,1
2656,2656,120,235,1
2657,2657,120,236,1
2658,2658,120,237,1
2659,2659,120,238,1
2660,2660,120,239,1
2661,2661,120,240,1
2662,2662,120,241,1
2663,2663,120,242,1
2664,2664,120,243,1
2665,2665,120,244,1
2666,2666,120,245,1
2667,2667,120,246,1
2668,2668,120,247,1
2669,2669,120,248,1
2670,2670,120,306,1
2671,2671,120,307,1
2672,2672,121,122,1
2673,2673,121,123,1
2674,2674,121,124,1
2675,2675,121,125,1
2676,2676,121,126,1
2677,2677,121,127,1
2678,2678,121,128,1
2679,2679,121,129,1
2680,2680,121,161,1
2681,2681,121,162,1
2682,2682,121,163,1
2683,2683,121,164,1
2684,2684,121,165,1
2685,2685,121,166,1
2686,2686,121,167,1
2687,2687,121,168,1
2688,2688,121,169,1
2689,2689,121,170,1
2690,2690,121,171,1
2691,2691,121,172,1
2692,2692,121,173,1
2693,2693,121,174,1
2694,2694,121,175,1
2695,2695,121,176,1
2696,2696,121,177,1
2697,2697,121,230,1
2698,2698,121,231,1
2699,2699,121,232,1
2700,2700,121,233,1
2701,2701,121,234,1
2702,2702,121,235,1
2703,2703,121,236,1
2704,2704,121,237,1
2705,2705,121,238,1
2706,2706,121,239,1
2707,2707,121,240,1
2708,2708,121,241,1
2709,2709,121,242,1
2710,2710,121,243,1
2711,2711,121,244,1
2712,2712,121,245,1
2713,2713,121,246,1
2714,2714,121,247,1
2715,2715,121,248,1
2716,2716,121,306,1
2717,2717,121,307,1
2718,2718,122,123,1
2719,2719,122,124,1
2720,2720,122,125,1
2721,2721,122,126,1
2722,2722,122,127,1
2723,2723,122,128,1
2724,2724,122,129,1
2725,2725,122,161,1
2726,2726,122,162,1
2727,2727,122,163,1
2728,2728,122,164,1
2729,2729,122,165,1
2730,2730,122,166,1
2731,2731,122,167,1
2732,2732,122,168,1
2733,2733,122,169,1
2734,2734,122,170,1
2735,2735,122,171,1
2736,2736,122,172,1
2737,2737,122,173,1
2738,2738,122,174,1
2739,2739,122,175,1
2740,2740,122,176,1
2741,2741,122,177,1
2742,2742,122,230,1
2743,2743,122,231,1
2744,2744,122,232,1
2745,2745,122,233,1
2746,2746,122,234,1
2747,2747,122,235,1
2748,2748,122,236,1
2749,2749,122,237,1
2750,2750,122,238,1
2751,2751,122,239,1
2752,2752,122,240,1
2753,2753,122,241,1
2754,2754,122,242,1
2755,2755,122,243,1
2756,2756,122,244,1
2757,2757,122,245,1
2758,2758,122,246,1
2759,2759,122,247,1
2760,2760,122,248,1
2761,2761,122,306,1
2762,2762,122,307,1
2763,2763,123,124,1
2764,2764,123,125,1
2765,2765,123,126,1
2766,2766,123,127,1
2767,2767,123,128,1
2768,2768,123,129,1
2769,2769,123,161,1
2770,2770,123,162,1
2771,2771,123,163,1
2772,2772,123,164,1
2773,2773,123,165,1
2774,2774,123,166,1
2775,2775,123,167,1
2776,2776,123,168,1
2777,2777,123,169,1
2778,2778,123,170,1
2779,2779,123,171,1
2780,2780,123,172,1
2781,2781,123,173,1
2782,2782,123,174,1
2783,2783,123,175,1
2784,2784,123,176,1
2785,2785,123,177,1
2786,2786,123,230,1
2787,2787,123,231,1
2788,2788,123,232,1
2789,2789,123,233,1
2790,2790,123,234,1
2791,2791,123,235,1
2792,2792,123,236,1
2793,2793,123,237,1
2794,2794,123,238,1
2795,2795,123,239,1
2796,2796,123,240,1
2797,2797,123,241,1
2798,2798,123,242,1
2799,2799,123,243,1
2800,2800,123,244,1
2801,2801,123,245,1
2802,2802,123,246,1
2803,2803,123,247,1
2804,2804,123,248,1
2805,2805,123,306,1
2806,2806,123,307,1
2807,2807,124,125,1
2808,2808,124,126,1
2809,2809,124,127,1
2810,2810,124,128,1
2811,2811,124,129,1
2812,2812,124,161,1
2813,2813,124,162,1
2814,2814,124,163,1
2815,2815,124,164,1
2816,2816,124,165,1
2817,2817,124,166,1
2818,2818,124,167,1
2819,2819,124,168,1
2820,2820,124,169,1
2821,2821,124,170,1
2822,2822,124,171,1
2823,2823,124,172,1
2824,2824,124,173,1
2825,2825,124,174,1
2826,2826,124,175,1
2827,2827,124,176,1
2828,2828,124,177,1
2829,2829,124,230,1
2830,2830,124,231,1
2831,2831,124,232,1
2832,2832,124,233,1
2833,2833,124,234,1
2834,2834,124,235,1
2835,2835,124,236,1
2836,2836,124,237,1
2837,2837,124,238,1
2838,2838,124,239,1
2839,2839,124,240,1
2840,2840,124,241,1
2841,2841,124,242,1
2842,2842,124,243,1
2843,2843,124,244,1
2844,2844,124,245,1
2845,2845,124,246,1
2846,2846,124,247,1
2847,2847,124,248,1
2848,2848,124,306,1
2849,2849,124,307,1
2850,2850,125,126,1
2851,2851,125,127,1
2852,2852,125,128,1
2853,2853,125,129,1
2854,2854,125,161,1
2855,2855,125,162,1
2856,2856,125,163,1
2857,2857,125,164,1
2858,2858,125,165,1
2859,2859,125,166,1
2860,2860,125,167,1
2861,2861,125,168,1
2862,2862,125,169,1
2863,2863,125,170,1
2864,2864,125,171,1
2865,2865,125,172,1
2866,2866,125,173,1
2867,2867,125,174,1
2868,2868,125,175,1
2869,2869,125,176,1
2870,2870,125,177,1
2871,2871,125,230,1
2872,2872,125,231,1
2873,2873,125,232,1
2874,2874,125,233,1
2875,2875,125,234,1
2876,2876,125,235,1
2877,2877,125,236,1
2878,2878,125,237,1
2879,2879,125,238,1
2880,2880,125,239,1
2881,2881,125,240,1
2882,2882,125,241,1
2883,2883,125,242,1
2884,2884,125,243,1
2885,2885,125,244,1
2886,2886,125,245,1
2887,2887,125,246,1
2888,2888,125,247,1
2889,2889,125,248,1
2890,2890,125,306,1
2891,2891,125,307,1
2892,2892,126,127,1
2893,2893,126,128,1
2894,2894,126,129,1
2895,2895,126,161,1
2896,2896,126,162,1
2897,2897,126,163,1
2898,2898,126,164,1
2899,2899,126,165,1
2900,2900,126,166,1
2901,2901,126,167,1
2902,2902,126,168,1
2903,2903,126,169,1
2904,2904,126,170,1
2905,2905,126,171,1
2906,2906,126,172,1
2907,2907,126,173,1
2908,2908,126,174,1
2909,2909,126,175,1
2910,2910,126,176,1
2911,2911,126,177,1
2912,2912,126,230,1
2913,2913,126,231,1
2914,2914,126,232,1
2915,2915,126,233,1
2916,2916,126,234,1
2917,2917,126,235,1
2918,2918,126,236,1
2919,2919,126,237,1
2920,2920,126,238,1
2921,2921,126,239,1
2922,2922,126,240,1
2923,2923,126,241,1
2924,2924,126,242,1
2925,2925,126,243,1
2926,2926,126,244,1
2927,2927,126,245,1
2928,2928,126,246,1
2929,2929,126,247,1
2930,2930,126,248,1
2931,2931,126,306,1
2932,2932,126,307,1
2933,2933,127,128,1
2934,2934,127,129,1
2935,2935,127,161,1
2936,2936,127,162,1
2937,2937,127,163,1
2938,2938,127,164,1
2939,2939,127,165,1
2940,2940,127,166,1
2941,2941,127,167,1
2942,2942,127,168,1
2943,2943,127,169,1
2944,2944,127,170,1
2945,2945,127,171,1
2946,2946,127,172,1
2947,2947,127,173,1
2948,2948,127,174,1
2949,2949,127,175,1
2950,2950,127,176,1
2951,2951,127,177,1
2952,2952,127,230,1
2953,2953,127,231,1
2954,2954,127,232,1
2955,2955,127,233,1
2956,2956,127,234,1
2957,2957,127,235,1
2958,2958,127,236,1
2959,2959,127,237,1
2960,2960,127,238,1
2961,2961,127,239,1
2962,2962,127,240,1
2963,2963,127,241,1
2964,2964,127,242,1
2965,2965,127,243,1
2966,2966,127,244,1
2967,2967,127,245,1
2968,2968,127,246,1
2969,2969,127,247,1
2970,2970,127,248,1
2971,2971,127,306,1
2972,2972,127,307,1
2973,2973,128,129,1
2974,2974,128,161,1
2975,2975,128,162,1
2976,2976,128,163,1
2977,2977,128,164,1
2978,2978,128,165,1
2979,2979,128,166,1
2980,2980,128,167,1
2981,2981,128,168,1
2982,2982,128,169,1
2983,2983,128,170,1
2984,2984,128,171,1
2985,2985,128,172,1
2986,2986,128,173,1
2987,2987,128,174,1
2988,2988,128,175,1
2989,2989,128,176,1
2990,2990,128,177,1
2991,2991,128,230,1
2992,2992,128,231,1
2993,2993,128,232,1
2994,2994,128,233,1
2995,2995,128,234,1
2996,2996,128,235,1
2997,2997,128,236,1
2998,2998,128,237,1
2999,2999,128,238,1
3000,3000,128,239,1
3001,3001,128,240,1
3002,3002,128,241,1
3003,3003,128,242,1
3004,3004,128,243,1
3005,3005,128,244,1
3006,3006,128,245,1
3007,3007,128,246,1
3008,3008,128,247,1
3009,3009,128,248,1
3010,3010,128,306,1
3011,3011,128,307,1
3012,3012,129,161,1
3013,3013,129,162,1
3014,3014,129,163,1
3015,3015,129,164,1
3016,3016,129,165,1
3017,3017,129,166,1
3018,3018,129,167,1
3019,3019,129,168,1
3020,3020,129,169,1
3021,3021,129,170,1
3022,3022,129,171,1
3023,3023,129,172,1
3024,3024,129,173,1
3025,3025,129,174,1
3026,3026,129,175,1
3027,3027,129,176,1
3028,3028,129,177,1
3029,3029,129,230,1
3030,3030,129,231,1
3031,3031,129,232,1
3032,3032,129,233,1
3033,3033,129,234,1
3034,3034,129,235,1
3035,3035,129,236,1
3036,3036,129,237,1
3037,3037,129,238,1
3038,3038,129,239,1
3039,3039,129,240,1
3040,3040,129,241,1
3041,3041,129,242,1
3042,3042,129,243,1
3043,3043,129,244,1
3044,3044,129,245,1
3045,3045,129,246,1
3046,3046,129,247,1
3047,3047,129,248,1
3048,3048,129,306,1
3049,3049,129,307,1
3050,3050,161,162,1
3051,3051,161,163,1
3052,3052,161,164,1
3053,3053,161,165,1
3054,3054,161,166,1
3055,3055,161,167,1
3056,3056,161,168,1
3057,3057,161,169,1
3058,3058,161,170,1
3059,3059,161,171,1
3060,3060,161,172,1
3061,3061,161,173,1
3062,3062,161,174,1
3063,3063,161,175,1
3064,3064,161,176,1
3065,3065,161,177,1
3066,3066,161,230,1
3067,3067,161,231,1
3068,3068,161,232,1
3069,3069,161,233,1
3070,3070,161,234,1
3071,3071,161,235,1
3072,3072,161,236,1
3073,3073,161,237,1
3074,3074,161,238,1
3075,3075,161,239,1
3076,3076,161,240,1
3077,3077,161,241,1
3078,3078,161,242,1
3079,3079,161,243,1
3080,3080,161,244,1
3081,3081,161,245,1
3082,3082,161,246,1
3083,3083,161,247,1
3084,3084,161,248,1
3085,3085,161,306,1
3086,3086,161,307,1
3087,3087,162,163,1
3088,3088,162,164,1
3089,3089,162,165,1
3090,3090,162,166,1
3091,3091,162,167,1
3092,3092,162,168,1
3093,3093,162,169,1
3094,3094,162,170,1
3095,3095,162,171,1
3096,3096,162,172,1
3097,3097,162,173,1
3098,3098,162,174,1
3099,3099,162,175,1
3100,3100,162,176,1
3101,3101,162,177,1
3102,3102,162,230,1
3103,3103,162,231,1
3104,3104,162,232,1
3105,3105,162,233,1
3106,3106,162,234,1
3107,3107,162,235,1
3108,3108,162,236,1
3109,3109,162,237,1
3110,3110,162,238,1
3111,3111,162,239,1
3112,3112,162,240,1
3113,3113,162,241,1
3114,3114,162,242,1
3115,3115,162,243,1
3116,3116,162,244,1
3117,3117,162,245,1
3118,3118,162,246,1
3119,3119,162,247,1
3120,3120,162,248,1
3121,3121,162,306,1
3122,3122,162,307,1
3123,3123,163,164,1
3124,3124,163,165,1
3125,3125,163,166,1
3126,3126,163,167,1
3127,3127,163,168,1
3128,3128,163,169,1
3129,3129,163,170,1
3130,3130,163,171,1
3131,3131,163,172,1
3132,3132,163,173,1
3133,3133,163,174,1
3134,3134,163,175,1
3135,3135,163,176,1
3136,3136,163,177,1
3137,3137,163,230,1
3138,3138,163,231,1
3139,3139,163,232,1
3140,3140,163,233,1
3141,3141,163,234,1
3142,3142,163,235,1
3143,3143,163,236,1
3144,3144,163,237,1
3145,3145,163,238,1
3146,3146,163,239,1
3147,3147,163,240,1
3148,3148,163,241,1
3149,3149,163,242,1
3150,3150,163,243,1
3151,3151,163,244,1
3152,3152,163,245,1
3153,3153,163,246,1
3154,3154,163,247,1
3155,3155,163,248,1
3156,3156,163,306,1
3157,3157,163,307,1
3158,3158,164,165,1
3159,3159,164,166,1
3160,3160,164,167,1
3161,3161,164,168,1
3162,3162,164,169,1
3163,3163,164,170,1
3164,3164,164,171,1
3165,3165,164,172,1
3166,3166,164,173,1
3167,3167,164,174,1
3168,3168,164,175,1
3169,3169,164,176,1
3170,3170,164,177,1
3171,3171,164,230,1
3172,3172,164,231,1
3173,3173,164,232,1
3174,3174,164,233,1
3175,3175,164,234,1
3176,3176,164,235,1
3177,3177,164,236,1
3178,3178,164,237,1
3179,3179,164,238,1
3180,3180,164,239,1
3181,3181,164,240,1
3182,3182,164,241,1
3183,3183,164,242,1
3184,3184,164,243,1
3185,3185,164,244,1
3186,3186,164,245,1
3187,3187,164,246,1
3188,3188,164,247,1
3189,3189,164,248,1
3190,3190,164,306,1
3191,3191,164,307,1
3192,3192,165,166,1
3193,3193,165,167,1
3194,3194,165,168,1
3195,3195,165,169,1
3196,3196,165,170,1
3197,3197,165,171,1
3198,3198,165,172,1
3199,3199,165,173,1
3200,3200,165,174,1
3201,3201,165,175,1
3202,3202,165,176,1
3203,3203,165,177,1
3204,3204,165,230,1
3205,3205,165,231,1
3206,3206,165,232,1
3207,3207,165,233,1
3208,3208,165,234,1
3209,3209,165,235,1
3210,3210,165,236,1
3211,3211,165,237,1
3212,3212,165,238,1
3213,3213,165,239,1
3214,3214,165,240,1
3215,3215,165,241,1
3216,3216,165,242,1
3217,3217,165,243,1
3218,3218,165,244,1
3219,3219,165,245,1
3220,3220,165,246,1
3221,3221,165,247,1
3222,3222,165,248,1
3223,3223,165,306,1
3224,3224,165,307,1
3225,3225,166,167,1
3226,3226,166,168,1
3227,3227,166,169,1
3228,3228,166,170,1
3229,3229,166,171,1
3230,3230,166,172,1
3231,3231,166,173,1
3232,3232,166,174,1
3233,3233,166,175,1
3234,3234,166,176,1
3235,3235,166,177,1
3236,3236,166,230,1
3237,3237,166,231,1
3238,3238,166,232,1
3239,3239,166,233,1
3240,3240,166,234,1
3241,3241,166,235,1
3242,3242,166,236,1
3243,3243,166,237,1
3244,3244,166,238,1
3245,3245,166,239,1
3246,3246,166,240,1
3247,3247,166,241,1
3248,3248,166,242,1
3249,3249,166,243,1
3250,3250,166,244,1
3251,3251,166,245,1
3252,3252,166,246,1
3253,3253,166,247,1
3254,3254,166,248,1
3255,3255,166,306,1
3256,3256,166,307,1
3257,3257,167,168,1
3258,3258,167,169,1
3259,3259,167,170,1
3260,3260,167,171,1
3261,3261,167,172,1
3262,3262,167,173,1
3263,3263,167,174,1
3264,3264,167,175,1
3265,3265,167,176,1
3266,3266,167,177,1
3267,3267,167,230,1
3268,3268,167,231,1
3269,3269,167,232,1
3270,3270,167,233,1
3271,3271,167,234,1
3272,3272,167,235,1
3273,3273,167,236,1
3274,3274,167,237,1
3275,3275,167,238,1
3276,3276,167,239,1
3277,3277,167,240,1
3278,3278,167,241,1
3279,3279,167,242,1
3280,3280,167,243,1
3281,3281,167,244,1
3282,3282,167,245,1
3283,3283,167,246,1
3284,3284,167,247,1
3285,3285,167,248,1
3286,3286,167,306,1
3287,3287,167,307,1
3288,3288,168,169,1
3289,3289,168,170,1
3290,3290,168,171,1
3291,3291,168,172,1
3292,3292,168,173,1
3293,3293,168,174,1
3294,3294,168,175,1
3295,3295,168,176,1
3296,3296,168,177,1
3297,3297,168,230,1
3298,3298,168,231,1
3299,3299,168,232,1
3300,3300,168,233,1
3301,3301,168,234,1
3302,3302,168,235,1
3303,3303,168,236,1
3304,3304,168,237,1
3305,3305,168,238,1
3306,3306,168,239,1
3307,3307,168,240,1
3308,3308,168,241,1
3309,3309,168,242,1
3310,3310,168,243,1
3311,3311,168,244,1
3312,3312,168,245,1
3313,3313,168,246,1
3314,3314,168,247,1
3315,3315,168,248,1
3316,3316,168,306,1
3317,3317,168,307,1
3318,3318,169,170,1
3319,3319,169,171,1
3320,3320,169,172,1
3321,3321,169,173,1
3322,3322,169,174,1
3323,3323,169,175,1
3324,3324,169,176,1
3325,3325,169,177,1
3326,3326,169,230,1
3327,3327,169,231,1
3328,3328,169,232,1
3329,3329,169,233,1
3330,3330,169,234,1
3331,3331,169,235,1
3332,3332,169,236,1
3333,3333,169,237,1
3334,3334,169,238,1
3335,3335,169,239,1
3336,3336,169,240,1
3337,3337,169,241,1
3338,3338,169,242,1
3339,3339,169,243,1
3340,3340,169,244,1
3341,3341,169,245,1
3342,3342,169,246,1
3343,3343,169,247,1
3344,3344,169,248,1
3345,3345,169,306,1
3346,3346,169,307,1
3347,3347,170,171,1
3348,3348,170,172,1
3349,3349,170,173,1
3350,3350,170,174,1
3351,3351,170,175,1
3352,3352,170,176,1
3353,3353,170,177,1
3354,3354,170,230,1
3355,3355,170,231,1
3356,3356,170,232,1
3357,3357,170,233,1
3358,3358,170,234,1
3359,3359,170,235,1
3360,3360,170,236,1
3361,3361,170,237,1
3362,3362,170,238,1
3363,3363,170,239,1
3364,3364,170,240,1
3365,3365,170,241,1
3366,3366,170,242,1
3367,3367,170,243,1
3368,3368,170,244,1
3369,3369,170,245,1
3370,3370,170,246,1
3371,3371,170,247,1
3372,3372,170,248,1
3373,3373,170,306,1
3374,3374,170,307,1
3375,3375,171,172,1
3376,3376,171,173,1
3377,3377,171,174,1
3378,3378,171,175,1
3379,3379,171,176,1
3380,3380,171,177,1
3381,3381,171,230,1
3382,3382,171,231,1
3383,3383,171,232,1
3384,3384,171,233,1
3385,3385,171,234,1
3386,3386,171,235,1
3387,3387,171,236,1
3388,3388,171,237,1
3389,3389,171,238,1
3390,3390,171,239,1
3391,3391,171,240,1
3392,3392,171,241,1
3393,3393,171,242,1
3394,3394,171,243,1
3395,3395,171,244,1
3396,3396,171,245,1
3397,3397,171,246,1
3398,3398,171,247,1
3399,3399,171,248,1
3400,3400,171,306,1
3401,3401,171,307,1
3402,3402,172,173,1
3403,3403,172,174,1
3404,3404,172,175,1
3405,3405,172,176,1
3406,3406,172,177,1
3407,3407,172,230,1
3408,3408,172,231,1
3409,3409,172,232,1
3410,3410,172,233,1
3411,3411,172,234,1
3412,3412,172,235,1
3413,3413,172,236,1
3414,3414,172,237,1
3415,3415,172,238,1
3416,3416,172,239,1
3417,3417,172,240,1
3418,3418,172,241,1
3419,3419,172,242,1
3420,3420,172,243,1
3421,3421,172,244,1
3422,3422,172,245,1
3423,3423,172,246,1
3424,3424,172,247,1
3425,3425,172,248,1
3426,3426,172,306,1
3427,3427,172,307,1
3428,3428,173,174,1
3429,3429,173,175,1
3430,3430,173,176,1
3431,3431,173,177,1
3432,3432,173,230,1
3433,3433,173,231,1
3434,3434,173,232,1
3435,3435,173,233,1
3436,3436,173,234,1
3437,3437,173,235,1
3438,3438,173,236,1
3439,3439,173,237,1
3440,3440,173,238,1
3441,3441,173,239,1
3442,3442,173,240,1
3443,3443,173,241,1
3444,3444,173,242,1
3445,3445,173,243,1
3446,3446,173,244,1
3447,3447,173,245,1
3448,3448,173,246,1
3449,3449,173,247,1
3450,3450,173,248,1
3451,3451,173,306,1
3452,3452,173,307,1
3453,3453,174,175,1
3454,3454,174,176,1
3455,3455,174,177,1
3456,3456,174,230,1
3457,3457,174,231,1
3458,3458,174,232,1
3459,3459,174,233,1
3460,3460,174,234,1
3461,3461,174,235,1
3462,3462,174,236,1
3463,3463,174,237,1
3464,3464,174,238,1
3465,3465,174,239,1
3466,3466,174,240,1
3467,3467,174,241,1
3468,3468,174,242,1
3469,3469,174,243,1
3470,3470,174,244,1
3471,3471,174,245,1
3472,3472,174,246,1
3473,3473,174,247,1
3474,3474,174,248,1
3475,3475,174,306,1
3476,3476,174,307,1
3477,3477,175,176,1
3478,3478,175,177,1
3479,3479,175,230,1
3480,3480,175,231,1
3481,3481,175,232,1
3482,3482,175,233,1
3483,3483,175,234,1
3484,3484,175,235,1
3485,3485,175,236,1
3486,3486,175,237,1
3487,3487,175,238,1
3488,3488,175,239,1
3489,3489,175,240,1
3490,3490,175,241,1
3491,3491,175,242,1
3492,3492,175,243,1
3493,3493,175,244,1
3494,3494,175,245,1
3495,3495,175,246,1
3496,3496,175,247,1
3497,3497,175,248,1
3498,3498,175,306,1
3499,3499,175,307,1
3500,3500,176,177,1
3501,3501,176,230,1
3502,3502,176,231,1
3503,3503,176,232,1
3504,3504,176,233,1
3505,3505,176,234,1
3506,3506,176,235,1
3507,3507,176,236,1
3508,3508,176,237,1
3509,3509,176,238,1
3510,3510,176,239,1
3511,3511,176,240,1
3512,3512,176,241,1
3513,3513,176,242,1
3514,3514,176,243,1
3515,3515,176,244,1
3516,3516,176,245,1
3517,3517,176,246,1
3518,3518,176,247,1
3519,3519,176,248,1
3520,3520,176,306,1
3521,3521,176,307,1
3522,3522,177,230,1
3523,3523,177,231,1
3524,3524,177,232,1
3525,3525,177,233,1
3526,3526,177,234,1
3527,3527,177,235,1
3528,3528,177,236,1
3529,3529,177,237,1
3530,3530,177,238,1
3531,3531,177,239,1
3532,3532,177,240,1
3533,3533,177,241,1
3534,3534,177,242,1
3535,3535,177,243,1
3536,3536,177,244,1
3537,3537,177,245,1
3538,3538,177,246,1
3539,3539,177,247,1
3540,3540,177,248,1
3541,3541,177,306,1
3542,3542,177,307,1
3543,3543,230,231,1
3544,3544,230,232,1
3545,3545,230,233,1
3546,3546,230,234,1
3547,3547,230,235,1
3548,3548,230,236,1
3549,3549,230,237,1
3550,3550,230,238,1
3551,3551,230,239,1
3552,3552,230,240,1
3553,3553,230,241,1
3554,3554,230,242,1
3555,3555,230,243,1
3556,3556,230,244,1
3557,3557,230,245,1
3558,3558,230,246,1
3559,3559,230,247,1
3560,3560,230,248,1
3561,3561,230,306,1
3562,3562,230,307,1
3563,3563,231,232,1
3564,3564,231,233,1
3565,3565,231,234,1
3566,3566,231,235,1
3567,3567,231,236,1
3568,3568,231,237,1
3569,3569,231,238,1
3570,3570,231,239,1
3571,3571,231,240,1
3572,3572,231,241,1
3573,3573,231,242,1
3574,3574,231,243,1
3575,3575,231,244,1
3576,3576,231,245,1
3577,3577,231,246,1
3578,3578,231,247,1
3579,3579,231,248,1
3580,3580,231,306,1
3581,3581,231,307,1
3582,3582,232,233,1
3583,3583,232,234,1
3584,3584,232,235,1
3585,3585,232,236,1
3586,3586,232,237,1
3587,3587,232,238,1
3588,3588,232,239,1
3589,3589,232,240,1
3590,3590,232,241,1
3591,3591,232,242,1
3592,3592,232,243,1
3593,3593,232,244,1
3594,3594,232,245,1
3595,3595,232,246,1
3596,3596,232,247,1
3597,3597,232,248,1
3598,3598,232,306,1
3599,3599,232,307,1
3600,3600,233,234,1
3601,3601,233,235,1
3602,3602,233,236,1
3603,3603,233,237,1
3604,3604,233,238,1
3605,3605,233,239,1
3606,3606,233,240,1
3607,3607,233,241,1
3608,3608,233,242,1
3609,3609,233,243,1
3610,3610,233,244,1
3611,3611,233,245,1
3612,3612,233,246,1
3613,3613,233,247,1
3614,3614,233,248,1
3615,3615,233,306,1
3616,3616,233,307,1
3617,3617,234,235,1
3618,3618,234,236,1
3619,3619,234,237,1
3620,3620,234,238,1
3621,3621,234,239,1
3622,3622,234,240,1
3623,3623,234,241,1
3624,3624,234,242,1
3625,3625,234,243,1
3626,3626,234,244,1
3627,3627,234,245,1
3628,3628,234,246,1
3629,3629,234,247,1
3630,3630,234,248,1
3631,3631,234,306,1
3632,3632,234,307,1
3633,3633,235,236,1
3634,3634,235,237,1
3635,3635,235,238,1
3636,3636,235,239,1
3637,3637,235,240,1
3638,3638,235,241,1
3639,3639,235,242,1
3640,3640,235,243,1
3641,3641,235,244,1
3642,3642,235,245,1
3643,3643,235,246,1
3644,3644,235,247,1
3645,3645,235,248,1
3646,3646,235,306,1
3647,3647,235,307,1
3648,3648,236,237,1
3649,3649,236,238,1
3650,3650,236,239,1
3651,3651,236,240,1
3652,3652,236,241,1
3653,3653,236,242,1
3654,3654,236,243,1
3655,3655,236,244,1
3656,3656,236,245,1
3657,3657,236,246,1
3658,3658,236,247,1
3659,3659,236,248,1
3660,3660,236,306,1
3661,3661,236,307,1
3662,3662,237,238,1
3663,3663,237,239,1
3664,3664,237,240,1
3665,3665,237,241,1
3666,3666,237,242,1
3667,3667,237,243,1
3668,3668,237,244,1
3669,3669,237,245,1
3670,3670,237,246,1
3671,3671,237,247,1
3672,3672,237,248,1
3673,3673,237,306,1
3674,3674,237,307,1
3675,3675,238,239,1
3676,3676,238,240,1
3677,3677,238,241,1
3678,3678,238,242,1
3679,3679,238,243,1
3680,3680,238,244,1
3681,3681,238,245,1
3682,3682,238,246,1
3683,3683,238,247,1
3684,3684,238,248,1
3685,3685,238,306,1
3686,3686,238,307,1
3687,3687,239,240,1
3688,3688,239,241,1
3689,3689,239,242,1
3690,3690,239,243,1
3691,3691,239,244,1
3692,3692,239,245,1
3693,3693,239,246,1
3694,3694,239,247,1
3695,3695,239,248,1
3696,3696,239,306,1
3697,3697,239,307,1
3698,3698,240,241,1
3699,3699,240,242,1
3700,3700,240,243,1
3701,3701,240,244,1
3702,3702,240,245,1
3703,3703,240,246,1
3704,3704,240,247,1
3705,3705,240,248,1
3706,3706,240,306,1
3707,3707,240,307,1
3708,3708,241,242,1
3709,3709,241,243,1
3710,3710,241,244,1
3711,3711,241,245,1
3712,3712,241,246,1
3713,3713,241,247,1
3714,3714,241,248,1
3715,3715,241,306,1
3716,3716,241,307,1
3717,3717,242,243,1
3718,3718,242,244,1
3719,3719,242,245,1
3720,3720,242,246,1
3721,3721,242,247,1
3722,3722,242,248,1
3723,3723,242,306,1
3724,3724,242,307,1
3725,3725,243,244,1
3726,3726,243,245,1
3727,3727,243,246,1
3728,3728,243,247,1
3729,3729,243,248,1
3730,3730,243,306,1
3731,3731,243,307,1
3732,3732,244,245,1
3733,3733,244,246,1
3734,3734,244,247,1
3735,3735,244,248,1
3736,3736,244,306,1
3737,3737,244,307,1
3738,3738,245,246,1
3739,3739,245,247,1
3740,3740,245,248,1
3741,3741,245,306,1
3742,3742,245,307,1
3743,3743,246,247,1
3744,3744,246,248,1
3745,3745,246,306,1
3746,3746,246,307,1
3747,3747,247,248,1
3748,3748,247,306,1
3749,3749,247,307,1
3750,3750,248,306,1
3751,3751,248,307,1
3752,3752,306,307,1
3753,3753,19,130,1
3754,3754,19,188,1
3755,3755,19,259,1
3756,3756,19,322,1
3757,3757,19,323,1
3758,3758,130,188,1
3759,3759,130,259,1
3760,3760,130,322,1
3761,3761,130,323,1
3762,3762,188,259,1
3763,3763,188,322,1
3764,3764,188,323,1
3765,3765,259,322,1
3766,3766,259,323,1
3767,3767,322,323,1
3768,3768,20,131,1
3769,3769,20,200,1
3770,3770,20,267,1
3771,3771,20,337,1
3772,3772,20,338,1
3773,3773,20,339,1
3774,3774,20,340,1
3775,3775,20,341,1
3776,3776,20,342,1
3777,3777,20,343,1
3778,3778,20,344,1
3779,3779,20,345,1
3780,3780,20,346,1
3781,3781,20,347,1
3782,3782,20,348,1
3783,3783,20,349,1
3784,3784,20,350,1
3785,3785,20,351,1
3786,3786,20,352,1
3787,3787,20,353,1
3788,3788,20,354,1
3789,3789,20,355,1
3790,3790,20,356,1
3791,3791,20,357,1
3792,3792,20,358,1
3793,3793,20,359,1
3794,3794,20,360,1
3795,3795,20,361,1
3796,3796,20,362,1
3797,3797,20,363,1
3798,3798,20,364,1
3799,3799,20,365,1
3800,3800,20,366,1
3801,3801,20,367,1
3802,3802,20,368,1
3803,3803,20,369,1
3804,3804,20,370,1
3805,3805,20,371,1
3806,3806,20,372,1
3807,3807,20,373,1
3808,3808,20,374,1
3809,3809,20,375,1
3810,3810,20,376,1
3811,3811,20,377,1
3812,3812,20,378,1
3813,3813,20,379,1
3814,3814,131,200,1
3815,3815,131,267,1
3816,3816,131,337,1
3817,3817,131,338,1
3818,3818,131,339,1
3819,3819,131,340,1
3820,3820,131,341,1
3821,3821,131,342,1
3822,3822,131,343,1
3823,3823,131,344,1
3824,3824,131,345,1
3825,3825,131,346,1
3826,3826,131,347,1
3827,3827,131,348,1
3828,3828,131,349,1
3829,3829,131,350,1
3830,3830,131,351,1
3831,3831,131,352,1
3832,3832,131,353,1
3833,3833,131,354,1
3834,3834,131,355,1
3835,3835,131,356,1
3836,3836,131,357,1
3837,3837,131,358,1
3838,3838,131,359,1
3839,3839,131,360,1
3840,3840,131,361,1
3841,3841,131,362,1
3842,3842,131,363,1
3843,3843,131,364,1
3844,3844,131,365,1
3845,3845,131,366,1
3846,3846,131,367,1
3847,3847,131,368,1
3848,3848,131,369,1
3849,3849,131,370,1
3850,3850,131,371,1
3851,3851,131,372,1
3852,3852,131,373,1
3853,3853,131,374,1
3854,3854,131,375,1
3855,3855,131,376,1
3856,3856,131,377,1
3857,3857,131,378,1
3858,3858,131,379,1
3859,3859,200,267,1
3860,3860,200,337,1
3861,3861,200,338,1
3862,3862,200,339,1
3863,3863,200,340,1
3864,3864,200,341,1
3865,3865,200,342,1
3866,3866,200,343,1
3867,3867,200,344,1
3868,3868,200,345,1
3869,3869,200,346,1
3870,3870,200,347,1
3871,3871,200,348,1
3872,3872,200,349,1
3873,3873,200,350,1
3874,3874,200,351,1
3875,3875,200,352,1
3876,3876,200,353,1
3877,3877,200,354,1
3878,3878,200,355,1
3879,3879,200,356,1
3880,3880,200,357,1
3881,3881,200,358,1
3882,3882,200,359,1
3883,3883,200,360,1
3884,3884,200,361,1
3885,3885,200,362,1
3886,3886,200,363,1
3887,3887,200,364,1
3888,3888,200,365,1
3889,3889,200,366,1
3890,3890,200,367,1
3891,3891,200,368,1
3892,3892,200,369,1
3893,3893,200,370,1
3894,3894,200,371,1
3895,3895,200,372,1
3896,3896,200,373,1
3897,3897,200,374,1
3898,3898,200,375,1
3899,3899,200,376,1
3900,3900,200,377,1
3901,3901,200,378,1
3902,3902,200,379,1
3903,3903,267,337,1
3904,3904,267,338,1
3905,3905,267,339,1
3906,3906,267,340,1
3907,3907,267,341,1
3908,3908,267,342,1
3909,3909,267,343,1
3910,3910,267,344,1
3911,3911,267,345,1
3912,3912,267,346,1
3913,3913,267,347,1
3914,3914,267,348,1
3915,3915,267,349,1
3916,3916,267,350,1
3917,3917,267,351,1
3918,3918,267,352,1
3919,3919,267,353,1
3920,3920,267,354,1
3921,3921,267,355,1
3922,3922,267,356,1
3923,3923,267,357,1
3924,3924,267,358,1
3925,3925,267,359,1
3926,3926,267,360,1
3927,3927,267,361,1
3928,3928,267,362,1
3929,3929,267,363,1
3930,3930,267,364,1
3931,3931,267,365,1
3932,3932,267,366,1
3933,3933,267,367,1
3934,3934,267,368,1
3935,3935,267,369,1
3936,3936,267,370,1
3937,3937,267,371,1
3938,3938,267,372,1
3939,3939,267,373,1
3940,3940,267,374,1
3941,3941,267,375,1
3942,3942,267,376,1
3943,3943,267,377,1
3944,3944,267,378,1
3945,3945,267,379,1
3946,3946,337,338,1
3947,3947,337,339,1
3948,3948,337,340,1
3949,3949,337,341,1
3950,3950,337,342,1
3951,3951,337,343,1
3952,3952,337,344,1
3953,3953,337,345,1
3954,3954,337,346,1
3955,3955,337,347,1
3956,3956,337,348,1
3957,3957,337,349,1
3958,3958,337,350,1
3959,3959,337,351,1
3960,3960,337,352,1
3961,3961,337,353,1
3962,3962,337,354,1
3963,3963,337,355,1
3964,3964,337,356,1
3965,3965,337,357,1
3966,3966,337,358,1
3967,3967,337,359,1
3968,3968,337,360,1
3969,3969,337,361,1
3970,3970,337,362,1
3971,3971,337,363,1
3972,3972,337,364,1
3973,3973,337,365,1
3974,3974,337,366,1
3975,3975,337,367,1
3976,3976,337,368,1
3977,3977,337,369,1
3978,3978,337,370,1
3979,3979,337,371,1
3980,3980,337,372,1
3981,3981,337,373,1
3982,3982,337,374,1
3983,3983,337,375,1
3984,3984,337,376,1
3985,3985,337,377,1
3986,3986,337,378,1
3987,3987,337,379,1
3988,3988,338,339,1
3989,3989,338,340,1
3990,3990,338,341,1
3991,3991,338,342,1
3992,3992,338,343,1
3993,3993,338,344,1
3994,3994,338,345,1
3995,3995,338,346,1
3996,3996,338,347,1
3997,3997,338,348,1
3998,3998,338,349,1
3999,3999,338,350,1
4000,4000,338,351,1
4001,4001,338,352,1
4002,4002,338,353,1
4003,4003,338,354,1
4004,4004,338,355,1
4005,4005,338,356,1
4006,4006,338,357,1
4007,4007,338,358,1
4008,4008,338,359,1
4009,4009,338,360,1
4010,4010,338,361,1
4011,4011,338,362,1
4012,4012,338,363,1
4013,4013,338,364,1
4014,4014,338,365,1
4015,4015,338,366,1
4016,4016,338,367,1
4017,4017,338,368,1
4018,4018,338,369,1
4019,4019,338,370,1
4020,4020,338,371,1
4021,4021,338,372,1
4022,4022,338,373,1
4023,4023,338,374,1
4024,4024,338,375,1
4025,4025,338,376,1
4026,4026,338,377,1
4027,4027,338,378,1
4028,4028,338,379,1
4029,4029,339,340,1
4030,4030,339,341,1
4031,4031,339,342,1
4032,4032,339,343,1
4033,4033,339,344,1
4034,4034,339,345,1
4035,4035,339,346,1
4036,4036,339,347,1
4037,4037,339,348,1
4038,4038,339,349,1
4039,4039,339,350,1
4040,4040,339,351,1
4041,4041,339,352,1
4042,4042,339,353,1
4043,4043,339,354,1
4044,4044,339,355,1
4045,4045,339,356,1
4046,4046,339,357,1
4047,4047,339,358,1
4048,4048,339,359,1
4049,4049,339,360,1
4050,4050,339,361,1
4051,4051,339,362,1
4052,4052,339,363,1
4053,4053,339,364,1
4054,4054,339,365,1
4055,4055,339,366,1
4056,4056,339,367,1
4057,4057,339,368,1
4058,4058,339,369,1
4059,4059,339,370,1
4060,4060,339,371,1
4061,4061,339,372,1
4062,4062,339,373,1
4063,4063,339,374,1
4064,4064,339,375,1
4065,4065,339,376,1
4066,4066,339,377,1
4067,4067,339,378,1
4068,4068,339,379,1
4069,4069,340,341,1
4070,4070,340,342,1
4071,4071,340,343,1
4072,4072,340,344,1
4073,4073,340,345,1
4074,4074,340,346,1
4075,4075,340,347,1
4076,4076,340,348,1
4077,4077,340,349,1
4078,4078,340,350,1
4079,4079,340,351,1
4080,4080,340,352,1
4081,4081,340,353,1
4082,4082,340,354,1
4083,4083,340,355,1
4084,4084,340,356,1
4085,4085,340,357,1
4086,4086,340,358,1
4087,4087,340,359,1
4088,4088,340,360,1
4089,4089,340,361,1
4090,4090,340,362,1
4091,4091,340,363,1
4092,4092,340,364,1
4093,4093,340,365,1
4094,4094,340,366,1
4095,4095,340,367,1
4096,4096,340,368,1
4097,4097,340,369,1
4098,4098,340,370,1
4099,4099,340,371,1
4100,4100,340,372,1
4101,4101,340,373,1
4102,4102,340,374,1
4103,4103,340,375,1
4104,4104,340,376,1
4105,4105,340,377,1
4106,4106,340,378,1
4107,4107,340,379,1
4108,4108,341,342,1
4109,4109,341,343,1
4110,4110,341,344,1
4111,4111,341,345,1
4112,4112,341,346,1
4113,4113,341,347,1
4114,4114,341,348,1
4115,4115,341,349,1
4116,4116,341,350,1
4117,4117,341,351,1
4118,4118,341,352,1
4119,4119,341,353,1
4120,4120,341,354,1
4121,4121,341,355,1
4122,4122,341,356,1
4123,4123,341,357,1
4124,4124,341,358,1
4125,4125,341,359,1
4126,4126,341,360,1
4127,4127,341,361,1
4128,4128,341,362,1
4129,4129,341,363,1
4130,4130,341,364,1
4131,4131,341,365,1
4132,4132,341,366,1
4133,4133,341,367,1
4134,4134,341,368,1
4135,4135,341,369,1
4136,4136,341,370,1
4137,4137,341,371,1
4138,4138,341,372,1
4139,4139,341,373,1
4140,4140,341,374,1
4141,4141,341,375,1
4142,4142,341,376,1
4143,4143,341,377,1
4144,4144,341,378,1
4145,4145,341,379,1
4146,4146,342,343,1
4147,4147,342,344,1
4148,4148,342,345,1
4149,4149,342,346,1
4150,4150,342,347,1
4151,4151,342,348,1
4152,4152,342,349,1
4153,4153,342,350,1
4154,4154,342,351,1
4155,4155,342,352,1
4156,4156,342,353,1
4157,4157,342,354,1
4158,4158,342,355,1
4159,4159,342,356,1
4160,4160,342,357,1
4161,4161,342,358,1
4162,4162,342,359,1
4163,4163,342,360,1
4164,4164,342,361,1
4165,4165,342,362,1
4166,4166,342,363,1
4167,4167,342,364,1
4168,4168,342,365,1
4169,4169,342,366,1
4170,4170,342,367,1
4171,4171,342,368,1
4172,4172,342,369,1
4173,4173,342,370,1
4174,4174,342,371,1
4175,4175,342,372,1
4176,4176,342,373,1
4177,4177,342,374,1
4178,4178,342,375,1
4179,4179,342,376,1
4180,4180,342,377,1
4181,4181,342,378,1
4182,4182,342,379,1
4183,4183,343,344,1
4184,4184,343,345,1
4185,4185,343,346,1
4186,4186,343,347,1
4187,4187,343,348,1
4188,4188,343,349,1
4189,4189,343,350,1
4190,4190,343,351,1
4191,4191,343,352,1
4192,4192,343,353,1
4193,4193,343,354,1
4194,4194,343,355,1
4195,4195,343,356,1
4196,4196,343,357,1
4197,4197,343,358,1
4198,4198,343,359,1
4199,4199,343,360,1
4200,4200,343,361,1
4201,4201,343,362,1
4202,4202,343,363,1
4203,4203,343,364,1
4204,4204,343,365,1
4205,4205,343,366,1
4206,4206,343,367,1
4207,4207,343,368,1
4208,4208,343,369,1
4209,4209,343,370,1
4210,4210,343,371,1
4211,4211,343,372,1
4212,4212,343,373,1
4213,4213,343,374,1
4214,4214,343,375,1
4215,4215,343,376,1
4216,4216,343,377,1
4217,4217,343,378,1
4218,4218,343,379,1
4219,4219,344,345,1
4220,4220,344,346,1
4221,4221,344,347,1
4222,4222,344,348,1
4223,4223,344,349,1
4224,4224,344,350,1
4225,4225,344,351,1
4226,4226,344,352,1
4227,4227,344,353,1
4228,4228,344,354,1
4229,4229,344,355,1
4230,4230,344,356,1
4231,4231,344,357,1
4232,4232,344,358,1
4233,4233,344,359,1
4234,4234,344,360,1
4235,4235,344,361,1
4236,4236,344,362,1
4237,4237,344,363,1
4238,4238,344,364,1
4239,4239,344,365,1
4240,4240,344,366,1
4241,4241,344,367,1
4242,4242,344,368,1
4243,4243,344,369,1
4244,4244,344,370,1
4245,4245,344,371,1
4246,4246,344,372,1
4247,4247,344,373,1
4248,4248,344,374,1
4249,4249,344,375,1
4250,4250,344,376,1
4251,4251,344,377,1
4252,4252,344,378,1
4253,4253,344,379,1
4254,4254,345,346,1
4255,4255,345,347,1
4256,4256,345,348,1
4257,4257,345,349,1
4258,4258,345,350,1
4259,4259,345,351,1
4260,4260,345,352,1
4261,4261,345,353,1
4262,4262,345,354,1
4263,4263,345,355,1
4264,4264,345,356,1
4265,4265,345,357,1
4266,4266,345,358,1
4267,4267,345,359,1
4268,4268,345,360,1
4269,4269,345,361,1
4270,4270,345,362,1
4271,4271,345,363,1
4272,4272,345,364,1
4273,4273,345,365,1
4274,4274,345,366,1
4275,4275,345,367,1
4276,4276,345,368,1
4277,4277,345,369,1
4278,4278,345,370,1
4279,4279,345,371,1
4280,4280,345,372,1
4281,4281,345,373,1
4282,4282,345,374,1
4283,4283,345,375,1
4284,4284,345,376,1
4285,4285,345,377,1
4286,4286,345,378,1
4287,4287,345,379,1
4288,4288,346,347,1
4289,4289,346,348,1
4290,4290,346,349,1
4291,4291,346,350,1
4292,4292,346,351,1
4293,4293,346,352,1
4294,4294,346,353,1
4295,4295,346,354,1
4296,4296,346,355,1
4297,4297,346,356,1
4298,4298,346,357,1
4299,4299,346,358,1
4300,4300,346,359,1
4301,4301,346,360,1
4302,4302,346,361,1
4303,4303,346,362,1
4304,4304,346,363,1
4305,4305,346,364,1
4306,4306,346,365,1
4307,4307,346,366,1
4308,4308,346,367,1
4309,4309,346,368,1
4310,4310,346,369,1
4311,4311,346,370,1
4312,4312,346,371,1
4313,4313,346,372,1
4314,4314,346,373,1
4315,4315,346,374,1
4316,4316,346,375,1
4317,4317,346,376,1
4318,4318,346,377,1
4319,4319,346,378,1
4320,4320,346,379,1
4321,4321,347,348,1
4322,4322,347,349,1
4323,4323,347,350,1
4324,4324,347,351,1
4325,4325,347,352,1
4326,4326,347,353,1
4327,4327,347,354,1
4328,4328,347,355,1
4329,4329,347,356,1
4330,4330,347,357,1
4331,4331,347,358,1
4332,4332,347,359,1
4333,4333,347,360,1
4334,4334,347,361,1
4335,4335,347,362,1
4336,4336,347,363,1
4337,4337,347,364,1
4338,4338,347,365,1
4339,4339,347,366,1
4340,4340,347,367,1
4341,4341,347,368,1
4342,4342,347,369,1
4343,4343,347,370,1
4344,4344,347,371,1
4345,4345,347,372,1
4346,4346,347,373,1
4347,4347,347,374,1
4348,4348,347,375,1
4349,4349,347,376,1
4350,4350,347,377,1
4351,4351,347,378,1
4352,4352,347,379,1
4353,4353,348,349,1
4354,4354,348,350,1
4355,4355,348,351,1
4356,4356,348,352,1
4357,4357,348,353,1
4358,4358,348,354,1
4359,4359,348,355,1
4360,4360,348,356,1
4361,4361,348,357,1
4362,4362,348,358,1
4363,4363,348,359,1
4364,4364,348,360,1
4365,4365,348,361,1
4366,4366,348,362,1
4367,4367,348,363,1
4368,4368,348,364,1
4369,4369,348,365,1
4370,4370,348,366,1
4371,4371,348,367,1
4372,4372,348,368,1
4373,4373,348,369,1
4374,4374,348,370,1
4375,4375,348,371,1
4376,4376,348,372,1
4377,4377,348,373,1
4378,4378,348,374,1
4379,4379,348,375,1
4380,4380,348,376,1
4381,4381,348,377,1
4382,4382,348,378,1
4383,4383,348,379,1
4384,4384,349,350,1
4385,4385,349,351,1
4386,4386,349,352,1
4387,4387,349,353,1
4388,4388,349,354,1
4389,4389,349,355,1
4390,4390,349,356,1
4391,4391,349,357,1
4392,4392,349,358,1
4393,4393,349,359,1
4394,4394,349,360,1
4395,4395,349,361,1
4396,4396,349,362,1
4397,4397,349,363,1
4398,4398,349,364,1
4399,4399,349,365,1
4400,4400,349,366,1
4401,4401,349,367,1
4402,4402,349,368,1
4403,4403,349,369,1
4404,4404,349,370,1
4405,4405,349,371,1
4406,4406,349,372,1
4407,4407,349,373,1
4408,4408,349,374,1
4409,4409,349,375,1
4410,4410,349,376,1
4411,4411,349,377,1
4412,4412,349,378,1
4413,4413,349,379,1
4414,4414,350,351,1
4415,4415,350,352,1
4416,4416,350,353,1
4417,4417,350,354,1
4418,4418,350,355,1
4419,4419,350,356,1
4420,4420,350,357,1
4421,4421,350,358,1
4422,4422,350,359,1
4423,4423,350,360,1
4424,4424,350,361,1
4425,4425,350,362,1
4426,4426,350,363,1
4427,4427,350,364,1
4428,4428,350,365,1
4429,4429,350,366,1
4430,4430,350,367,1
4431,4431,350,368,1
4432,4432,350,369,1
4433,4433,350,370,1
4434,4434,350,371,1
4435,4435,350,372,1
4436,4436,350,373,1
4437,4437,350,374,1
4438,4438,350,375,1
4439,4439,350,376,1
4440,4440,350,377,1
4441,4441,350,378,1
4442,4442,350,379,1
4443,4443,351,352,1
4444,4444,351,353,1
4445,4445,351,354,1
4446,4446,351,355,1
4447,4447,351,356,1
4448,4448,351,357,1
4449,4449,351,358,1
4450,4450,351,359,1
4451,4451,351,360,1
4452,4452,351,361,1
4453,4453,351,362,1
4454,4454,351,363,1
4455,4455,351,364,1
4456,4456,351,365,1
4457,4457,351,366,1
4458,4458,351,367,1
4459,4459,351,368,1
4460,4460,351,369,1
4461,4461,351,370,1
4462,4462,351,371,1
4463,4463,351,372,1
4464,4464,351,373,1
4465,4465,351,374,1
4466,4466,351,375,1
4467,4467,351,376,1
4468,4468,351,377,1
4469,4469,351,378,1
4470,4470,351,379,1
4471,4471,352,353,1
4472,4472,352,354,1
4473,4473,352,355,1
4474,4474,352,356,1
4475,4475,352,357,1
4476,4476,352,358,1
4477,4477,352,359,1
4478,4478,352,360,1
4479,4479,352,361,1
4480,4480,352,362,1
4481,4481,352,363,1
4482,4482,352,364,1
4483,4483,352,365,1
4484,4484,352,366,1
4485,4485,352,367,1
4486,4486,352,368,1
4487,4487,352,369,1
4488,4488,352,370,1
4489,4489,352,371,1
4490,4490,352,372,1
4491,4491,352,373,1
4492,4492,352,374,1
4493,4493,352,375,1
4494,4494,352,376,1
4495,4495,352,377,1
4496,4496,352,378,1
4497,4497,352,379,1
4498,4498,353,354,1
4499,4499,353,355,1
4500,4500,353,356,1
4501,4501,353,357,1
4502,4502,353,358,1
4503,4503,353,359,1
4504,4504,353,360,1
4505,4505,353,361,1
4506,4506,353,362,1
4507,4507,353,363,1
4508,4508,353,364,1
4509,4509,353,365,1
4510,4510,353,366,1
4511,4511,353,367,1
4512,4512,353,368,1
4513,4513,353,369,1
4514,4514,353,370,1
4515,4515,353,371,1
4516,4516,353,372,1
4517,4517,353,373,1
4518,4518,353,374,1
4519,4519,353,375,1
4520,4520,353,376,1
4521,4521,353,377,1
4522,4522,353,378,1
4523,4523,353,379,1
4524,4524,354,355,1
4525,4525,354,356,1
4526,4526,354,357,1
4527,4527,354,358,1
4528,4528,354,359,1
4529,4529,354,360,1
4530,4530,354,361,1
4531,4531,354,362,1
4532,4532,354,363,1
4533,4533,354,364,1
4534,4534,354,365,1
4535,4535,354,366,1
4536,4536,354,367,1
4537,4537,354,368,1
4538,4538,354,369,1
4539,4539,354,370,1
4540,4540,354,371,1
4541,4541,354,372,1
4542,4542,354,373,1
4543,4543,354,374,1
4544,4544,354,375,1
4545,4545,354,376,1
4546,4546,354,377,1
4547,4547,354,378,1
4548,4548,354,379,1
4549,4549,355,356,1
4550,4550,355,357,1
4551,4551,355,358,1
4552,4552,355,359,1
4553,4553,355,360,1
4554,4554,355,361,1
4555,4555,355,362,1
4556,4556,355,363,1
4557,4557,355,364,1
4558,4558,355,365,1
4559,4559,355,366,1
4560,4560,355,367,1
4561,4561,355,368,1
4562,4562,355,369,1
4563,4563,355,370,1
4564,4564,355,371,1
4565,4565,355,372,1
4566,4566,355,373,1
4567,4567,355,374,1
4568,4568,355,375,1
4569,4569,355,376,1
4570,4570,355,377,1
4571,4571,355,378,1
4572,4572,355,379,1
4573,4573,356,357,1
4574,4574,356,358,1
4575,4575,356,359,1
4576,4576,356,360,1
4577,4577,356,361,1
4578,4578,356,362,1
4579,4579,356,363,1
4580,4580,356,364,1
4581,4581,356,365,1
4582,4582,356,366,1
4583,4583,356,367,1
4584,4584,356,368,1
4585,4585,356,369,1
4586,4586,356,370,1
4587,4587,356,371,1
4588,4588,356,372,1
4589,4589,356,373,1
4590,4590,356,374,1
4591,4591,356,375,1
4592,4592,356,376,1
4593,4593,356,377,1
4594,4594,356,378,1
4595,4595,356,379,1
4596,4596,357,358,1
4597,4597,357,359,1
4598,4598,357,360,1
4599,4599,357,361,1
4600,4600,357,362,1
4601,4601,357,363,1
4602,4602,357,364,1
4603,4603,357,365,1
4604,4604,357,366,1
4605,4605,357,367,1
4606,4606,357,368,1
4607,4607,357,369,1
4608,4608,357,370,1
4609,4609,357,371,1
4610,4610,357,372,1
4611,4611,357,373,1
4612,4612,357,374,1
4613,4613,357,375,1
4614,4614,357,376,1
4615,4615,357,377,1
4616,4616,357,378,1
4617,4617,357,379,1
4618,4618,358,359,1
4619,4619,358,360,1
4620,4620,358,361,1
4621,4621,358,362,1
4622,4622,358,363,1
4623,4623,358,364,1
4624,4624,358,365,1
4625,4625,358,366,1
4626,4626,358,367,1
4627,4627,358,368,1
4628,4628,358,369,1
4629,4629,358,370,1
4630,4630,358,371,1
4631,4631,358,372,1
4632,4632,358,373,1
4633,4633,358,374,1
4634,4634,358,375,1
4635,4635,358,376,1
4636,4636,358,377,1
4637,4637,358,378,1
4638,4638,358,379,1
4639,4639,359,360,1
4640,4640,359,361,1
4641,4641,359,362,1
4642,4642,359,363,1
4643,4643,359,364,1
4644,4644,359,365,1
4645,4645,359,366,1
4646,4646,359,367,1
4647,4647,359,368,1
4648,4648,359,369,1
4649,4649,359,370,1
4650,4650,359,371,1
4651,4651,359,372,1
4652,4652,359,373,1
4653,4653,359,374,1
4654,4654,359,375,1
4655,4655,359,376,1
4656,4656,359,377,1
4657,4657,359,378,1
4658,4658,359,379,1
4659,4659,360,361,1
4660,4660,360,362,1
4661,4661,360,363,1
4662,4662,360,364,1
4663,4663,360,365,1
4664,4664,360,366,1
4665,4665,360,367,1
4666,4666,360,368,1
4667,4667,360,369,1
4668,4668,360,370,1
4669,4669,360,371,1
4670,4670,360,372,1
4671,4671,360,373,1
4672,4672,360,374,1
4673,4673,360,375,1
4674,4674,360,376,1
4675,4675,360,377,1
4676,4676,360,378,1
4677,4677,360,379,1
4678,4678,361,362,1
4679,4679,361,363,1
4680,4680,361,364,1
4681,4681,361,365,1
4682,4682,361,366,1
4683,4683,361,367,1
4684,4684,361,368,1
4685,4685,361,369,1
4686,4686,361,370,1
4687,4687,361,371,1
4688,4688,361,372,1
4689,4689,361,373,1
4690,4690,361,374,1
4691,4691,361,375,1
4692,4692,361,376,1
4693,4693,361,377,1
4694,4694,361,378,1
4695,4695,361,379,1
4696,4696,362,363,1
4697,4697,362,364,1
4698,4698,362,365,1
4699,4699,362,366,1
4700,4700,362,367,1
4701,4701,362,368,1
4702,4702,362,369,1
4703,4703,362,370,1
4704,4704,362,371,1
4705,4705,362,372,1
4706,4706,362,373,1
4707,4707,362,374,1
4708,4708,362,375,1
4709,4709,362,376,1
4710,4710,362,377,1
4711,4711,362,378,1
4712,4712,362,379,1
4713,4713,363,364,1
4714,4714,363,365,1
4715,4715,363,366,1
4716,4716,363,367,1
4717,4717,363,368,1
4718,4718,363,369,1
4719,4719,363,370,1
4720,4720,363,371,1
4721,4721,363,372,1
4722,4722,363,373,1
4723,4723,363,374,1
4724,4724,363,375,1
4725,4725,363,376,1
4726,4726,363,377,1
4727,4727,363,378,1
4728,4728,363,379,1
4729,4729,364,365,1
4730,4730,364,366,1
4731,4731,364,367,1
4732,4732,364,368,1
4733,4733,364,369,1
4734,4734,364,370,1
4735,4735,364,371,1
4736,4736,364,372,1
4737,4737,364,373,1
4738,4738,364,374,1
4739,4739,364,375,1
4740,4740,364,376,1
4741,4741,364,377,1
4742,4742,364,378,1
4743,4743,364,379,1
4744,4744,365,366,1
4745,4745,365,367,1
4746,4746,365,368,1
4747,4747,365,369,1
4748,4748,365,370,1
4749,4749,365,371,1
4750,4750,365,372,1
4751,4751,365,373,1
4752,4752,365,374,1
4753,4753,365,375,1
4754,4754,365,376,1
4755,4755,365,377,1
4756,4756,365,378,1
4757,4757,365,379,1
4758,4758,366,367,1
4759,4759,366,368,1
4760,4760,366,369,1
4761,4761,366,370,1
4762,4762,366,371,1
4763,4763,366,372,1
4764,4764,366,373,1
4765,4765,366,374,1
4766,4766,366,375,1
4767,4767,366,376,1
4768,4768,366,377,1
4769,4769,366,378,1
4770,4770,366,379,1
4771,4771,367,368,1
4772,4772,367,369,1
4773,4773,367,370,1
4774,4774,367,371,1
4775,4775,367,372,1
4776,4776,367,373,1
4777,4777,367,374,1
4778,4778,367,375,1
4779,4779,367,376,1
4780,4780,367,377,1
4781,4781,367,378,1
4782,4782,367,379,1
4783,4783,368,369,1
4784,4784,368,370,1
4785,4785,368,371,1
4786,4786,368,372,1
4787,4787,368,373,1
4788,4788,368,374,1
4789,4789,368,375,1
4790,4790,368,376,1
4791,4791,368,377,1
4792,4792,368,378,1
4793,4793,368,379,1
4794,4794,369,370,1
4795,4795,369,371,1
4796,4796,369,372,1
4797,4797,369,373,1
4798,4798,369,374,1
4799,4799,369,375,1
4800,4800,369,376,1
4801,4801,369,377,1
4802,4802,369,378,1
4803,4803,369,379,1
4804,4804,370,371,1
4805,4805,370,372,1
4806,4806,370,373,1
4807,4807,370,374,1
4808,4808,370,375,1
4809,4809,370,376,1
4810,4810,370,377,1
4811,4811,370,378,1
4812,4812,370,379,1
4813,4813,371,372,1
4814,4814,371,373,1
4815,4815,371,374,1
4816,4816,371,375,1
4817,4817,371,376,1
4818,4818,371,377,1
4819,4819,371,378,1
4820,4820,371,379,1
4821,4821,372,373,1
4822,4822,372,374,1
4823,4823,372,375,1
4824,4824,372,376,1
4825,4825,372,377,1
4826,4826,372,378,1
4827,4827,372,379,1
4828,4828,373,374,1
4829,4829,373,375,1
4830,4830,373,376,1
4831,4831,373,377,1
4832,4832,373,378,1
4833,4833,373,379,1
4834,4834,374,375,1
4835,4835,374,376,1
4836,4836,374,377,1
4837,4837,374,378,1
4838,4838,374,379,1
4839,4839,375,376,1
4840,4840,375,377,1
4841,4841,375,378,1
4842,4842,375,379,1
4843,4843,376,377,1
4844,4844,376,378,1
4845,4845,376,379,1
4846,4846,377,378,1
4847,4847,377,379,1
4848,4848,378,379,1
4849,4849,21,22,1
4850,4850,21,23,1
4851,4851,21,24,1
4852,4852,21,25,1
4853,4853,21,26,1
4854,4854,21,27,1
4855,4855,21,28,1
4856,4856,21,29,1
4857,4857,21,30,1
4858,4858,21,31,1
4859,4859,21,32,1
4860,4860,21,33,1
4861,4861,21,34,1
4862,4862,21,35,1
4863,4863,21,36,1
4864,4864,21,37,1
4865,4865,21,38,1
4866,4866,21,39,1
4867,4867,21,40,1
4868,4868,21,41,1
4869,4869,21,42,1
4870,4870,21,43,1
4871,4871,21,44,1
4872,4872,21,45,1
4873,4873,21,46,1
4874,4874,21,47,1
4875,4875,21,48,1
4876,4876,21,49,1
4877,4877,21,50,1
4878,4878,21,51,1
4879,4879,21,52,1
4880,4880,21,53,1
4881,4881,21,54,1
4882,4882,21,55,1
4883,4883,21,56,1
4884,4884,21,57,1
4885,4885,21,58,1
4886,4886,21,59,1
4887,4887,21,60,1
4888,4888,21,61,1
4889,4889,21,62,1
4890,4890,21,63,1
4891,4891,21,132,1
4892,4892,21,201,1
4893,4893,21,268,1
4894,4894,21,393,1
4895,4895,21,394,1
4896,4896,22,23,1
4897,4897,22,24,1
4898,4898,22,25,1
4899,4899,22,26,1
4900,4900,22,27,1
4901,4901,22,28,1
4902,4902,22,29,1
4903,4903,22,30,1
4904,4904,22,31,1
4905,4905,22,32,1
4906,4906,22,33,1
4907,4907,22,34,1
4908,4908,22,35,1
4909,4909,22,36,1
4910,4910,22,37,1
4911,4911,22,38,1
4912,4912,22,39,1
4913,4913,22,40,1
4914,4914,22,41,1
4915,4915,22,42,1
4916,4916,22,43,1
4917,4917,22,44,1
4918,4918,22,45,1
4919,4919,22,46,1
4920,4920,22,47,1
4921,4921,22,48,1
4922,4922,22,49,1
4923,4923,22,50,1
4924,4924,22,51,1
4925,4925,22,52,1
4926,4926,22,53,1
4927,4927,22,54,1
4928,4928,22,55,1
4929,4929,22,56,1
4930,4930,22,57,1
4931,4931,22,58,1
4932,4932,22,59,1
4933,4933,22,60,1
4934,4934,22,61,1
4935,4935,22,62,1
4936,4936,22,63,1
4937,4937,22,132,1
4938,4938,22,201,1
4939,4939,22,268,1
4940,4940,22,393,1
4941,4941,22,394,1
4942,4942,23,24,1
4943,4943,23,25,1
4944,4944,23,26,1
4945,4945,23,27,1
4946,4946,23,28,1
4947,4947,23,29,1
4948,4948,23,30,1
4949,4949,23,31,1
4950,4950,23,32,1
4951,4951,23,33,1
4952,4952,23,34,1
4953,4953,23,35,1
4954,4954,23,36,1
4955,4955,23,37,1
4956,4956,23,38,1
4957,4957,23,39,1
4958,4958,23,40,1
4959,4959,23,41,1
4960,4960,23,42,1
4961,4961,23,43,1
4962,4962,23,44,1
4963,4963,23,45,1
4964,4964,23,46,1
4965,4965,23,47,1
4966,4966,23,48,1
4967,4967,23,49,1
4968,4968,23,50,1
4969,4969,23,51,1
4970,4970,23,52,1
4971,4971,23,53,1
4972,4972,23,54,1
4973,4973,23,55,1
4974,4974,23,56,1
4975,4975,23,57,1
4976,4976,23,58,1
4977,4977,23,59,1
4978,4978,23,60,1
4979,4979,23,61,1
4980,4980,23,62,1
4981,4981,23,63,1
4982,4982,23,132,1
4983,4983,23,201,1
4984,4984,23,268,1
4985,4985,23,393,1
4986,4986,23,394,1
4987,4987,24,25,1
4988,4988,24,26,1
4989,4989,24,27,1
4990,4990,24,28,1
4991,4991,24,29,1
4992,4992,24,30,1
4993,4993,24,31,1
4994,4994,24,32,1
4995,4995,24,33,1
4996,4996,24,34,1
4997,4997,24,35,1
4998,4998,24,36,1
4999,4999,24,37,1
5000,5000,24,38,1
5001,5001,24,39,1
5002,5002,24,40,1
5003,5003,24,41,1
5004,5004,24,42,1
5005,5005,24,43,1
5006,5006,24,44,1
5007,5007,24,45,1
5008,5008,24,46,1
5009,5009,24,47,1
5010,5010,24,48,1
5011,5011,24,49,1
5012,5012,24,50,1
5013,5013,24,51,1
5014,5014,24,52,1
5015,5015,24,53,1
5016,5016,24,54,1
5017,5017,24,55,1
5018,5018,24,56,1
5019,5019,24,57,1
5020,5020,24,58,1
5021,5021,24,59,1
5022,5022,24,60,1
5023,5023,24,61,1
5024,5024,24,62,1
5025,5025,24,63,1
5026,5026,24,132,1
5027,5027,24,201,1
5028,5028,24,268,1
5029,5029,24,393,1
5030,5030,24,394,1
5031,5031,25,26,1
5032,5032,25,27,1
5033,5033,25,28,1
5034,5034,25,29,1
5035,5035,25,30,1
5036,5036,25,31,1
5037,5037,25,32,1
5038,5038,25,33,1
5039,5039,25,34,1
5040,5040,25,35,1
5041,5041,25,36,1
5042,5042,25,37,1
5043,5043,25,38,1
5044,5044,25,39,1
5045,5045,25,40,1
5046,5046,25,41,1
5047,5047,25,42,1
5048,5048,25,43,1
5049,5049,25,44,1
5050,5050,25,45,1
5051,5051,25,46,1
5052,5052,25,47,1
5053,5053,25,48,1
5054,5054,25,49,1
5055,5055,25,50,1
5056,5056,25,51,1
5057,5057,25,52,1
5058,5058,25,53,1
5059,5059,25,54,1
5060,5060,25,55,1
5061,5061,25,56,1
5062,5062,25,57,1
5063,5063,25,58,1
5064,5064,25,59,1
5065,5065,25,60,1
5066,5066,25,61,1
5067,5067,25,62,1
5068,5068,25,63,1
5069,5069,25,132,1
5070,5070,25,201,1
5071,5071,25,268,1
5072,5072,25,393,1
5073,5073,25,394,1
5074,5074,26,27,1
5075,5075,26,28,1
5076,5076,26,29,1
5077,5077,26,30,1
5078,5078,26,31,1
5079,5079,26,32,1
5080,5080,26,33,1
5081,5081,26,34,1
5082,5082,26,35,1
5083,5083,26,36,1
5084,5084,26,37,1
5085,5085,26,38,1
5086,5086,26,39,1
5087,5087,26,40,1
5088,5088,26,41,1
5089,5089,26,42,1
5090,5090,26,43,1
5091,5091,26,44,1
5092,5092,26,45,1
5093,5093,26,46,1
5094,5094,26,47,1
5095,5095,26,48,1
5096,5096,26,49,1
5097,5097,26,50,1
5098,5098,26,51,1
5099,5099,26,52,1
5100,5100,26,53,1
5101,5101,26,54,1
5102,5102,26,55,1
5103,5103,26,56,1
5104,5104,26,57,1
5105,5105,26,58,1
5106,5106,26,59,1
5107,5107,26,60,1
5108,5108,26,61,1
5109,5109,26,62,1
5110,5110,26,63,1
5111,5111,26,132,1
5112,5112,26,201,1
5113,5113,26,268,1
5114,5114,26,393,1
5115,5115,26,394,1
5116,5116,27,28,1
5117,5117,27,29,1
5118,5118,27,30,1
5119,5119,27,31,1
5120,5120,27,32,1
5121,5121,27,33,1
5122,5122,27,34,1
5123,5123,27,35,1
5124,5124,27,36,1
5125,5125,27,37,1
5126,5126,27,38,1
5127,5127,27,39,1
5128,5128,27,40,1
5129,5129,27,41,1
5130,5130,27,42,1
5131,5131,27,43,1
5132,5132,27,44,1
5133,5133,27,45,1
5134,5134,27,46,1
5135,5135,27,47,1
5136,5136,27,48,1
5137,5137,27,49,1
5138,5138,27,50,1
5139,5139,27,51,1
5140,5140,27,52,1
5141,5141,27,53,1
5142,5142,27,54,1
5143,5143,27,55,1
5144,5144,27,56,1
5145,5145,27,57,1
5146,5146,27,58,1
5147,5147,27,59,1
5148,5148,27,60,1
5149,5149,27,61,1
5150,5150,27,62,1
5151,5151,27,63,1
5152,5152,27,132,1
5153,5153,27,201,1
5154,5154,27,268,1
5155,5155,27,393,1
5156,5156,27,394,1
5157,5157,28,29,1
5158,5158,28,30,1
5159,5159,28,31,1
5160,5160,28,32,1
5161,5161,28,33,1
5162,5162,28,34,1
5163,5163,28,35,1
5164,5164,28,36,1
5165,5165,28,37,1
5166,5166,28,38,1
5167,5167,28,39,1
5168,5168,28,40,1
5169,5169,28,41,1
5170,5170,28,42,1
5171,5171,28,43,1
5172,5172,28,44,1
5173,5173,28,45,1
5174,5174,28,46,1
5175,5175,28,47,1
5176,5176,28,48,1
5177,5177,28,49,1
5178,5178,28,50,1
5179,5179,28,51,1
5180,5180,28,52,1
5181,5181,28,53,1
5182,5182,28,54,1
5183,5183,28,55,1
5184,5184,28,56,1
5185,5185,28,57,1
5186,5186,28,58,1
5187,5187,28,59,1
5188,5188,28,60,1
5189,5189,28,61,1
5190,5190,28,62,1
5191,5191,28,63,1
5192,5192,28,132,1
5193,5193,28,201,1
5194,5194,28,268,1
5195,5195,28,393,1
5196,5196,28,394,1
5197,5197,29,30,1
5198,5198,29,31,1
5199,5199,29,32,1
5200,5200,29,33,1
5201,5201,29,34,1
5202,5202,29,35,1
5203,5203,29,36,1
5204,5204,29,37,1
5205,5205,29,38,1
5206,5206,29,39,1
5207,5207,29,40,1
5208,5208,29,41,1
5209,5209,29,42,1
5210,5210,29,43,1
5211,5211,29,44,1
5212,5212,29,45,1
5213,5213,29,46,1
5214,5214,29,47,1
5215,5215,29,48,1
5216,5216,29,49,1
5217,5217,29,50,1
5218,5218,29,51,1
5219,5219,29,52,1
5220,5220,29,53,1
5221,5221,29,54,1
5222,5222,29,55,1
5223,5223,29,56,1
5224,5224,29,57,1
5225,5225,29,58,1
5226,5226,29,59,1
5227,5227,29,60,1
5228,5228,29,61,1
5229,5229,29,62,1
5230,5230,29,63,1
5231,5231,29,132,1
5232,5232,29,201,1
5233,5233,29,268,1
5234,5234,29,393,1
5235,5235,29,394,1
5236,5236,30,31,1
5237,5237,30,32,1
5238,5238,30,33,1
5239,5239,30,34,1
5240,5240,30,35,1
5241,5241,30,36,1
5242,5242,30,37,1
5243,5243,30,38,1
5244,5244,30,39,1
5245,5245,30,40,1
5246,5246,30,41,1
5247,5247,30,42,1
5248,5248,30,43,1
5249,5249,30,44,1
5250,5250,30,45,1
5251,5251,30,46,1
5252,5252,30,47,1
5253,5253,30,48,1
5254,5254,30,49,1
5255,5255,30,50,1
5256,5256,30,51,1
5257,5257,30,52,1
5258,5258,30,53,1
5259,5259,30,54,1
5260,5260,30,55,1
5261,5261,30,56,1
5262,5262,30,57,1
5263,5263,30,58,1
5264,5264,30,59,1
5265,5265,30,60,1
5266,5266,30,61,1
5267,5267,30,62,1
5268,5268,30,63,1
5269,5269,30,132,1
5270,5270,30,201,1
5271,5271,30,268,1
5272,5272,30,393,1
5273,5273,30,394,1
5274,5274,31,32,1
5275,5275,31,33,1
5276,5276,31,34,1
5277,5277,31,35,1
5278,5278,31,36,1
5279,5279,31,37,1
5280,5280,31,38,1
5281,5281,31,39,1
5282,5282,31,40,1
5283,5283,31,41,1
5284,5284,31,42,1
5285,5285,31,43,1
5286,5286,31,44,1
5287,5287,31,45,1
5288,5288,31,46,1
5289,5289,31,47,1
5290,5290,31,48,1
5291,5291,31,49,1
5292,5292,31,50,1
5293,5293,31,51,1
5294,5294,31,52,1
5295,5295,31,53,1
5296,5296,31,54,1
5297,5297,31,55,1
5298,5298,31,56,1
5299,5299,31,57,1
5300,5300,31,58,1
5301,5301,31,59,1
5302,5302,31,60,1
5303,5303,31,61,1
5304,5304,31,62,1
5305,5305,31,63,1
5306,5306,31,132,1
5307,5307,31,201,1
5308,5308,31,268,1
5309,5309,31,393,1
5310,5310,31,394,1
5311,5311,32,33,1
5312,5312,32,34,1
5313,5313,32,35,1
5314,5314,32,36,1
5315,5315,32,37,1
5316,5316,32,38,1
5317,5317,32,39,1
5318,5318,32,40,1
5319,5319,32,41,1
5320,5320,32,42,1
5321,5321,32,43,1
5322,5322,32,44,1
5323,5323,32,45,1
5324,5324,32,46,1
5325,5325,32,47,1
5326,5326,32,48,1
5327,5327,32,49,1
5328,5328,32,50,1
5329,5329,32,51,1
5330,5330,32,52,1
5331,5331,32,53,1
5332,5332,32,54,1
5333,5333,32,55,1
5334,5334,32,56,1
5335,5335,32,57,1
5336,5336,32,58,1
5337,5337,32,59,1
5338,5338,32,60,1
5339,5339,32,61,1
5340,5340,32,62,1
5341,5341,32,63,1
5342,5342,32,132,1
5343,5343,32,201,1
5344,5344,32,268,1
5345,5345,32,393,1
5346,5346,32,394,1
5347,5347,33,34,1
5348,5348,33,35,1
5349,5349,33,36,1
5350,5350,33,37,1
5351,5351,33,38,1
5352,5352,33,39,1
5353,5353,33,40,1
5354,5354,33,41,1
5355,5355,33,42,1
5356,5356,33,43,1
5357,5357,33,44,1
5358,5358,33,45,1
5359,5359,33,46,1
5360,5360,33,47,1
5361,5361,33,48,1
5362,5362,33,49,1
5363,5363,33,50,1
5364,5364,33,51,1
5365,5365,33,52,1
5366,5366,33,53,1
5367,5367,33,54,1
5368,5368,33,55,1
5369,5369,33,56,1
5370,5370,33,57,1
5371,5371,33,58,1
5372,5372,33,59,1
5373,5373,33,60,1
5374,5374,33,61,1
5375,5375,33,62,1
5376,5376,33,63,1
5377,5377,33,132,1
5378,5378,33,201,1
5379,5379,33,268,1
5380,5380,33,393,1
5381,5381,33,394,1
5382,5382,34,35,1
5383,5383,34,36,1
5384,5384,34,37,1
5385,5385,34,38,1
5386,5386,34,39,1
5387,5387,34,40,1
5388,5388,34,41,1
5389,5389,34,42,1
5390,5390,34,43,1
5391,5391,34,44,1
5392,5392,34,45,1
5393,5393,34,46,1
5394,5394,34,47,1
5395,5395,34,48,1
5396,5396,34,49,1
5397,5397,34,50,1
5398,5398,34,51,1
5399,5399,34,52,1
5400,5400,34,53,1
5401,5401,34,54,1
5402,5402,34,55,1
5403,5403,34,56,1
5404,5404,34,57,1
5405,5405,34,58,1
5406,5406,34,59,1
5407,5407,34,60,1
5408,5408,34,61,1
5409,5409,34,62,1
5410,5410,34,63,1
5411,5411,34,132,1
5412,5412,34,201,1
5413,5413,34,268,1
5414,5414,34,393,1
5415,5415,34,394,1
5416,5416,35,36,1
5417,5417,35,37,1
5418,5418,35,38,1
5419,5419,35,39,1
5420,5420,35,40,1
5421,5421,35,41,1
5422,5422,35,42,1
5423,5423,35,43,1
5424,5424,35,44,1
5425,5425,35,45,1
5426,5426,35,46,1
5427,5427,35,47,1
5428,5428,35,48,1
5429,5429,35,49,1
5430,5430,35,50,1
5431,5431,35,51,1
5432,5432,35,52,1
5433,5433,35,53,1
5434,5434,35,54,1
5435,5435,35,55,1
5436,5436,35,56,1
5437,5437,35,57,1
5438,5438,35,58,1
5439,5439,35,59,1
5440,5440,35,60,1
5441,5441,35,61,1
5442,5442,35,62,1
5443,5443,35,63,1
5444,5444,35,132,1
5445,5445,35,201,1
5446,5446,35,268,1
5447,5447,35,393,1
5448,5448,35,394,1
5449,5449,36,37,1
5450,5450,36,38,1
5451,5451,36,39,1
5452,5452,36,40,1
5453,5453,36,41,1
5454,5454,36,42,1
5455,5455,36,43,1
5456,5456,36,44,1
5457,5457,36,45,1
5458,5458,36,46,1
5459,5459,36,47,1
5460,5460,36,48,1
5461,5461,36,49,1
5462,5462,36,50,1
5463,5463,36,51,1
5464,5464,36,52,1
5465,5465,36,53,1
5466,5466,36,54,1
5467,5467,36,55,1
5468,5468,36,56,1
5469,5469,36,57,1
5470,5470,36,58,1
5471,5471,36,59,1
5472,5472,36,60,1
5473,5473,36,61,1
5474,5474,36,62,1
5475,5475,36,63,1
5476,5476,36,132,1
5477,5477,36,201,1
5478,5478,36,268,1
5479,5479,36,393,1
5480,5480,36,394,1
5481,5481,37,38,1
5482,5482,37,39,1
5483,5483,37,40,1
5484,5484,37,41,1
5485,5485,37,42,1
5486,5486,37,43,1
5487,5487,37,44,1
5488,5488,37,45,1
5489,5489,37,46,1
5490,5490,37,47,1
5491,5491,37,48,1
5492,5492,37,49,1
5493,5493,37,50,1
5494,5494,37,51,1
5495,5495,37,52,1
5496,5496,37,53,1
5497,5497,37,54,1
5498,5498,37,55,1
5499,5499,37,56,1
5500,5500,37,57,1
5501,5501,37,58,1
5502,5502,37,59,1
5503,5503,37,60,1
5504,5504,37,61,1
5505,5505,37,62,1
5506,5506,37,63,1
5507,5507,37,132,1
5508,5508,37,201,1
5509,5509,37,268,1
5510,5510,37,393,1
5511,5511,37,394,1
5512,5512,38,39,1
5513,5513,38,40,1
5514,5514,38,41,1
5515,5515,38,42,1
5516,5516,38,43,1
5517,5517,38,44,1
5518,5518,38,45,1
5519,5519,38,46,1
5520,5520,38,47,1
5521,5521,38,48,1
5522,5522,38,49,1
5523,5523,38,50,1
5524,5524,38,51,1
5525,5525,38,52,1
5526,5526,38,53,1
5527,5527,38,54,1
5528,5528,38,55,1
5529,5529,38,56,1
5530,5530,38,57,1
5531,5531,38,58,1
5532,5532,38,59,1
5533,5533,38,60,1
5534,5534,38,61,1
5535,5535,38,62,1
5536,5536,38,63,1
5537,5537,38,132,1
5538,5538,38,201,1
5539,5539,38,268,1
5540,5540,38,393,1
5541,5541,38,394,1
5542,5542,39,40,1
5543,5543,39,41,1
5544,5544,39,42,1
5545,5545,39,43,1
5546,5546,39,44,1
5547,5547,39,45,1
5548,5548,39,46,1
5549,5549,39,47,1
5550,5550,39,48,1
5551,5551,39,49,1
5552,5552,39,50,1
5553,5553,39,51,1
5554,5554,39,52,1
5555,5555,39,53,1
5556,5556,39,54,1
5557,5557,39,55,1
5558,5558,39,56,1
5559,5559,39,57,1
5560,5560,39,58,1
5561,5561,39,59,1
5562,5562,39,60,1
5563,5563,39,61,1
5564,5564,39,62,1
5565,5565,39,63,1
5566,5566,39,132,1
5567,5567,39,201,1
5568,5568,39,268,1
5569,5569,39,393,1
5570,5570,39,394,1
5571,5571,40,41,1
5572,5572,40,42,1
5573,5573,40,43,1
5574,5574,40,44,1
5575,5575,40,45,1
5576,5576,40,46,1
5577,5577,40,47,1
5578,5578,40,48,1
5579,5579,40,49,1
5580,5580,40,50,1
5581,5581,40,51,1
5582,5582,40,52,1
5583,5583,40,53,1
5584,5584,40,54,1
5585,5585,40,55,1
5586,5586,40,56,1
5587,5587,40,57,1
5588,5588,40,58,1
5589,5589,40,59,1
5590,5590,40,60,1
5591,5591,40,61,1
5592,5592,40,62,1
5593,5593,40,63,1
5594,5594,40,132,1
5595,5595,40,201,1
5596,5596,40,268,1
5597,5597,40,393,1
5598,5598,40,394,1
5599,5599,41,42,1
5600,5600,41,43,1
5601,5601,41,44,1
5602,5602,41,45,1
5603,5603,41,46,1
5604,5604,41,47,1
5605,5605,41,48,1
5606,5606,41,49,1
5607,5607,41,50,1
5608,5608,41,51,1
5609,5609,41,52,1
5610,5610,41,53,1
5611,5611,41,54,1
5612,5612,41,55,1
5613,5613,41,56,1
5614,5614,41,57,1
5615,5615,41,58,1
5616,5616,41,59,1
5617,5617,41,60,1
5618,5618,41,61,1
5619,5619,41,62,1
5620,5620,41,63,1
5621,5621,41,132,1
5622,5622,41,201,1
5623,5623,41,268,1
5624,5624,41,393,1
5625,5625,41,394,1
5626,5626,42,43,1
5627,5627,42,44,1
5628,5628,42,45,1
5629,5629,42,46,1
5630,5630,42,47,1
5631,5631,42,48,1
5632,5632,42,49,1
5633,5633,42,50,1
5634,5634,42,51,1
5635,5635,42,52,1
5636,5636,42,53,1
5637,5637,42,54,1
5638,5638,42,55,1
5639,5639,42,56,1
5640,5640,42,57,1
5641,5641,42,58,1
5642,5642,42,59,1
5643,5643,42,60,1
5644,5644,42,61,1
5645,5645,42,62,1
5646,5646,42,63,1
5647,5647,42,132,1
5648,5648,42,201,1
5649,5649,42,268,1
5650,5650,42,393,1
5651,5651,42,394,1
5652,5652,43,44,1
5653,5653,43,45,1
5654,5654,43,46,1
5655,5655,43,47,1
5656,5656,43,48,1
5657,5657,43,49,1
5658,5658,43,50,1
5659,5659,43,51,1
5660,5660,43,52,1
5661,5661,43,53,1
5662,5662,43,54,1
5663,5663,43,55,1
5664,5664,43,56,1
5665,5665,43,57,1
5666,5666,43,58,1
5667,5667,43,59,1
5668,5668,43,60,1
5669,5669,43,61,1
5670,5670,43,62,1
5671,5671,43,63,1
5672,5672,43,132,1
5673,5673,43,201,1
5674,5674,43,268,1
5675,5675,43,393,1
5676,5676,43,394,1
5677,5677,44,45,1
5678,5678,44,46,1
5679,5679,44,47,1
5680,5680,44,48,1
5681,5681,44,49,1
5682,5682,44,50,1
5683,5683,44,51,1
5684,5684,44,52,1
5685,5685,44,53,1
5686,5686,44,54,1
5687,5687,44,55,1
5688,5688,44,56,1
5689,5689,44,57,1
5690,5690,44,58,1
5691,5691,44,59,1
5692,5692,44,60,1
5693,5693,44,61,1
5694,5694,44,62,1
5695,5695,44,63,1
5696,5696,44,132,1
5697,5697,44,201,1
5698,5698,44,268,1
5699,5699,44,393,1
5700,5700,44,394,1
5701,5701,45,46,1
5702,5702,45,47,1
5703,5703,45,48,1
5704,5704,45,49,1
5705,5705,45,50,1
5706,5706,45,51,1
5707,5707,45,52,1
5708,5708,45,53,1
5709,5709,45,54,1
5710,5710,45,55,1
5711,5711,45,56,1
5712,5712,45,57,1
5713,5713,45,58,1
5714,5714,45,59,1
5715,5715,45,60,1
5716,5716,45,61,1
5717,5717,45,62,1
5718,5718,45,63,1
5719,5719,45,132,1
5720,5720,45,201,1
5721,5721,45,268,1
5722,5722,45,393,1
5723,5723,45,394,1
5724,5724,46,47,1
5725,5725,46,48,1
5726,5726,46,49,1
5727,5727,46,50,1
5728,5728,46,51,1
5729,5729,46,52,1
5730,5730,46,53,1
5731,5731,46,54,1
5732,5732,46,55,1
5733,5733,46,56,1
5734,5734,46,57,1
5735,5735,46,58,1
5736,5736,46,59,1
5737,5737,46,60,1
5738,5738,46,61,1
5739,5739,46,62,1
5740,5740,46,63,1
5741,5741,46,132,1
5742,5742,46,201,1
5743,5743,46,268,1
5744,5744,46,393,1
5745,5745,46,394,1
5746,5746,47,48,1
5747,5747,47,49,1
5748,5748,47,50,1
5749,5749,47,51,1
5750,5750,47,52,1
5751,5751,47,53,1
5752,5752,47,54,1
5753,5753,47,55,1
5754,5754,47,56,1
5755,5755,47,57,1
5756,5756,47,58,1
5757,5757,47,59,1
5758,5758,47,60,1
5759,5759,47,61,1
5760,5760,47,62,1
5761,5761,47,63,1
5762,5762,47,132,1
5763,5763,47,201,1
5764,5764,47,268,1
5765,5765,47,393,1
5766,5766,47,394,1
5767,5767,48,49,1
5768,5768,48,50,1
5769,5769,48,51,1
5770,5770,48,52,1
5771,5771,48,53,1
5772,5772,48,54,1
5773,5773,48,55,1
5774,5774,48,56,1
5775,5775,48,57,1
5776,5776,48,58,1
5777,5777,48,59,1
5778,5778,48,60,1
5779,5779,48,61,1
5780,5780,48,62,1
5781,5781,48,63,1
5782,5782,48,132,1
5783,5783,48,201,1
5784,5784,48,268,1
5785,5785,48,393,1
5786,5786,48,394,1
5787,5787,49,50,1
5788,5788,49,51,1
5789,5789,49,52,1
5790,5790,49,53,1
5791,5791,49,54,1
5792,5792,49,55,1
5793,5793,49,56,1
5794,5794,49,57,1
5795,5795,49,58,1
5796,5796,49,59,1
5797,5797,49,60,1
5798,5798,49,61,1
5799,5799,49,62,1
5800,5800,49,63,1
5801,5801,49,132,1
5802,5802,49,201,1
5803,5803,49,268,1
5804,5804,49,393,1
5805,5805,49,394,1
5806,5806,50,51,1
5807,5807,50,52,1
5808,5808,50,53,1
5809,5809,50,54,1
5810,5810,50,55,1
5811,5811,50,56,1
5812,5812,50,57,1
5813,5813,50,58,1
5814,5814,50,59,1
5815,5815,50,60,1
5816,5816,50,61,1
5817,5817,50,62,1
5818,5818,50,63,1
5819,5819,50,132,1
5820,5820,50,201,1
5821,5821,50,268,1
5822,5822,50,393,1
5823,5823,50,394,1
5824,5824,51,52,1
5825,5825,51,53,1
5826,5826,51,54,1
5827,5827,51,55,1
5828,5828,51,56,1
5829,5829,51,57,1
5830,5830,51,58,1
5831,5831,51,59,1
5832,5832,51,60,1
5833,5833,51,61,1
5834,5834,51,62,1
5835,5835,51,63,1
5836,5836,51,132,1
5837,5837,51,201,1
5838,5838,51,268,1
5839,5839,51,393,1
5840,5840,51,394,1
5841,5841,52,53,1
5842,5842,52,54,1
5843,5843,52,55,1
5844,5844,52,56,1
5845,5845,52,57,1
5846,5846,52,58,1
5847,5847,52,59,1
5848,5848,52,60,1
5849,5849,52,61,1
5850,5850,52,62,1
5851,5851,52,63,1
5852,5852,52,132,1
5853,5853,52,201,1
5854,5854,52,268,1
5855,5855,52,393,1
5856,5856,52,394,1
5857,5857,53,54,1
5858,5858,53,55,1
5859,5859,53,56,1
5860,5860,53,57,1
5861,5861,53,58,1
5862,5862,53,59,1
5863,5863,53,60,1
5864,5864,53,61,1
5865,5865,53,62,1
5866,5866,53,63,1
5867,5867,53,132,1
5868,5868,53,201,1
5869,5869,53,268,1
5870,5870,53,393,1
5871,5871,53,394,1
5872,5872,54,55,1
5873,5873,54,56,1
5874,5874,54,57,1
5875,5875,54,58,1
5876,5876,54,59,1
5877,5877,54,60,1
5878,5878,54,61,1
5879,5879,54,62,1
5880,5880,54,63,1
5881,5881,54,132,1
5882,5882,54,201,1
5883,5883,54,268,1
5884,5884,54,393,1
5885,5885,54,394,1
5886,5886,55,56,1
5887,5887,55,57,1
5888,5888,55,58,1
5889,5889,55,59,1
5890,5890,55,60,1
5891,5891,55,61,1
5892,5892,55,62,1
5893,5893,55,63,1
5894,5894,55,132,1
5895,5895,55,201,1
5896,5896,55,268,1
5897,5897,55,393,1
5898,5898,55,394,1
5899,5899,56,57,1
5900,5900,56,58,1
5901,5901,56,59,1
5902,5902,56,60,1
5903,5903,56,61,1
5904,5904,56,62,1
5905,5905,56,63,1
5906,5906,56,132,1
5907,5907,56,201,1
5908,5908,56,268,1
5909,5909,56,393,1
5910,5910,56,394,1
5911,5911,57,58,1
5912,5912,57,59,1
5913,5913,57,60,1
5914,5914,57,61,1
5915,5915,57,62,1
5916,5916,57,63,1
5917,5917,57,132,1
5918,5918,57,201,1
5919,5919,57,268,1
5920,5920,57,393,1
5921,5921,57,394,1
5922,5922,58,59,1
5923,5923,58,60,1
5924,5924,58,61,1
5925,5925,58,62,1
5926,5926,58,63,1
5927,5927,58,132,1
5928,5928,58,201,1
5929,5929,58,268,1
5930,5930,58,393,1
5931,5931,58,394,1
5932,5932,59,60,1
5933,5933,59,61,1
5934,5934,59,62,1
5935,5935,59,63,1
5936,5936,59,132,1
5937,5937,59,201,1
5938,5938,59,268,1
5939,5939,59,393,1
5940,5940,59,394,1
5941,5941,60,61,1
5942,5942,60,62,1
5943,5943,60,63,1
5944,5944,60,132,1
5945,5945,60,201,1
5946,5946,60,268,1
5947,5947,60,393,1
5948,5948,60,394,1
5949,5949,61,62,1
5950,5950,61,63,1
5951,5951,61,132,1
5952,5952,61,201,1
5953,5953,61,268,1
5954,5954,61,393,1
5955,5955,61,394,1
5956,5956,62,63,1
5957,5957,62,132,1
5958,5958,62,201,1
5959,5959,62,268,1
5960,5960,62,393,1
5961,5961,62,394,1
5962,5962,63,132,1
5963,5963,63,201,1
5964,5964,63,268,1
5965,5965,63,393,1
5966,5966,63,394,1
5967,5967,132,201,1
5968,5968,132,268,1
5969,5969,132,393,1
5970,5970,132,394,1
5971,5971,201,268,1
5972,5972,201,393,1
5973,5973,201,394,1
5974,5974,268,393,1
5975,5975,268,394,1
5976,5976,393,394,1
5977,5977,64,133,1
5978,5978,64,134,1
5979,5979,64,202,1
5980,5980,64,269,1
5981,5981,64,406,1
5982,5982,133,134,1
5983,5983,133,202,1
5984,5984,133,269,1
5985,5985,133,406,1
5986,5986,134,202,1
5987,5987,134,269,1
5988,5988,134,406,1
5989,5989,202,269,1
5990,5990,202,406,1
5991,5991,269,406,1
5992,5992,65,66,1
5993,5993,65,135,1
5994,5994,65,203,1
5995,5995,65,204,1
5996,5996,65,270,1
5997,5997,65,271,1
5998,5998,65,413,1
5999,5999,65,414,1
6000,6000,66,135,1
6001,6001,66,203,1
6002,6002,66,204,1
6003,6003,66,270,1
6004,6004,66,271,1
6005,6005,66,413,1
6006,6006,66,414,1
6007,6007,135,203,1
6008,6008,135,204,1
6009,6009,135,270,1
6010,6010,135,271,1
6011,6011,135,413,1
6012,6012,135,414,1
6013,6013,203,204,1
6014,6014,203,270,1
6015,6015,203,271,1
6016,6016,203,413,1
6017,6017,203,414,1
6018,6018,204,270,1
6019,6019,204,271,1
6020,6020,204,413,1
6021,6021,204,414,1
6022,6022,270,271,1
6023,6023,270,413,1
6024,6024,270,414,1
6025,6025,271,413,1
6026,6026,271,414,1
6027,6027,413,414,1
6028,6028,67,136,1
6029,6029,67,205,1
6030,6030,67,272,1
6031,6031,67,415,1
6032,6032,136,205,1
6033,6033,136,272,1
6034,6034,136,415,1
6035,6035,205,272,1
6036,6036,205,415,1
6037,6037,272,415,1
6038,6038,156,225,1
6039,6039,156,300,1
6040,6040,156,301,1
6041,6041,225,300,1
6042,6042,225,301,1
6043,6043,300,301,1
6044,6044,157,226,1
6045,6045,157,302,1
6046,6046,226,302,1
6047,6047,158,227,1
6048,6048,158,303,1
6049,6049,227,303,1
6050,6050,159,228,1
6051,6051,159,304,1
6052,6052,228,304,1
6053,6053,160,229,1
6054,6054,160,305,1
6055,6055,229,305,1
6056,6056,178,249,1
6057,6057,178,308,1
6058,6058,178,309,1
6059,6059,249,308,1
6060,6060,249,309,1
6061,6061,308,309,1
6062,6062,179,250,1
6063,6063,179,310,1
6064,6064,250,310,1
6065,6065,180,251,1
6066,6066,180,311,1
6067,6067,180,312,1
6068,6068,251,311,1
6069,6069,251,312,1
6070,6070,311,312,1
6071,6071,181,252,1
6072,6072,181,313,1
6073,6073,252,313,1
6074,6074,182,253,1
6075,6075,182,314,1
6076,6076,253,314,1
6077,6077,183,254,1
6078,6078,183,315,1
6079,6079,254,315,1
6080,6080,184,255,1
6081,6081,184,316,1
6082,6082,255,316,1
6083,6083,185,256,1
6084,6084,185,317,1
6085,6085,185,318,1
6086,6086,256,317,1
6087,6087,256,318,1
6088,6088,317,318,1
6089,6089,186,257,1
6090,6090,186,319,1
6091,6091,257,319,1
6092,6092,187,258,1
6093,6093,187,320,1
6094,6094,187,321,1
6095,6095,258,320,1
6096,6096,258,321,1
6097,6097,320,321,1
6098,6098,189,260,1
6099,6099,189,324,1
6100,6100,260,324,1
6101,6101,190,261,1
6102,6102,190,325,1
6103,6103,261,325,1
6104,6104,191,262,1
6105,6105,191,326,1
6106,6106,262,326,1
6107,6107,192,193,1
6108,6108,192,194,1
6109,6109,192,263,1
6110,6110,192,327,1
6111,6111,193,194,1
6112,6112,193,263,1
6113,6113,193,327,1
6114,6114,194,263,1
6115,6115,194,327,1
6116,6116,263,327,1
6117,6117,195,196,1
6118,6118,195,197,1
6119,6119,195,264,1
6120,6120,195,328,1
6121,6121,196,197,1
6122,6122,196,264,1
6123,6123,196,328,1
6124,6124,197,264,1
6125,6125,197,328,1
6126,6126,264,328,1
6127,6127,198,199,1
6128,6128,198,265,1
6129,6129,198,329,1
6130,6130,198,330,1
6131,6131,198,331,1
6132,6132,198,332,1
6133,6133,199,265,1
6134,6134,199,329,1
6135,6135,199,330,1
6136,6136,199,331,1
6137,6137,199,332,1
6138,6138,265,329,1
6139,6139,265,330,1
6140,6140,265,331,1
6141,6141,265,332,1
6142,6142,329,330,1
6143,6143,329,331,1
6144,6144,329,332,1
6145,6145,330,331,1
6146,6146,330,332,1
6147,6147,331,332,1
6148,6148,266,333,1
6149,6149,385,386,1
6150,6150,388,389,1
6151,6151,390,391,1
6152,6152,402,403,1
6153,6153,143,350,0
6154,6154,0,157,0
6155,6155,298,266,0
6156,6156,294,43,0
6157,6157,82,197,0
6158,6158,77,162,0
6159,6159,142,412,0
6160,6160,59,404,0
6161,6161,74,85,0
6162,6162,254,387,0
6163,6163,119,407,0
6164,6164,207,383,0
6165,6165,137,194,0
6166,6166,73,394,0
6167,6167,82,41,0
6168,6168,83,64,0
6169,6169,268,204,0
6170,6170,327,195,0
6171,6171,273,179,0
6172,6172,204,405,0
6173,6173,81,357,0
6174,6174,60,402,0
6175,6175,112,402,0
6176,6176,220,413,0
6177,6177,369,44,0
6178,6178,314,411,0
6179,6179,114,19,0
6180,6180,274,222,0
6181,6181,78,204,0
6182,6182,125,408,0
6183,6183,247,43,0
6184,6184,107,19,0
6185,6185,9,130,0
6186,6186,220,232,0
6187,6187,237,44,0
6188,6188,5,407,0
6189,6189,281,351,0
6190,6190,102,317,0
6191,6191,142,301,0
6192,6192,89,303,0
6193,6193,167,202,0
6194,6194,196,265,0
6195,6195,224,19,0
6196,6196,276,347,0
6197,6197,358,415,0
6198,6198,61,334,0
6199,6199,7,112,0
6200,6200,163,184,0
6201,6201,72,180,0
6202,6202,269,329,0
6203,6203,118,375,0
6204,6204,121,304,0
6205,6205,160,199,0
6206,6206,289,16,0
6207,6207,141,153,0
6208,6208,276,60,0
6209,6209,221,170,0
6210,6210,108,348,0
6211,6211,279,321,0
6212,6212,221,406,0
6213,6213,142,381,0
6214,6214,109,185,0
6215,6215,109,130,0
6216,6216,340,269,0
6217,6217,91,178,0
6218,6218,216,196,0
6219,6219,119,251,0
6220,6220,113,301,0
6221,6221,291,197,0
6222,6222,299,343,0
6223,6223,141,90,0
6224,6224,383,407,0
6225,6225,10,34,0
6226,6226,49,265,0
6227,6227,294,32,0
6228,6228,147,385,0
6229,6229,359,157,0
6230,6230,87,185,0
6231,6231,224,269,0
6232,6232,271,317,0
6233,6233,292,25,0
6234,6234,120,62,0
6235,6235,71,92,0
6236,6236,14,340,0
6237,6237,138,387,0
6238,6238,96,57,0
6239,6239,163,265,0
6240,6240,155,36,0
6241,6241,71,381,0
6242,6242,291,390,0
6243,6243,300,319,0
6244,6244,94,51,0
6245,6245,13,17,0
6246,6246,369,410,0
6247,6247,90,264,0
6248,6248,343,415,0
6249,6249,146,357,0
6250,6250,17,350,0
6251,6251,77,174,0
6252,6252,15,250,0
6253,6253,135,408,0
6254,6254,29,385,0
6255,6255,297,115,0
6256,6256,312,332,0
6257,6257,188,27,0
6258,6258,311,256,0
6259,6259,99,265,0
6260,6260,168,228,0
6261,6261,220,34,0
6262,6262,77,155,0
6263,6263,51,302,0
6264,6264,376,390,0
6265,6265,73,345,0
6266,6266,276,205,0
6267,6267,282,100,0
6268,6268,9,242,0
6269,6269,147,136,0
6270,6270,233,407,0
6271,6271,187,191,0
6272,6272,278,159,0
6273,6273,114,258,0
6274,6274,241,185,0
6275,6275,257,397,0
6276,6276,361,250,0
6277,6277,25,192,0
6278,6278,154,177,0
6279,6279,64,401,0
6280,6280,206,105,0
6281,6281,212,33,0
6282,6282,62,336,0
6283,6283,298,370,0
6284,6284,247,33,0
6285,6285,143,379,0
6286,6286,119,370,0
6287,6287,322,385,0
6288,6288,78,60,0
6289,6289,347,202,0
6290,6290,273,8,0
6291,6291,298,115,0
6292,6292,33,64,0
6293,6293,149,222,0
6294,6294,31,300,0
6295,6295,75,96,0
6296,6296,164,360,0
6297,6297,31,156,0
6298,6298,382,411,0
6299,6299,81,366,0
6300,6300,9,241,0
6301,6301,98,182,0
6302,6302,216,316,0
6303,6303,55,386,0
6304,6304,57,194,0
6305,6305,1,209,0
6306,6306,324,388,0
6307,6307,120,45,0
6308,6308,339,335,0
6309,6309,1,39,0
6310,6310,144,373,0
6311,6311,96,229,0
6312,6312,241,374,0
6313,6313,153,102,0
6314,6314,278,101,0
6315,6315,294,120,0
6316,6316,225,189,0
6317,6317,279,250,0
6318,6318,5,18,0
6319,6319,352,198,0
6320,6320,210,151,0
6321,6321,22,329,0
6322,6322,76,233,0
6323,6323,7,378,0
6324,6324,368,185,0
6325,6325,202,251,0
6326,6326,217,14,0
6327,6327,17,373,0
6328,6328,60,325,0
6329,6329,198,402,0
6330,6330,110,409,0
6331,6331,81,408,0
6332,6332,50,385,0
6333,6333,291,378,0
6334,6334,86,47,0
6335,6335,91,330,0
6336,6336,243,252,0
6337,6337,339,28,0
6338,6338,35,252,0
6339,6339,375,55,0
6340,6340,6,381,0
6341,6341,84,261,0
6342,6342,151,405,0
6343,6343,209,251,0
6344,6344,241,47,0
6345,6345,138,52,0
6346,6346,314,196,0
6347,6347,270,67,0
6348,6348,221,339,0
6349,6349,314,198,0
6350,6350,13,270,0
6351,6351,138,298,0
6352,6352,72,121,0
6353,6353,3,360,0
6354,6354,221,323,0
6355,6355,141,73,0
6356,6356,69,336,0
6357,6357,168,51,0
6358,6358,72,103,0
6359,6359,51,309,0
6360,6360,294,296,0
6361,6361,120,130,0
6362,6362,341,265,0
6363,6363,151,92,0
6364,6364,46,385,0
6365,6365,76,415,0
6366,6366,302,386,0
6367,6367,305,309,0
6368,6368,359,254,0
6369,6369,294,346,0
6370,6370,372,315,0
6371,6371,103,381,0
6372,6372,149,388,0
6373,6373,142,55,0
6374,6374,280,157,0
6375,6375,322,226,0
6376,6376,306,136,0
6377,6377,18,410,0
6378,6378,128,387,0
6379,6379,367,308,0
6380,6380,209,291,0
6381,6381,74,254,0
6382,6382,3,41,0
6383,6383,242,330,0
6384,6384,244,63,0
6385,6385,213,166,0
6386,6386,222,199,0
6387,6387,81,293,0
6388,6388,218,383,0
6389,6389,21,335,0
6390,6390,367,62,0
6391,6391,146,162,0
6392,6392,113,407,0
6393,6393,149,356,0
6394,6394,121,322,0
6395,6395,375,157,0
6396,6396,222,404,0
6397,6397,4,32,0
6398,6398,352,132,0
6399,6399,133,255,0
6400,6400,74,312,0
6401,6401,276,331,0
6402,6402,62,389,0
6403,6403,138,130,0
6404,6404,5,60,0
6405,6405,221,334,0
6406,6406,10,232,0
6407,6407,102,380,0
6408,6408,345,329,0
6409,6409,378,326,0
6410,6410,82,112,0
6411,6411,161,198,0
6412,6412,278,188,0
6413,6413,148,12,0
6414,6414,234,184,0
6415,6415,137,75,0
6416,6416,91,262,0
6417,6417,155,345,0
6418,6418,375,202,0
6419,6419,96,370,0
6420,6420,93,409,0
6421,6421,203,312,0
6422,6422,364,331,0
6423,6423,216,246,0
6424,6424,80,266,0
6425,6425,128,368,0
6426,6426,220,372,0
6427,6427,71,19,0
6428,6428,308,321,0
6429,6429,27,396,0
6430,6430,71,38,0
6431,6431,91,54,0
6432,6432,209,85,0
6433,6433,70,195,0
6434,6434,311,327,0
6435,6435,200,187,0
6436,6436,30,65,0
6437,6437,29,264,0
6438,6438,285,372,0
6439,6439,140,163,0
6440,6440,36,300,0
6441,6441,210,326,0
6442,6442,218,201,0
6443,6443,210,148,0
6444,6444,186,192,0
6445,6445,210,214,0
6446,6446,152,258,0
6447,6447,161,266,0
6448,6448,143,327,0
6449,6449,226,181,0
6450,6450,294,158,0
6451,6451,249,256,0
6452,6452,318,404,0
6453,6453,208,88,0
6454,6454,72,409,0
6455,6455,92,403,0
6456,6456,180,187,0
6457,6457,415,390,0
6458,6458,58,317,0
6459,6459,99,33,0
6460,6460,155,108,0
6461,6461,219,202,0
6462,6462,93,34,0
6463,6463,84,86,0
6464,6464,224,352,0
6465,6465,94,264,0
6466,6466,145,61,0
6467,6467,168,376,0
6468,6468,362,203,0
6469,6469,98,55,0
6470,6470,210,239,0
6471,6471,68,240,0
6472,6472,377,413,0
6473,6473,136,315,0
6474,6474,281,192,0
6475,6475,279,306,0
6476,6476,53,381,0
6477,6477,13,118,0
6478,6478,30,205,0
6479,6479,7,301,0
6480,6480,167,271,0
6481,6481,4,150,0
6482,6482,153,59,0
6483,6483,97,312,0
6484,6484,96,200,0
6485,6485,9,54,0
6486,6486,339,39,0
6487,6487,201,398,0
6488,6488,175,377,0
6489,6489,394,191,0
6490,6490,0,161,0
6491,6491,135,158,0
6492,6492,167,342,0
6493,6493,282,286,0
6494,6494,214,258,0
6495,6495,17,323,0
6496,6496,282,52,0
6497,6497,143,94,0
6498,6498,285,247,0
6499,6499,17,313,0
6500,6500,87,200,0
6501,6501,328,400,0
6502,6502,288,385,0
6503,6503,113,133,0
6504,6504,290,51,0
6505,6505,299,109,0
6506,6506,393,135,0
6507,6507,376,334,0
6508,6508,154,107,0
6509,6509,70,335,0
6510,6510,280,339,0
6511,6511,307,409,0
6512,6512,296,410,0
6513,6513,2,24,0
6514,6514,137,285,0
6515,6515,177,29,0
6516,6516,145,53,0
6517,6517,296,96,0
6518,6518,9,185,0
6519,6519,349,38,0
6520,6520,134,264,0
6521,6521,19,25,0
6522,6522,270,400,0
6523,6523,69,120,0
6524,6524,144,374,0
6525,6525,279,373,0
6526,6526,77,199,0
6527,6527,40,405,0
6528,6528,2,218,0
6529,6529,87,311,0
6530,6530,250,384,0
6531,6531,269,383,0
6532,6532,284,186,0
6533,6533,323,61,0
6534,6534,283,119,0
6535,6535,276,130,0
6536,6536,243,378,0
6537,6537,85,178,0
6538,6538,208,108,0
6539,6539,122,226,0
6540,6540,12,334,0
6541,6541,153,397,0
6542,6542,6,8,0
6543,6543,233,67,0
6544,6544,271,383,0
6545,6545,97,380,0
6546,6546,216,162,0
6547,6547,14,387,0
6548,6548,285,193,0
6549,6549,79,389,0
6550,6550,173,389,0
6551,6551,69,300,0
6552,6552,11,110,0
6553,6553,173,42,0
6554,6554,104,389,0
6555,6555,84,263,0
6556,6556,298,367,0
6557,6557,285,52,0
6558,6558,144,232,0
6559,6559,111,186,0
6560,6560,70,122,0
6561,6561,367,181,0
6562,6562,220,257,0
6563,6563,219,359,0
6564,6564,200,225,0
6565,6565,177,66,0
6566,6566,235,351,0
6567,6567,221,99,0
6568,6568,220,262,0
6569,6569,68,203,0
6570,6570,12,126,0
6571,6571,247,328,0
6572,6572,162,55,0
6573,6573,123,19,0
6574,6574,279,14,0
6575,6575,165,188,0
6576,6576,307,413,0
6577,6577,46,226,0
6578,6578,104,329,0
6579,6579,59,334,0
6580,6580,170,50,0
6581,6581,206,315,0
6582,6582,282,41,0
6583,6583,155,306,0
6584,6584,11,153,0
6585,6585,178,396,0
6586,6586,224,20,0
6587,6587,2,176,0
6588,6588,212,105,0
6589,6589,258,327,0
6590,6590,19,382,0
6591,6591,88,135,0
6592,6592,91,132,0
6593,6593,131,45,0
6594,6594,332,392,0
6595,6595,38,304,0
6596,6596,75,406,0
6597,6597,128,258,0
6598,6598,160,184,0
6599,6599,80,380,0
6600,6600,16,52,0
6601,6601,2,63,0
6602,6602,20,48,0
6603,6603,206,142,0
6604,6604,41,315,0
6605,6605,132,383,0
6606,6606,290,165,0
6607,6607,233,305,0
6608,6608,259,228,0
6609,6609,210,155,0
6610,6610,168,21,0
6611,6611,92,47,0
6612,6612,7,85,0
6613,6613,169,371,0
6614,6614,62,415,0
6615,6615,246,371,0
6616,6616,109,383,0
6617,6617,126,23,0
6618,6618,238,329,0
6619,6619,125,371,0
6620,6620,135,302,0
6621,6621,283,98,0
6622,6622,12,84,0
6623,6623,93,404,0
6624,6624,241,316,0
6625,6625,10,304,0
6626,6626,156,410,0
6627,6627,171,360,0
6628,6628,173,336,0
6629,6629,60,412,0
6630,6630,273,277,0
6631,6631,231,367,0
6632,6632,101,353,0
6633,6633,290,335,0
6634,6634,19,406,0
6635,6635,309,329,0
6636,6636,330,403,0
6637,6637,115,35,0
6638,6638,337,160,0
6639,6639,349,31,0
6640,6640,350,32,0
6641,6641,82,106,0
6642,6642,27,304,0
6643,6643,200,184,0
6644,6644,79,344,0
6645,6645,5,15,0
6646,6646,92,366,0
6647,6647,54,310,0
6648,6648,233,51,0
6649,6649,73,28,0
6650,6650,14,185,0
6651,6651,306,379,0
6652,6652,13,404,0
6653,6653,150,348,0
6654,6654,215,312,0
6655,6655,137,205,0
6656,6656,277,63,0
6657,6657,294,37,0
6658,6658,363,256,0
6659,6659,401,410,0
6660,6660,279,109,0
6661,6661,267,65,0
6662,6662,177,392,0
6663,6663,159,390,0
6664,6664,150,161,0
6665,6665,88,258,0
6666,6666,344,396,0
6667,6667,104,198,0
6668,6668,84,394,0
6669,6669,215,182,0
6670,6670,206,220,0
6671,6671,75,119,0
6672,6672,121,412,0
6673,6673,82,393,0
6674,6674,10,192,0
6675,6675,52,181,0
6676,6676,365,159,0
6677,6677,208,195,0
6678,6678,270,321,0
6679,6679,294,385,0
6680,6680,212,387,0
6681,6681,351,135,0
6682,6682,76,180,0
6683,6683,369,159,0
6684,6684,29,328,0
6685,6685,135,199,0
6686,6686,319,266,0
6687,6687,101,58,0
6688,6688,351,38,0
6689,6689,58,66,0
6690,6690,259,354,0
6691,6691,51,412,0
6692,6692,360,44,0
6693,6693,285,47,0
6694,6694,348,185,0
6695,6695,371,61,0
6696,6696,16,386,0
6697,6697,15,316,0
6698,6698,94,322,0
6699,6699,54,184,0
6700,6700,370,196,0
6701,6701,84,242,0
6702,6702,17,329,0
6703,6703,343,394,0
6704,6704,72,413,0
6705,6705,98,338,0
6706,6706,221,313,0
6707,6707,298,305,0
6708,6708,235,42,0
6709,6709,108,38,0
6710,6710,34,388,0
6711,6711,72,198,0
6712,6712,77,299,0
6713,6713,78,80,0
6714,6714,83,35,0
6715,6715,163,319,0
6716,6716,9,237,0
6717,6717,82,170,0
6718,6718,71,253,0
6719,6719,118,395,0
6720,6720,89,382,0
6721,6721,169,63,0
6722,6722,34,397,0
6723,6723,378,160,0
6724,6724,236,396,0
6725,6725,278,268,0
6726,6726,219,312,0
6727,6727,236,402,0
6728,6728,165,190,0
6729,6729,180,193,0
6730,6730,1,47,0
6731,6731,228,390,0
6732,6732,117,317,0
6733,6733,341,258,0
6734,6734,137,293,0
6735,6735,99,272,0
6736,6736,165,200,0
6737,6737,239,261,0
6738,6738,241,401,0
6739,6739,34,383,0
6740,6740,63,407,0
6741,6741,194,401,0
6742,6742,13,205,0
6743,6743,337,334,0
6744,6744,220,48,0
6745,6745,298,255,0
6746,6746,322,412,0
6747,6747,345,330,0
6748,6748,206,324,0
6749,6749,107,190,0
6750,6750,236,31,0
6751,6751,248,333,0
6752,6752,10,293,0
6753,6753,379,308,0
6754,6754,283,174,0
6755,6755,49,198,0
6756,6756,1,181,0
6757,6757,163,194,0
6758,6758,316,266,0
6759,6759,136,199,0
6760,6760,207,181,0
6761,6761,73,291,0
6762,6762,188,51,0
6763,6763,214,384,0
6764,6764,131,226,0
6765,6765,287,18,0
6766,6766,276,264,0
6767,6767,17,112,0
6768,6768,239,316,0
6769,6769,129,32,0
6770,6770,291,404,0
6771,6771,368,406,0
6772,6772,127,62,0
6773,6773,239,268,0
6774,6774,240,316,0
6775,6775,115,188,0
6776,6776,239,405,0
6777,6777,295,90,0
6778,6778,72,407,0
6779,6779,350,252,0
6780,6780,1,27,0
6781,6781,58,385,0
6782,6782,70,409,0
6783,6783,233,270,0
6784,6784,151,391,0
6785,6785,4,287,0
6786,6786,208,238,0
6787,6787,275,330,0
6788,6788,153,255,0
6789,6789,150,378,0
6790,6790,69,62,0
6791,6791,9,99,0
6792,6792,15,234,0
6793,6793,145,127,0
6794,6794,351,255,0
6795,6795,144,60,0
6796,6796,67,263,0
6797,6797,292,360,0
6798,6798,339,160,0
6799,6799,154,271,0
6800,6800,241,310,0
6801,6801,217,91,0
6802,6802,332,386,0
6803,6803,266,385,0
6804,6804,212,31,0
6805,6805,147,397,0
6806,6806,18,54,0
6807,6807,309,253,0
6808,6808,207,159,0
6809,6809,87,30,0
6810,6810,228,397,0
6811,6811,242,182,0
6812,6812,117,197,0
6813,6813,12,337,0
6814,6814,72,201,0
6815,6815,184,386,0
6816,6816,222,373,0
6817,6817,74,400,0
6818,6818,173,349,0
6819,6819,325,400,0
6820,6820,282,381,0
6821,6821,156,157,0
6822,6822,277,94,0
6823,6823,110,203,0
6824,6824,23,199,0
6825,6825,130,394,0
6826,6826,163,180,0
6827,6827,210,12,0
6828,6828,32,205,0
6829,6829,307,27,0
6830,6830,273,91,0
6831,6831,230,402,0
6832,6832,360,382,0
6833,6833,212,296,0
6834,6834,130,194,0
6835,6835,176,304,0
6836,6836,367,67,0
6837,6837,78,94,0
6838,6838,130,404,0
6839,6839,79,264,0
6840,6840,24,317,0
6841,6841,298,269,0
6842,6842,28,383,0
6843,6843,341,196,0
6844,6844,379,159,0
6845,6845,19,407,0
6846,6846,316,403,0
6847,6847,296,26,0
6848,6848,115,43,0
6849,6849,153,270,0
6850,6850,73,164,0
6851,6851,161,19,0
6852,6852,373,61,0
6853,6853,84,52,0
6854,6854,372,159,0
6855,6855,302,315,0
6856,6856,391,402,0
6857,6857,234,316,0
6858,6858,236,268,0
6859,6859,138,258,0
6860,6860,131,396,0
6861,6861,122,62,0
6862,6862,287,99,0
6863,6863,337,333,0
6864,6864,13,221,0
6865,6865,99,156,0
6866,6866,295,326,0
6867,6867,247,54,0
6868,6868,177,19,0
6869,6869,186,410,0
6870,6870,298,401,0
6871,6871,204,311,0
6872,6872,137,99,0
6873,6873,48,312,0
6874,6874,287,408,0
6875,6875,281,224,0
6876,6876,153,322,0
6877,6877,104,380,0
6878,6878,200,335,0
6879,6879,65,249,0
6880,6880,222,163,0
6881,6881,352,257,0
6882,6882,347,384,0
6883,6883,366,53,0
6884,6884,206,342,0
6885,6885,5,32,0
6886,6886,121,373,0
6887,6887,13,251,0
6888,6888,90,334,0
6889,6889,15,27,0
6890,6890,238,344,0
6891,6891,179,319,0
6892,6892,247,250,0
6893,6893,338,255,0
6894,6894,134,407,0
6895,6895,24,196,0
6896,6896,163,133,0
6897,6897,19,20,0
6898,6898,269,184,0
6899,6899,169,51,0
6900,6900,101,67,0
6901,6901,348,64,0
6902,6902,17,301,0
6903,6903,239,351,0
6904,6904,154,175,0
6905,6905,293,348,0
6906,6906,282,329,0
6907,6907,219,299,0
6908,6908,97,21,0
6909,6909,212,261,0
6910,6910,201,266,0
6911,6911,149,24,0
6912,6912,12,152,0
6913,6913,13,340,0
6914,6914,359,264,0
6915,6915,17,407,0
6916,6916,315,187,0
6917,6917,35,258,0
6918,6918,321,264,0
6919,6919,90,357,0
6920,6920,211,330,0
6921,6921,150,88,0
6922,6922,127,354,0
6923,6923,221,18,0
6924,6924,88,304,0
6925,6925,11,120,0
6926,6926,175,344,0
6927,6927,275,119,0
6928,6928,214,90,0
6929,6929,17,195,0
6930,6930,208,393,0
6931,6931,140,152,0
6932,6932,406,403,0
6933,6933,115,379,0
6934,6934,145,165,0
6935,6935,355,384,0
6936,6936,75,214,0
6937,6937,207,124,0
6938,6938,159,310,0
6939,6939,94,344,0
6940,6940,363,180,0
6941,6941,357,260,0
6942,6942,345,51,0
6943,6943,248,55,0
6944,6944,287,376,0
6945,6945,139,391,0
6946,6946,295,117,0
6947,6947,365,321,0
6948,6948,143,394,0
6949,6949,71,192,0
6950,6950,123,331,0
6951,6951,377,386,0
6952,6952,72,362,0
6953,6953,305,190,0
6954,6954,71,148,0
6955,6955,78,294,0
6956,6956,215,332,0
6957,6957,67,182,0
6958,6958,231,362,0
6959,6959,142,295,0
6960,6960,153,193,0
6961,6961,143,315,0
6962,6962,271,326,0
6963,6963,121,397,0
6964,6964,332,396,0
6965,6965,319,408,0
6966,6966,14,101,0
6967,6967,51,317,0
6968,6968,117,256,0
6969,6969,373,23,0
6970,6970,351,58,0
6971,6971,161,358,0
6972,6972,314,266,0
6973,6973,259,31,0
6974,6974,235,376,0
6975,6975,301,390,0
6976,6976,278,350,0
6977,6977,385,407,0
6978,6978,280,321,0
6979,6979,219,185,0
6980,6980,288,392,0
6981,6981,297,322,0
6982,6982,72,385,0
6983,6983,216,369,0
6984,6984,153,239,0
6985,6985,79,226,0
6986,6986,202,329,0
6987,6987,279,349,0
6988,6988,147,348,0
6989,6989,137,7,0
6990,6990,126,383,0
6991,6991,373,22,0
6992,6992,318,336,0
6993,6993,20,181,0
6994,6994,113,358,0
6995,6995,275,395,0
6996,6996,83,132,0
6997,6997,104,368,0
6998,6998,89,367,0
6999,6999,354,133,0
7000,7000,72,176,0
7001,7001,83,300,0
7002,7002,224,322,0
7003,7003,254,262,0
7004,7004,291,236,0
7005,7005,120,412,0
7006,7006,212,62,0
7007,7007,35,402,0
7008,7008,151,409,0
7009,7009,8,198,0
7010,7010,224,354,0
7011,7011,8,368,0
7012,7012,141,91,0
7013,7013,140,366,0
7014,7014,10,98,0
7015,7015,242,340,0
7016,7016,186,193,0
7017,7017,157,303,0
7018,7018,106,340,0
7019,7019,342,22,0
7020,7020,7,155,0
7021,7021,340,251,0
7022,7022,232,348,0
7023,7023,240,329,0
7024,7024,297,180,0
7025,7025,30,202,0
7026,7026,23,388,0
7027,7027,361,392,0
7028,7028,338,31,0
7029,7029,141,328,0
7030,7030,258,411,0
7031,7031,208,103,0
7032,7032,130,181,0
7033,7033,115,45,0
7034,7034,196,198,0
7035,7035,16,93,0
7036,7036,137,229,0
7037,7037,74,353,0
7038,7038,221,259,0
7039,7039,159,330,0
7040,7040,181,395,0
7041,7041,137,62,0
7042,7042,299,28,0
7043,7043,229,179,0
7044,7044,208,235,0
7045,7045,148,256,0
7046,7046,358,313,0
7047,7047,48,182,0
7048,7048,350,41,0
7049,7049,113,130,0
7050,7050,218,168,0
7051,7051,251,401,0
7052,7052,20,26,0
7053,7053,376,385,0
7054,7054,74,342,0
7055,7055,337,252,0
7056,7056,121,203,0
7057,7057,104,383,0
7058,7058,176,45,0
7059,7059,112,23,0
7060,7060,75,83,0
7061,7061,285,178,0
7062,7062,166,268,0
7063,7063,100,388,0
7064,7064,346,399,0
7065,7065,105,267,0
7066,7066,119,198,0
7067,7067,202,253,0
7068,7068,139,151,0
7069,7069,371,202,0
7070,7070,142,231,0
7071,7071,94,30,0
7072,7072,295,107,0
7073,7073,118,26,0
7074,7074,6,271,0
7075,7075,239,333,0
7076,7076,268,249,0
7077,7077,138,279,0
7078,7078,31,397,0
7079,7079,346,302,0
7080,7080,121,390,0
7081,7081,278,219,0
7082,7082,287,229,0
7083,7083,25,182,0
7084,7084,128,159,0
7085,7085,366,408,0
7086,7086,349,201,0
7087,7087,277,397,0
7088,7088,290,46,0
7089,7089,299,353,0
7090,7090,406,159,0
7091,7091,214,31,0
7092,7092,104,358,0
7093,7093,339,30,0
7094,7094,373,196,0
7095,7095,144,388,0
7096,7096,275,321,0
7097,7097,382,398,0
7098,7098,84,306,0
7099,7099,147,40,0
7100,7100,307,375,0
7101,7101,134,321,0
7102,7102,274,172,0
7103,7103,269,334,0
7104,7104,172,382,0
7105,7105,5,53,0
7106,7106,75,34,0
7107,7107,372,301,0
7108,7108,282,229,0
7109,7109,147,170,0
7110,7110,351,408,0
7111,7111,115,343,0
7112,7112,23,157,0
7113,7113,224,320,0
7114,7114,116,396,0
7115,7115,362,193,0
7116,7116,339,315,0
7117,7117,84,35,0
7118,7118,355,414,0
7119,7119,134,262,0
7120,7120,146,40,0
7121,7121,239,319,0
7122,7122,11,396,0
7123,7123,260,411,0
7124,7124,50,156,0
7125,7125,283,408,0
7126,7126,4,155,0
7127,7127,224,401,0
7128,7128,128,395,0
7129,7129,246,42,0
7130,7130,33,300,0
7131,7131,299,368,0
7132,7132,1,76,0
7133,7133,90,267,0
7134,7134,164,375,0
7135,7135,181,385,0
7136,7136,308,265,0
7137,7137,131,381,0
7138,7138,284,262,0
7139,7139,362,31,0
7140,7140,33,384,0
7141,7141,363,197,0
7142,7142,245,133,0
7143,7143,174,27,0
7144,7144,134,198,0
7145,7145,45,399,0
7146,7146,241,183,0
7147,7147,131,414,0
7148,7148,114,22,0
7149,7149,80,257,0
7150,7150,84,101,0
7151,7151,303,309,0
7152,7152,129,319,0
7153,7153,83,226,0
7154,7154,86,387,0
7155,7155,276,372,0
7156,7156,104,30,0
7157,7157,176,256,0
7158,7158,240,258,0
7159,7159,78,299,0
7160,7160,374,398,0
7161,7161,277,14,0
7162,7162,145,161,0
7163,7163,21,414,0
7164,7164,315,329,0
7165,7165,172,201,0
7166,7166,73,329,0
7167,7167,345,29,0
7168,7168,280,262,0
7169,7169,33,260,0
7170,7170,358,65,0
7171,7171,0,375,0
7172,7172,77,24,0
7173,7173,116,386,0
7174,7174,216,106,0
7175,7175,210,365,0
7176,7176,366,251,0
7177,7177,17,369,0
7178,7178,242,61,0
7179,7179,170,195,0
7180,7180,279,263,0
7181,7181,163,47,0
7182,7182,39,330,0
7183,7183,105,256,0
7184,7184,100,23,0
7185,7185,363,333,0
7186,7186,43,390,0
7187,7187,208,79,0
7188,7188,4,286,0
7189,7189,14,316,0
7190,7190,102,367,0
7191,7191,221,85,0
7192,7192,280,188,0
7193,7193,19,332,0
7194,7194,142,315,0
7195,7195,211,199,0
7196,7196,354,39,0
7197,7197,10,239,0
7198,7198,167,353,0
7199,7199,69,260,0
7200,7200,277,34,0
7201,7201,121,26,0
7202,7202,71,116,0
7203,7203,119,353,0
7204,7204,234,157,0
7205,7205,169,314,0
7206,7206,259,415,0
7207,7207,284,268,0
7208,7208,153,48,0
7209,7209,30,328,0
7210,7210,126,389,0
7211,7211,80,117,0
7212,7212,148,267,0
7213,7213,148,316,0
7214,7214,141,181,0
7215,7215,385,397,0
7216,7216,294,115,0
7217,7217,352,405,0
7218,7218,311,313,0
7219,7219,215,342,0
7220,7220,221,61,0
7221,7221,363,156,0
7222,7222,223,361,0
7223,7223,362,272,0
7224,7224,223,36,0
7225,7225,69,18,0
7226,7226,348,305,0
7227,7227,103,353,0
7228,7228,28,409,0
7229,7229,78,36,0
7230,7230,72,20,0
7231,7231,349,24,0
7232,7232,86,204,0
7233,7233,314,315,0
7234,7234,166,359,0
7235,7235,96,411,0
7236,7236,16,155,0
7237,7237,356,271,0
7238,7238,174,372,0
7239,7239,150,359,0
7240,7240,111,321,0
7241,7241,20,328,0
7242,7242,75,128,0
7243,7243,152,401,0
7244,7244,232,318,0
7245,7245,227,312,0
7246,7246,88,303,0
7247,7247,159,261,0
7248,7248,126,352,0
7249,7249,124,362,0
7250,7250,273,26,0
7251,7251,95,196,0
7252,7252,297,197,0
7253,7253,0,306,0
7254,7254,139,318,0
7255,7255,329,398,0
7256,7256,351,403,0
7257,7257,99,353,0
7258,7258,221,340,0
7259,7259,332,411,0
7260,7260,114,205,0
7261,7261,151,41,0
7262,7262,149,381,0
7263,7263,16,127,0
7264,7264,146,285,0
7265,7265,73,228,0
7266,7266,139,161,0
7267,7267,245,372,0
7268,7268,346,49,0
7269,7269,206,404,0
7270,7270,308,192,0
7271,7271,92,178,0
7272,7272,283,35,0
7273,7273,281,307,0
7274,7274,124,346,0
7275,7275,127,45,0
7276,7276,117,396,0
7277,7277,286,260,0
7278,7278,290,378,0
7279,7279,214,413,0
7280,7280,57,386,0
7281,7281,124,308,0
7282,7282,22,197,0
7283,7283,59,202,0
7284,7284,155,253,0
7285,7285,10,288,0
7286,7286,16,305,0
7287,7287,345,192,0
7288,7288,124,350,0
7289,7289,243,34,0
7290,7290,213,268,0
7291,7291,373,310,0
7292,7292,4,21,0
7293,7293,215,123,0
7294,7294,14,91,0
7295,7295,168,196,0
7296,7296,135,321,0
7297,7297,121,309,0
7298,7298,142,322,0
7299,7299,177,327,0
7300,7300,275,89,0
7301,7301,17,322,0
7302,7302,58,335,0
7303,7303,283,288,0
7304,7304,370,269,0
7305,7305,176,250,0
7306,7306,296,123,0
7307,7307,312,329,0
7308,7308,169,317,0
7309,7309,244,311,0
7310,7310,212,98,0
7311,7311,152,304,0
7312,7312,354,253,0
7313,7313,0,302,0
7314,7314,413,408,0
7315,7315,162,22,0
7316,7316,389,404,0
7317,7317,82,308,0
7318,7318,3,226,0
7319,7319,352,304,0
7320,7320,175,131,0
7321,7321,97,383,0
7322,7322,75,300,0
7323,7323,77,245,0
7324,7324,208,45,0
7325,7325,276,15,0
7326,7326,233,337,0
7327,7327,364,389,0
7328,7328,144,270,0
7329,7329,74,304,0
7330,7330,152,184,0
7331,7331,42,381,0
7332,7332,214,383,0
7333,7333,97,325,0
7334,7334,345,269,0
7335,7335,177,311,0
7336,7336,37,388,0
7337,7337,86,402,0
7338,7338,252,404,0
7339,7339,216,127,0
7340,7340,120,395,0
7341,7341,280,257,0
7342,7342,342,380,0
7343,7343,240,382,0
7344,7344,230,323,0
7345,7345,274,396,0
7346,7346,161,312,0
7347,7347,151,362,0
7348,7348,353,49,0
7349,7349,357,29,0
7350,7350,83,332,0
7351,7351,307,228,0
7352,7352,142,324,0
7353,7353,90,310,0
7354,7354,29,402,0
7355,7355,243,226,0
7356,7356,3,33,0
7357,7357,239,196,0
7358,7358,296,392,0
7359,7359,218,330,0
7360,7360,212,404,0
7361,7361,369,133,0
7362,7362,142,351,0
7363,7363,13,152,0
7364,7364,258,336,0
7365,7365,206,46,0
7366,7366,276,330,0
7367,7367,177,23,0
7368,7368,15,62,0
7369,7369,145,88,0
7370,7370,415,331,0
7371,7371,289,67,0
7372,7372,4,218,0
7373,7373,204,300,0
7374,7374,12,253,0
7375,7375,252,263,0
7376,7376,292,232,0
7377,7377,152,135,0
7378,7378,163,46,0
7379,7379,146,253,0
7380,7380,257,401,0
7381,7381,273,76,0
7382,7382,93,323,0
7383,7383,146,46,0
7384,7384,7,41,0
7385,7385,38,389,0
7386,7386,16,161,0
7387,7387,286,250,0
7388,7388,282,168,0
7389,7389,0,305,0
7390,7390,145,406,0
7391,7391,207,188,0
7392,7392,172,226,0
7393,7393,222,155,0
7394,7394,253,390,0
7395,7395,119,43,0
7396,7396,68,338,0
7397,7397,10,178,0
7398,7398,155,367,0
7399,7399,209,279,0
7400,7400,214,113,0
7401,7401,244,404,0
7402,7402,39,260,0
7403,7403,75,59,0
7404,7404,3,229,0
7405,7405,359,186,0
7406,7406,366,268,0
7407,7407,170,228,0
7408,7408,21,309,0
7409,7409,318,332,0
7410,7410,213,106,0
7411,7411,377,27,0
7412,7412,44,204,0
7413,7413,220,179,0
7414,7414,276,200,0
7415,7415,60,316,0
7416,7416,173,355,0
7417,7417,374,135,0
7418,7418,206,266,0
7419,7419,71,21,0
7420,7420,369,189,0
7421,7421,171,331,0
7422,7422,188,340,0
7423,7423,144,162,0
7424,7424,369,382,0
7425,7425,354,24,0
7426,7426,279,322,0
7427,7427,4,266,0
7428,7428,114,201,0
7429,7429,336,407,0
7430,7430,215,189,0
7431,7431,3,198,0
7432,7432,145,123,0
7433,7433,297,266,0
7434,7434,180,403,0
7435,7435,406,66,0
7436,7436,123,36,0
7437,7437,165,317,0
7438,7438,258,387,0
7439,7439,62,327,0
7440,7440,123,365,0
7441,7441,347,134,0
7442,7442,21,272,0
7443,7443,199,335,0
7444,7444,130,66,0
7445,7445,211,187,0
7446,7446,144,63,0
7447,7447,406,262,0
7448,7448,220,111,0
7449,7449,322,406,0
7450,7450,375,132,0
7451,7451,293,164,0
7452,7452,241,390,0
7453,7453,243,62,0
7454,7454,342,269,0
7455,7455,86,331,0
7456,7456,97,397,0
7457,7457,280,59,0
7458,7458,88,60,0
7459,7459,259,357,0
7460,7460,88,57,0
7461,7461,154,26,0
7462,7462,115,182,0
7463,7463,9,163,0
7464,7464,131,318,0
7465,7465,3,409,0
7466,7466,74,340,0
7467,7467,73,297,0
7468,7468,5,55,0
7469,7469,130,312,0
7470,7470,281,67,0
7471,7471,126,313,0
7472,7472,7,57,0
7473,7473,66,254,0
7474,7474,209,364,0
7475,7475,181,328,0
7476,7476,204,411,0
7477,7477,413,412,0
7478,7478,166,45,0
7479,7479,6,407,0
7480,7480,90,387,0
7481,7481,230,415,0
7482,7482,18,409,0
7483,7483,139,392,0
7484,7484,261,400,0
7485,7485,88,47,0
7486,7486,96,272,0
7487,7487,6,80,0
7488,7488,160,395,0
7489,7489,22,301,0
7490,7490,151,155,0
7491,7491,216,237,0
7492,7492,354,192,0
7493,7493,292,390,0
7494,7494,144,248,0
7495,7495,235,413,0
7496,7496,270,314,0
7497,7497,100,250,0
7498,7498,213,29,0
7499,7499,122,130,0
7500,7500,304,250,0
7501,7501,14,246,0
7502,7502,259,394,0
7503,7503,203,401,0
7504,7504,414,255,0
7505,7505,207,309,0
7506,7506,383,386,0
7507,7507,17,45,0
7508,7508,80,247,0
7509,7509,296,319,0
7510,7510,245,379,0
7511,7511,246,35,0
7512,7512,306,65,0
7513,7513,275,152,0
7514,7514,218,126,0
7515,7515,215,360,0
7516,7516,156,309,0
7517,7517,125,199,0
7518,7518,210,84,0
7519,7519,146,323,0
7520,7520,69,330,0
7521,7521,142,362,0
7522,7522,60,327,0
7523,7523,220,125,0
7524,7524,113,315,0
7525,7525,163,403,0
7526,7526,345,406,0
7527,7527,306,31,0
7528,7528,285,368,0
7529,7529,115,180,0
7530,7530,86,36,0
7531,7531,121,27,0
7532,7532,301,262,0
7533,7533,187,189,0
7534,7534,211,84,0
7535,7535,209,5,0
7536,7536,147,188,0
7537,7537,285,369,0
7538,7538,70,191,0
7539,7539,279,397,0
7540,7540,299,250,0
7541,7541,352,61,0
7542,7542,172,410,0
7543,7543,345,332,0
7544,7544,198,412,0
7545,7545,112,392,0
7546,7546,299,256,0
7547,7547,292,99,0
7548,7548,31,160,0
7549,7549,143,33,0
7550,7550,246,133,0
7551,7551,130,134,0
7552,7552,75,339,0
7553,7553,91,342,0
7554,7554,318,262,0
7555,7555,364,198,0
7556,7556,28,261,0
7557,7557,244,352,0
7558,7558,208,54,0
7559,7559,292,414,0
7560,7560,247,327,0
7561,7561,189,409,0
7562,7562,278,84,0
7563,7563,0,112,0
7564,7564,291,133,0
7565,7565,172,374,0
7566,7566,291,397,0
7567,7567,284,287,0
7568,7568,223,61,0
7569,7569,108,356,0
7570,7570,162,37,0
7571,7571,213,194,0
7572,7572,0,118,0
7573,7573,362,404,0
7574,7574,259,67,0
7575,7575,79,325,0
7576,7576,214,341,0
7577,7577,111,318,0
7578,7578,393,328,0
7579,7579,26,64,0
7580,7580,271,328,0
7581,7581,245,415,0
7582,7582,210,95,0
7583,7583,128,196,0
7584,7584,70,337,0
7585,7585,131,22,0
7586,7586,275,350,0
7587,7587,367,205,0
7588,7588,279,136,0
7589,7589,90,31,0
7590,7590,304,395,0
7591,7591,322,43,0
7592,7592,227,388,0
7593,7593,93,334,0
7594,7594,235,399,0
7595,7595,108,365,0
7596,7596,213,393,0
7597,7597,89,335,0
7598,7598,138,28,0
7599,7599,122,30,0
7600,7600,148,34,0
7601,7601,376,205,0
7602,7602,162,159,0
7603,7603,142,240,0
7604,7604,200,38,0
7605,7605,6,108,0
7606,7606,15,28,0
7607,7607,130,409,0
7608,7608,314,390,0
7609,7609,118,332,0
7610,7610,58,257,0
7611,7611,279,309,0
7612,7612,94,195,0
7613,7613,306,360,0
7614,7614,245,42,0
7615,7615,292,179,0
7616,7616,175,61,0
7617,7617,217,167,0
7618,7618,141,393,0
7619,7619,45,303,0
7620,7620,143,60,0
7621,7621,132,192,0
7622,7622,22,227,0
7623,7623,81,175,0
7624,7624,173,65,0
7625,7625,307,66,0
7626,7626,215,254,0
7627,7627,293,332,0
7628,7628,6,77,0
7629,7629,146,301,0
7630,7630,16,202,0
7631,7631,290,248,0
7632,7632,79,205,0
7633,7633,192,334,0
7634,7634,9,245,0
7635,7635,4,28,0
7636,7636,148,391,0
7637,7637,356,395,0
7638,7638,339,159,0
7639,7639,67,325,0
7640,7640,309,191,0
7641,7641,368,52,0
7642,7642,272,199,0
7643,7643,117,201,0
7644,7644,98,50,0
7645,7645,285,218,0
7646,7646,343,54,0
7647,7647,141,78,0
7648,7648,347,311,0
7649,7649,350,39,0
7650,7650,176,370,0
7651,7651,155,332,0
7652,7652,184,326,0
7653,7653,71,123,0
7654,7654,104,205,0
7655,7655,394,205,0
7656,7656,72,376,0
7657,7657,306,377,0
7658,7658,267,226,0
7659,7659,376,63,0
7660,7660,139,297,0
7661,7661,140,164,0
7662,7662,235,179,0
7663,7663,101,374,0
7664,7664,210,201,0
7665,7665,142,259,0
7666,7666,256,388,0
7667,7667,61,205,0
7668,7668,104,321,0
7669,7669,378,302,0
7670,7670,178,386,0
7671,7671,414,156,0
7672,7672,277,87,0
7673,7673,370,201,0
7674,7674,158,305,0
7675,7675,287,314,0
7676,7676,113,37,0
7677,7677,197,405,0
7678,7678,379,256,0
7679,7679,50,133,0
7680,7680,147,11,0
7681,7681,209,62,0
7682,7682,373,24,0
7683,7683,212,217,0
7684,7684,125,134,0
7685,7685,73,292,0
7686,7686,54,413,0
7687,7687,286,28,0
7688,7688,139,93,0
7689,7689,294,320,0
7690,7690,342,57,0
7691,7691,63,186,0
7692,7692,57,256,0
7693,7693,387,401,0
7694,7694,216,41,0
7695,7695,167,229,0
7696,7696,166,313,0
7697,7697,90,343,0
7698,7698,128,189,0
7699,7699,242,383,0
7700,7700,242,36,0
7701,7701,320,405,0
7702,7702,140,279,0
7703,7703,232,29,0
7704,7704,278,265,0
7705,7705,166,51,0
7706,7706,211,31,0
7707,7707,135,191,0
7708,7708,90,324,0
7709,7709,93,366,0
7710,7710,223,169,0
7711,7711,192,385,0
7712,7712,77,407,0
7713,7713,176,52,0
7714,7714,210,395,0
7715,7715,250,396,0
7716,7716,284,127,0
7717,7717,231,204,0
7718,7718,306,354,0
7719,7719,241,262,0
7720,7720,145,357,0
7721,7721,280,14,0
7722,7722,247,363,0
7723,7723,166,183,0
7724,7724,163,36,0
7725,7725,283,248,0
7726,7726,52,324,0
7727,7727,73,37,0
7728,7728,176,409,0
7729,7729,58,156,0
7730,7730,161,159,0
7731,7731,273,377,0
7732,7732,246,304,0
7733,7733,245,363,0
7734,7734,80,175,0
7735,7735,151,86,0
7736,7736,88,64,0
7737,7737,357,265,0
7738,7738,288,222,0
7739,7739,83,129,0
7740,7740,8,151,0
7741,7741,285,98,0
7742,7742,4,406,0
7743,7743,126,342,0
7744,7744,5,384,0
7745,7745,31,301,0
7746,7746,45,387,0
7747,7747,58,324,0
7748,7748,277,155,0
7749,7749,237,268,0
7750,7750,214,35,0
7751,7751,320,382,0
7752,7752,167,315,0
7753,7753,216,92,0
7754,7754,78,191,0
7755,7755,149,167,0
7756,7756,286,295,0
7757,7757,337,394,0
7758,7758,276,378,0
7759,7759,97,387,0
7760,7760,237,160,0
7761,7761,293,410,0
7762,7762,355,60,0
7763,7763,392,412,0
7764,7764,95,375,0
7765,7765,368,55,0
7766,7766,14,308,0
7767,7767,46,332,0
7768,7768,84,232,0
7769,7769,247,348,0
7770,7770,350,311,0
7771,7771,81,242,0
7772,7772,112,310,0
7773,7773,226,192,0
7774,7774,345,393,0
7775,7775,20,302,0
7776,7776,87,337,0
7777,7777,306,256,0
7778,7778,30,413,0
7779,7779,51,261,0
7780,7780,111,401,0
7781,7781,147,324,0
7782,7782,219,375,0
7783,7783,197,396,0
7784,7784,146,296,0
7785,7785,294,410,0
7786,7786,139,411,0
7787,7787,345,191,0
7788,7788,236,180,0
7789,7789,414,226,0
7790,7790,25,251,0
7791,7791,7,92,0
7792,7792,96,345,0
7793,7793,5,289,0
7794,7794,216,157,0
7795,7795,299,183,0
7796,7796,369,59,0
7797,7797,25,308,0
7798,7798,337,42,0
7799,7799,142,357,0
7800,7800,151,315,0
7801,7801,374,56,0
7802,7802,176,65,0
7803,7803,68,180,0
7804,7804,122,395,0
7805,7805,140,77,0
7806,7806,112,196,0
7807,7807,132,133,0
7808,7808,100,182,0
7809,7809,221,327,0
7810,7810,243,187,0
7811,7811,141,398,0
7812,7812,172,314,0
7813,7813,82,401,0
7814,7814,207,318,0
7815,7815,105,48,0
7816,7816,73,187,0
7817,7817,233,201,0
7818,7818,215,135,0
7819,7819,77,151,0
7820,7820,2,234,0
7821,7821,101,348,0
7822,7822,350,183,0
7823,7823,8,117,0
7824,7824,353,312,0
7825,7825,367,61,0
7826,7826,275,219,0
7827,7827,210,254,0
7828,7828,0,25,0
7829,7829,295,268,0
7830,7830,292,110,0
7831,7831,284,381,0
7832,7832,406,156,0
7833,7833,382,399,0
7834,7834,201,190,0
7835,7835,125,409,0
7836,7836,75,378,0
7837,7837,15,295,0
7838,7838,172,339,0
7839,7839,213,398,0
7840,7840,277,159,0
7841,7841,15,168,0
7842,7842,163,402,0
7843,7843,360,271,0
7844,7844,278,135,0
7845,7845,75,200,0
7846,7846,353,412,0
7847,7847,320,196,0
7848,7848,38,334,0
7849,7849,69,377,0
7850,7850,51,250,0
7851,7851,304,327,0
7852,7852,84,348,0
7853,7853,284,355,0
7854,7854,113,360,0
7855,7855,322,37,0
7856,7856,137,73,0
7857,7857,127,205,0
7858,7858,222,247,0
7859,7859,226,198,0
7860,7860,89,398,0
7861,7861,149,303,0
7862,7862,37,319,0
7863,7863,243,303,0
7864,7864,141,143,0
7865,7865,38,189,0
7866,7866,34,401,0
7867,7867,394,136,0
7868,7868,29,301,0
7869,7869,135,300,0
7870,7870,69,56,0
7871,7871,92,326,0
7872,7872,342,313,0
7873,7873,276,358,0
7874,7874,104,324,0
7875,7875,238,252,0
7876,7876,154,365,0
7877,7877,69,351,0
7878,7878,91,226,0
7879,7879,4,75,0
7880,7880,238,64,0
7881,7881,294,236,0
7882,7882,75,287,0
7883,7883,179,192,0
7884,7884,174,37,0
7885,7885,214,251,0
7886,7886,2,57,0
7887,7887,113,415,0
7888,7888,48,407,0
7889,7889,242,60,0
7890,7890,217,316,0
7891,7891,368,228,0
7892,7892,349,260,0
7893,7893,287,239,0
7894,7894,283,194,0
7895,7895,71,300,0
7896,7896,368,414,0
7897,7897,276,14,0
7898,7898,119,363,0
7899,7899,81,28,0
7900,7900,277,346,0
7901,7901,219,345,0
7902,7902,277,323,0
7903,7903,97,27,0
7904,7904,306,131,0
7905,7905,51,310,0
7906,7906,241,264,0
7907,7907,41,398,0
7908,7908,344,255,0
7909,7909,16,368,0
7910,7910,2,151,0
7911,7911,11,410,0
7912,7912,99,342,0
7913,7913,86,157,0
7914,7914,70,229,0
7915,7915,172,56,0
7916,7916,155,257,0
7917,7917,145,296,0
7918,7918,120,310,0
7919,7919,267,22,0
7920,7920,110,332,0
7921,7921,343,51,0
7922,7922,94,260,0
7923,7923,244,28,0
7924,7924,11,272,0
7925,7925,348,401,0
7926,7926,20,405,0
7927,7927,91,179,0
7928,7928,61,314,0
7929,7929,298,356,0
7930,7930,142,7,0
7931,7931,121,411,0
7932,7932,4,252,0
7933,7933,130,415,0
7934,7934,194,335,0
7935,7935,149,85,0
7936,7936,25,405,0
7937,7937,120,358,0
7938,7938,112,43,0
7939,7939,75,283,0
7940,7940,72,326,0
7941,7941,161,59,0
7942,7942,125,369,0
7943,7943,239,200,0
7944,7944,360,45,0
7945,7945,327,382,0
7946,7946,130,366,0
7947,7947,79,109,0
7948,7948,355,21,0
7949,7949,94,67,0
7950,7950,363,60,0
7951,7951,70,344,0
7952,7952,120,272,0
7953,7953,19,391,0
7954,7954,299,197,0
7955,7955,209,111,0
7956,7956,279,346,0
7957,7957,242,336,0
7958,7958,110,305,0
7959,7959,63,229,0
7960,7960,138,333,0
7961,7961,146,345,0
7962,7962,266,409,0
7963,7963,339,38,0
7964,7964,2,212,0
7965,7965,145,128,0
7966,7966,209,411,0
7967,7967,293,264,0
7968,7968,171,178,0
7969,7969,175,159,0
7970,7970,124,319,0
7971,7971,225,187,0
7972,7972,137,391,0
7973,7973,264,408,0
7974,7974,78,236,0
7975,7975,371,42,0
7976,7976,176,180,0
7977,7977,99,181,0
7978,7978,355,26,0
7979,7979,279,37,0
7980,7980,228,305,0
7981,7981,215,292,0
7982,7982,34,192,0
7983,7983,243,249,0
7984,7984,236,264,0
7985,7985,93,61,0
7986,7986,124,323,0
7987,7987,222,399,0
7988,7988,75,32,0
7989,7989,206,229,0
7990,7990,287,46,0
7991,7991,344,410,0
7992,7992,42,313,0
7993,7993,109,260,0
7994,7994,271,412,0
7995,7995,144,179,0
7996,7996,224,239,0
7997,7997,17,129,0
7998,7998,361,43,0
7999,7999,151,167,0
8000,8000,97,366,0
8001,8001,341,386,0
8002,8002,289,344,0
8003,8003,145,77,0
8004,8004,76,385,0
8005,8005,72,358,0
8006,8006,377,32,0
8007,8007,286,41,0
8008,8008,358,35,0
8009,8009,142,112,0
8010,8010,108,23,0
8011,8011,113,270,0
8012,8012,278,258,0
8013,8013,406,181,0
8014,8014,24,396,0
8015,8015,111,200,0
8016,8016,168,370,0
8017,8017,9,22,0
8018,8018,217,228,0
8019,8019,115,228,0
8020,8020,268,301,0
8021,8021,220,391,0
8022,8022,213,387,0
8023,8023,291,355,0
8024,8024,8,128,0
8025,8025,344,395,0
8026,8026,273,309,0
8027,8027,89,228,0
8028,8028,413,272,0
8029,8029,227,256,0
8030,8030,242,250,0
8031,8031,20,179,0
8032,8032,133,328,0
8033,8033,283,371,0
8034,8034,5,241,0
8035,8035,71,199,0
8036,8036,246,372,0
8037,8037,239,328,0
8038,8038,355,189,0
8039,8039,22,189,0
8040,8040,88,387,0
8041,8041,245,384,0
8042,8042,228,262,0
8043,8043,4,365,0
8044,8044,76,93,0
8045,8045,101,23,0
8046,8046,72,372,0
8047,8047,371,49,0
8048,8048,374,160,0
8049,8049,26,181,0
8050,8050,231,406,0
8051,8051,7,371,0
8052,8052,269,191,0
8053,8053,314,186,0
8054,8054,287,115,0
8055,8055,145,368,0
8056,8056,188,256,0
8057,8057,30,135,0
8058,8058,3,108,0
8059,8059,283,84,0
8060,8060,58,252,0
8061,8061,78,98,0
8062,8062,232,353,0
8063,8063,148,150,0
8064,8064,285,187,0
8065,8065,116,41,0
8066,8066,221,224,0
8067,8067,93,66,0
8068,8068,45,182,0
8069,8069,93,353,0
8070,8070,210,180,0
8071,8071,16,124,0
8072,8072,289,122,0
8073,8073,296,264,0
8074,8074,7,240,0
8075,8075,37,198,0
8076,8076,73,33,0
8077,8077,26,65,0
8078,8078,286,118,0
8079,8079,316,198,0
8080,8080,309,397,0
8081,8081,216,18,0
8082,8082,10,42,0
8083,8083,328,409,0
8084,8084,240,34,0
8085,8085,67,324,0
8086,8086,277,110,0
8087,8087,69,319,0
8088,8088,210,386,0
8089,8089,208,60,0
8090,8090,229,186,0
8091,8091,297,323,0
8092,8092,288,388,0
8093,8093,227,315,0
8094,8094,91,398,0
8095,8095,206,196,0
8096,8096,353,407,0
8097,8097,38,405,0
8098,8098,109,338,0
8099,8099,174,369,0
8100,8100,373,327,0
8101,8101,294,41,0
8102,8102,175,336,0
8103,8103,161,369,0
8104,8104,343,202,0
8105,8105,279,128,0
8106,8106,209,355,0
8107,8107,78,49,0
8108,8108,343,33,0
8109,8109,164,396,0
8110,8110,361,195,0
8111,8111,360,228,0
8112,8112,291,59,0
8113,8113,247,35,0
8114,8114,284,367,0
8115,8115,88,132,0
8116,8116,107,35,0
8117,8117,307,202,0
8118,8118,86,329,0
8119,8119,145,46,0
8120,8120,162,180,0
8121,8121,34,179,0
8122,8122,203,412,0
8123,8123,6,233,0
8124,8124,106,57,0
8125,8125,15,369,0
8126,8126,349,308,0
8127,8127,144,412,0
8128,8128,17,49,0
8129,8129,370,47,0
8130,8130,153,190,0
8131,8131,215,170,0
8132,8132,5,157,0
8133,8133,277,198,0
8134,8134,110,362,0
8135,8135,94,187,0
8136,8136,126,400,0
8137,8137,294,194,0
8138,8138,147,66,0
8139,8139,129,43,0
8140,8140,160,383,0
8141,8141,89,34,0
8142,8142,287,198,0
8143,8143,9,134,0
8144,8144,267,408,0
8145,8145,23,179,0
8146,8146,360,309,0
8147,8147,354,409,0
8148,8148,244,368,0
8149,8149,360,404,0
8150,8150,69,406,0
8151,8151,281,239,0
8152,8152,112,192,0
8153,8153,393,413,0
8154,8154,362,204,0
8155,8155,294,101,0
8156,8156,220,127,0
8157,8157,312,183,0
8158,8158,129,205,0
8159,8159,276,314,0
8160,8160,208,332,0
8161,8161,85,376,0
8162,8162,364,397,0
8163,8163,320,391,0
8164,8164,362,252,0
8165,8165,98,341,0
8166,8166,26,336,0
8167,8167,1,92,0
8168,8168,143,237,0
8169,8169,323,225,0
8170,8170,7,317,0
8171,8171,122,178,0
8172,8172,96,266,0
8173,8173,127,249,0
8174,8174,208,32,0
8175,8175,121,329,0
8176,8176,208,385,0
8177,8177,226,261,0
8178,8178,415,156,0
8179,8179,150,241,0
8180,8180,243,228,0
8181,8181,106,339,0
8182,8182,4,267,0
8183,8183,306,187,0
8184,8184,50,204,0
8185,8185,372,50,0
8186,8186,406,180,0
8187,8187,230,188,0
8188,8188,399,400,0
8189,8189,144,256,0
8190,8190,76,367,0
8191,8191,74,301,0
8192,8192,129,193,0
8193,8193,233,313,0
8194,8194,244,34,0
8195,8195,270,261,0
8196,8196,116,249,0
8197,8197,77,39,0
8198,8198,150,338,0
8199,8199,327,335,0
8200,8200,34,157,0
8201,8201,167,329,0
8202,8202,22,64,0
8203,8203,208,40,0
8204,8204,70,230,0
8205,8205,284,217,0
8206,8206,175,58,0
8207,8207,359,255,0
8208,8208,132,182,0
8209,8209,358,414,0
8210,8210,215,264,0
8211,8211,331,395,0
8212,8212,57,179,0
8213,8213,77,246,0
8214,8214,161,201,0
8215,8215,105,28,0
8216,8216,104,194,0
8217,8217,166,370,0
8218,8218,318,333,0
8219,8219,236,63,0
8220,8220,393,415,0
8221,8221,60,157,0
8222,8222,61,197,0
8223,8223,361,381,0
8224,8224,272,314,0
8225,8225,168,349,0
8226,8226,355,256,0
8227,8227,137,356,0
8228,8228,166,250,0
8229,8229,170,62,0
8230,8230,282,95,0
8231,8231,85,398,0
8232,8232,251,187,0
8233,8233,242,348,0
8234,8234,1,251,0
8235,8235,320,198,0
8236,8236,345,256,0
8237,8237,224,341,0
8238,8238,308,311,0
8239,8239,305,380,0
8240,8240,221,92,0
8241,8241,70,390,0
8242,8242,311,185,0
8243,8243,339,191,0
8244,8244,217,358,0
8245,8245,22,187,0
8246,8246,111,256,0
8247,8247,146,184,0
8248,8248,153,200,0
8249,8249,68,381,0
8250,8250,158,261,0
8251,8251,282,164,0
8252,8252,218,400,0
8253,8253,275,376,0
8254,8254,347,29,0
8255,8255,91,268,0
8256,8256,127,401,0
8257,8257,285,13,0
8258,8258,102,390,0
8259,8259,291,42,0
8260,8260,173,386,0
8261,8261,60,64,0
8262,8262,405,408,0
8263,8263,360,182,0
8264,8264,278,394,0
8265,8265,284,15,0
8266,8266,35,314,0
8267,8267,12,254,0
8268,8268,135,400,0
8269,8269,122,268,0
8270,8270,342,260,0
8271,8271,62,321,0
8272,8272,172,254,0
8273,8273,92,26,0
8274,8274,79,135,0
8275,8275,365,136,0
8276,8276,30,329,0
8277,8277,101,64,0
8278,8278,34,408,0
8279,8279,306,67,0
8280,8280,299,242,0
8281,8281,388,404,0
8282,8282,359,196,0
8283,8283,288,154,0
8284,8284,84,309,0
8285,8285,162,322,0
8286,8286,413,262,0
8287,8287,164,367,0
8288,8288,292,410,0
8289,8289,162,345,0
8290,8290,107,345,0
8291,8291,289,314,0
8292,8292,344,336,0
8293,8293,101,25,0
8294,8294,357,325,0
8295,8295,164,271,0
8296,8296,204,392,0
8297,8297,296,320,0
8298,8298,103,374,0
8299,8299,143,399,0
8300,8300,158,392,0
8301,8301,62,398,0
8302,8302,95,185,0
8303,8303,176,327,0
8304,8304,245,134,0
8305,8305,215,301,0
8306,8306,111,347,0
8307,8307,2,353,0
8308,8308,279,313,0
8309,8309,98,66,0
8310,8310,350,61,0
8311,8311,154,67,0
8312,8312,373,189,0
8313,8313,82,174,0
8314,8314,150,43,0
8315,8315,155,157,0
8316,8316,205,227,0
8317,8317,155,229,0
8318,8318,8,288,0
8319,8319,213,129,0
8320,8320,252,380,0
8321,8321,84,247,0
8322,8322,153,369,0
8323,8323,139,334,0
8324,8324,27,197,0
8325,8325,14,99,0
8326,8326,293,406,0
8327,8327,3,281,0
8328,8328,211,328,0
8329,8329,124,391,0
8330,8330,168,34,0
8331,8331,347,315,0
8332,8332,211,332,0
8333,8333,215,290,0
8334,8334,274,150,0
8335,8335,134,255,0
8336,8336,78,31,0
8337,8337,307,380,0
8338,8338,200,186,0
8339,8339,356,321,0
8340,8340,219,344,0
8341,8341,102,349,0
8342,8342,112,38,0
8343,8343,97,344,0
8344,8344,71,351,0
8345,8345,280,246,0
8346,8346,159,311,0
8347,8347,221,201,0
8348,8348,394,265,0
8349,8349,2,154,0
8350,8350,94,400,0
8351,8351,10,326,0
8352,8352,70,290,0
8353,8353,126,196,0
8354,8354,131,399,0
8355,8355,149,64,0
8356,8356,108,359,0
8357,8357,277,295,0
8358,8358,68,234,0
8359,8359,164,353,0
8360,8360,156,332,0
8361,8361,192,387,0
8362,8362,143,129,0
8363,8363,233,32,0
8364,8364,94,374,0
8365,8365,361,133,0
8366,8366,28,399,0
8367,8367,24,321,0
8368,8368,377,392,0
8369,8369,7,258,0
8370,8370,49,414,0
8371,8371,360,179,0
8372,8372,155,184,0
8373,8373,12,85,0
8374,8374,282,131,0
8375,8375,169,37,0
8376,8376,285,192,0
8377,8377,345,205,0
8378,8378,16,251,0
8379,8379,287,268,0
8380,8380,275,111,0
8381,8381,238,63,0
8382,8382,124,200,0
8383,8383,156,264,0
8384,8384,12,162,0
8385,8385,217,320,0
8386,8386,398,401,0
8387,8387,232,335,0
8388,8388,19,27,0
8389,8389,47,179,0
8390,8390,161,60,0
8391,8391,73,173,0
8392,8392,126,199,0
8393,8393,281,50,0
8394,8394,80,24,0
8395,8395,215,104,0
8396,8396,119,21,0
8397,8397,153,326,0
8398,8398,274,154,0
8399,8399,155,110,0
8400,8400,239,186,0
8401,8401,14,262,0
8402,8402,362,56,0
8403,8403,299,345,0
8404,8404,166,42,0
8405,8405,174,349,0
8406,8406,250,382,0
8407,8407,227,328,0
8408,8408,206,99,0
8409,8409,224,127,0
8410,8410,114,303,0
8411,8411,83,333,0
8412,8412,278,47,0
8413,8413,282,313,0
8414,8414,355,160,0
8415,8415,239,375,0
8416,8416,147,203,0
8417,8417,170,335,0
8418,8418,25,135,0
8419,8419,18,46,0
8420,8420,212,160,0
8421,8421,124,337,0
8422,8422,99,310,0
8423,8423,292,300,0
8424,8424,151,57,0
8425,8425,283,313,0
8426,8426,131,189,0
8427,8427,78,120,0
8428,8428,374,406,0
8429,8429,198,384,0
8430,8430,85,253,0
8431,8431,245,396,0
8432,8432,406,304,0
8433,8433,373,181,0
8434,8434,38,381,0
8435,8435,13,59,0
8436,8436,294,185,0
8437,8437,186,392,0
8438,8438,72,405,0
8439,8439,63,321,0
8440,8440,362,58,0
8441,8441,34,262,0
8442,8442,141,302,0
8443,8443,67,328,0
8444,8444,212,371,0
8445,8445,209,47,0
8446,8446,22,412,0
8447,8447,394,204,0
8448,8448,150,55,0
8449,8449,158,193,0
8450,8450,22,336,0
8451,8451,77,391,0
8452,8452,10,219,0
8453,8453,60,254,0
8454,8454,213,135,0
8455,8455,150,301,0
8456,8456,311,252,0
8457,8457,368,335,0
8458,8458,73,349,0
8459,8459,40,303,0
8460,8460,359,36,0
8461,8461,3,168,0
8462,8462,341,133,0
8463,8463,7,271,0
8464,8464,22,178,0
8465,8465,107,396,0
8466,8466,356,66,0
8467,8467,272,262,0
8468,8468,209,243,0
8469,8469,414,264,0
8470,8470,364,157,0
8471,8471,243,366,0
8472,8472,207,52,0
8473,8473,98,328,0
8474,8474,295,377,0
8475,8475,68,8,0
8476,8476,292,351,0
8477,8477,178,250,0
8478,8478,279,167,0
8479,8479,208,38,0
8480,8480,99,410,0
8481,8481,232,133,0
8482,8482,209,249,0
8483,8483,52,391,0
8484,8484,278,353,0
8485,8485,279,12,0
8486,8486,20,254,0
8487,8487,1,383,0
8488,8488,101,376,0
8489,8489,88,384,0
8490,8490,80,107,0
8491,8491,145,334,0
8492,8492,307,402,0
8493,8493,122,182,0
8494,8494,108,257,0
8495,8495,367,52,0
8496,8496,86,316,0
8497,8497,89,315,0
8498,8498,141,327,0
8499,8499,50,386,0
8500,8500,145,305,0
8501,8501,118,270,0
8502,8502,144,316,0
8503,8503,149,293,0
8504,8504,52,380,0
8505,8505,107,192,0
8506,8506,63,326,0
8507,8507,283,106,0
8508,8508,220,189,0
8509,8509,69,9,0
8510,8510,275,34,0
8511,8511,164,350,0
8512,8512,344,227,0
8513,8513,27,403,0
8514,8514,239,410,0
8515,8515,50,328,0
8516,8516,247,255,0
8517,8517,83,374,0
8518,8518,15,319,0
8519,8519,346,156,0
8520,8520,95,66,0
8521,8521,285,122,0
8522,8522,17,388,0
8523,8523,11,256,0
8524,8524,282,360,0
8525,8525,137,389,0
8526,8526,93,403,0
8527,8527,1,367,0
8528,8528,294,93,0
8529,8529,290,304,0
8530,8530,4,5,0
8531,8531,142,336,0
8532,8532,185,384,0
8533,8533,0,408,0
8534,8534,361,201,0
8535,8535,187,402,0
8536,8536,277,314,0
8537,8537,294,22,0
8538,8538,2,44,0
8539,8539,235,332,0
8540,8540,341,45,0
8541,8541,152,312,0
8542,8542,44,387,0
8543,8543,71,242,0
8544,8544,146,125,0
8545,8545,45,135,0
8546,8546,107,379,0
8547,8547,83,179,0
8548,8548,159,412,0
8549,8549,106,29,0
8550,8550,305,329,0
8551,8551,320,407,0
8552,8552,110,394,0
8553,8553,221,391,0
8554,8554,173,372,0
8555,8555,215,361,0
8556,8556,52,184,0
8557,8557,151,303,0
8558,8558,172,391,0
8559,8559,170,348,0
8560,8560,298,335,0
8561,8561,413,316,0
8562,8562,316,195,0
8563,8563,10,317,0
8564,8564,322,368,0
8565,8565,271,311,0
8566,8566,366,399,0
8567,8567,277,66,0
8568,8568,177,269,0
8569,8569,173,318,0
8570,8570,29,320,0
8571,8571,105,55,0
8572,8572,172,397,0
8573,8573,92,383,0
8574,8574,284,265,0
8575,8575,168,361,0
8576,8576,125,254,0
8577,8577,218,360,0
8578,8578,44,382,0
8579,8579,349,316,0
8580,8580,294,164,0
8581,8581,83,17,0
8582,8582,170,379,0
8583,8583,77,50,0
8584,8584,345,227,0
8585,8585,209,176,0
8586,8586,205,309,0
8587,8587,307,389,0
8588,8588,248,397,0
8589,8589,66,321,0
8590,8590,48,192,0
8591,8591,7,319,0
8592,8592,87,325,0
8593,8593,222,374,0
8594,8594,154,40,0
8595,8595,289,201,0
8596,8596,168,30,0
8597,8597,72,253,0
8598,8598,371,24,0
8599,8599,231,311,0
8600,8600,280,361,0
8601,8601,50,266,0
8602,8602,80,391,0
8603,8603,139,396,0
8604,8604,296,34,0
8605,8605,239,254,0
8606,8606,197,404,0
8607,8607,194,390,0
8608,8608,139,177,0
8609,8609,279,103,0
8610,8610,80,253,0
8611,8611,182,184,0
8612,8612,65,331,0
8613,8613,82,376,0
8614,8614,340,190,0
8615,8615,290,326,0
8616,8616,175,48,0
8617,8617,177,371,0
8618,8618,0,373,0
8619,8619,219,408,0
8620,8620,218,335,0
8621,8621,282,304,0
8622,8622,366,260,0
8623,8623,222,340,0
8624,8624,264,387,0
8625,8625,12,271,0
8626,8626,116,328,0
8627,8627,153,86,0
8628,8628,406,199,0
8629,8629,113,48,0
8630,8630,90,365,0
8631,8631,126,318,0
8632,8632,342,249,0
8633,8633,40,199,0
8634,8634,101,303,0
8635,8635,224,128,0
8636,8636,118,303,0
8637,8637,51,229,0
8638,8638,348,404,0
8639,8639,131,249,0
8640,8640,142,316,0
8641,8641,109,59,0
8642,8642,289,38,0
8643,8643,167,311,0
8644,8644,89,61,0
8645,8645,248,391,0
8646,8646,276,46,0
8647,8647,272,179,0
8648,8648,151,305,0
8649,8649,77,204,0
8650,8650,69,348,0
8651,8651,155,109,0
8652,8652,134,403,0
8653,8653,311,262,0
8654,8654,249,320,0
8655,8655,168,399,0
8656,8656,124,357,0
8657,8657,9,102,0
8658,8658,289,108,0
8659,8659,167,26,0
8660,8660,152,374,0
8661,8661,99,318,0
8662,8662,157,183,0
8663,8663,84,415,0
8664,8664,378,410,0
8665,8665,133,186,0
8666,8666,240,27,0
8667,8667,223,251,0
8668,8668,341,335,0
8669,8669,365,383,0
8670,8670,352,300,0
8671,8671,217,232,0
8672,8672,110,272,0
8673,8673,10,200,0
8674,8674,146,102,0
8675,8675,21,409,0
8676,8676,348,334,0
8677,8677,287,200,0
8678,8678,393,395,0
8679,8679,3,342,0
8680,8680,57,319,0
8681,8681,0,411,0
8682,8682,141,347,0
8683,8683,276,252,0
8684,8684,206,222,0
8685,8685,232,388,0
8686,8686,284,81,0
8687,8687,83,58,0
8688,8688,210,283,0
8689,8689,9,291,0
8690,8690,68,166,0
8691,8691,82,52,0
8692,8692,26,205,0
8693,8693,344,271,0
8694,8694,234,181,0
8695,8695,278,379,0
8696,8696,20,264,0
8697,8697,357,333,0
8698,8698,1,378,0
8699,8699,68,16,0
8700,8700,58,196,0
8701,8701,242,387,0
8702,8702,206,237,0
8703,8703,137,368,0
8704,8704,32,327,0
8705,8705,296,198,0
8706,8706,57,266,0
8707,8707,100,370,0
8708,8708,138,375,0
8709,8709,394,269,0
8710,8710,130,67,0
8711,8711,11,97,0
8712,8712,143,91,0
8713,8713,281,413,0
8714,8714,27,187,0
8715,8715,146,264,0
8716,8716,150,222,0
8717,8717,55,260,0
8718,8718,295,109,0
8719,8719,86,300,0
8720,8720,17,29,0
8721,8721,123,328,0
8722,8722,279,252,0
8723,8723,175,252,0
8724,8724,166,336,0
8725,8725,347,272,0
8726,8726,136,386,0
8727,8727,294,373,0
8728,8728,14,123,0
8729,8729,168,373,0
8730,8730,72,331,0
8731,8731,138,382,0
8732,8732,73,43,0
8733,8733,121,335,0
8734,8734,246,316,0
8735,8735,202,387,0
8736,8736,348,257,0
8737,8737,69,91,0
8738,8738,10,268,0
8739,8739,211,283,0
8740,8740,357,412,0
8741,8741,323,264,0
8742,8742,170,268,0
8743,8743,67,411,0
8744,8744,281,47,0
8745,8745,33,326,0
8746,8746,70,370,0
8747,8747,152,340,0
8748,8748,291,400,0
8749,8749,300,314,0
8750,8750,375,185,0
8751,8751,299,300,0
8752,8752,2,203,0
8753,8753,141,349,0
8754,8754,244,322,0
8755,8755,205,187,0
8756,8756,0,399,0
8757,8757,11,109,0
8758,8758,94,26,0
8759,8759,1,369,0
8760,8760,252,389,0
8761,8761,77,29,0
8762,8762,243,197,0
8763,8763,279,44,0
8764,8764,166,375,0
8765,8765,147,327,0
8766,8766,67,194,0
8767,8767,222,235,0
8768,8768,300,313,0
8769,8769,120,190,0
8770,8770,61,388,0
8771,8771,172,30,0
8772,8772,18,187,0
8773,8773,146,101,0
8774,8774,72,305,0
8775,8775,37,202,0
8776,8776,90,413,0
8777,8777,209,286,0
8778,8778,5,310,0
8779,8779,267,40,0
8780,8780,221,55,0
8781,8781,72,393,0
8782,8782,248,40,0
8783,8783,264,410,0
8784,8784,186,383,0
8785,8785,118,264,0
8786,8786,126,48,0
8787,8787,0,192,0
8788,8788,299,186,0
8789,8789,373,28,0
8790,8790,366,383,0
8791,8791,293,86,0
8792,8792,162,225,0
8793,8793,406,396,0
8794,8794,247,182,0
8795,8795,130,180,0
8796,8796,218,54,0
8797,8797,181,256,0
8798,8798,107,256,0
8799,8799,5,90,0
8800,8800,125,131,0
8801,8801,294,229,0
8802,8802,4,20,0
8803,8803,210,410,0
8804,8804,155,268,0
8805,8805,216,88,0
8806,8806,105,185,0
8807,8807,216,95,0
8808,8808,171,261,0
8809,8809,100,25,0
8810,8810,247,303,0
8811,8811,75,114,0
8812,8812,74,378,0
8813,8813,274,219,0
8814,8814,243,379,0
8815,8815,357,34,0
8816,8816,161,303,0
8817,8817,299,61,0
8818,8818,142,407,0
8819,8819,145,225,0
8820,8820,74,163,0
8821,8821,80,159,0
8822,8822,130,226,0
8823,8823,368,44,0
8824,8824,413,318,0
8825,8825,414,158,0
8826,8826,35,160,0
8827,8827,231,382,0
8828,8828,282,9,0
8829,8829,273,178,0
8830,8830,281,100,0
8831,8831,239,136,0
8832,8832,204,301,0
8833,8833,5,34,0
8834,8834,320,265,0
8835,8835,320,411,0
8836,8836,121,33,0
8837,8837,129,320,0
8838,8838,207,165,0
8839,8839,115,342,0
8840,8840,240,391,0
8841,8841,175,324,0
8842,8842,211,152,0
8843,8843,270,335,0
8844,8844,222,359,0
8845,8845,303,312,0
8846,8846,45,316,0
8847,8847,10,377,0
8848,8848,129,185,0
8849,8849,10,366,0
8850,8850,8,124,0
8851,8851,297,46,0
8852,8852,172,267,0
8853,8853,296,27,0
8854,8854,350,390,0
8855,8855,77,270,0
8856,8856,140,302,0
8857,8857,148,99,0
8858,8858,188,384,0
8859,8859,299,395,0
8860,8860,95,405,0
8861,8861,168,344,0
8862,8862,360,264,0
8863,8863,279,42,0
8864,8864,99,228,0
8865,8865,223,99,0
8866,8866,294,249,0
8867,8867,342,400,0
8868,8868,317,336,0
8869,8869,288,107,0
8870,8870,371,270,0
8871,8871,143,86,0
8872,8872,7,336,0
8873,8873,233,376,0
8874,8874,207,154,0
8875,8875,92,196,0
8876,8876,173,46,0
8877,8877,101,256,0
8878,8878,166,31,0
8879,8879,344,268,0
8880,8880,232,40,0
8881,8881,188,67,0
8882,8882,318,400,0
8883,8883,283,397,0
8884,8884,170,339,0
8885,8885,194,400,0
8886,8886,291,339,0
8887,8887,370,189,0
8888,8888,10,407,0
8889,8889,242,195,0
8890,8890,106,60,0
8891,8891,114,267,0
8892,8892,372,384,0
8893,8893,159,401,0
8894,8894,153,365,0
8895,8895,125,32,0
8896,8896,107,315,0
8897,8897,243,19,0
8898,8898,103,327,0
8899,8899,97,178,0
8900,8900,143,42,0
8901,8901,136,191,0
8902,8902,288,342,0
8903,8903,255,391,0
8904,8904,45,405,0
8905,8905,80,100,0
8906,8906,275,180,0
8907,8907,378,300,0
8908,8908,150,265,0
8909,8909,340,27,0
8910,8910,113,368,0
8911,8911,141,13,0
8912,8912,124,384,0
8913,8913,77,18,0
8914,8914,176,371,0
8915,8915,84,359,0
8916,8916,295,175,0
8917,8917,147,244,0
8918,8918,109,409,0
8919,8919,231,254,0
8920,8920,72,346,0
8921,8921,369,26,0
8922,8922,187,408,0
8923,8923,20,190,0
8924,8924,310,198,0
8925,8925,125,330,0
8926,8926,53,330,0
8927,8927,49,205,0
8928,8928,231,400,0
8929,8929,25,400,0
8930,8930,276,82,0
8931,8931,113,303,0
8932,8932,54,336,0
8933,8933,185,380,0
8934,8934,211,294,0
8935,8935,213,231,0
8936,8936,222,194,0
8937,8937,105,156,0
8938,8938,10,236,0
8939,8939,2,52,0
8940,8940,136,256,0
8941,8941,103,265,0
8942,8942,171,61,0
8943,8943,322,413,0
8944,8944,6,119,0
8945,8945,137,234,0
8946,8946,154,329,0
8947,8947,82,254,0
8948,8948,54,158,0
8949,8949,40,314,0
8950,8950,203,262,0
8951,8951,309,390,0
8952,8952,228,265,0
8953,8953,151,227,0
8954,8954,360,27,0
8955,8955,107,182,0
8956,8956,122,262,0
8957,8957,347,158,0
8958,8958,182,336,0
8959,8959,285,10,0
8960,8960,241,269,0
8961,8961,273,67,0
8962,8962,369,193,0
8963,8963,282,292,0
8964,8964,125,341,0
8965,8965,95,397,0
8966,8966,5,111,0
8967,8967,143,413,0
8968,8968,284,242,0
8969,8969,126,413,0
8970,8970,87,22,0
8971,8971,117,133,0
8972,8972,131,413,0
8973,8973,288,312,0
8974,8974,46,184,0
8975,8975,373,194,0
8976,8976,126,203,0
8977,8977,355,257,0
8978,8978,280,308,0
8979,8979,339,37,0
8980,8980,378,37,0
8981,8981,106,30,0
8982,8982,3,410,0
8983,8983,169,364,0
8984,8984,70,54,0
8985,8985,213,55,0
8986,8986,274,63,0
8987,8987,117,134,0
8988,8988,213,230,0
8989,8989,10,287,0
8990,8990,84,59,0
8991,8991,28,180,0
8992,8992,148,250,0
8993,8993,133,332,0
8994,8994,78,300,0
8995,8995,170,29,0
8996,8996,66,383,0
8997,8997,188,353,0
8998,8998,350,157,0
8999,8999,152,201,0
9000,9000,91,335,0
9001,9001,11,29,0
9002,9002,218,269,0
9003,9003,323,313,0
9004,9004,89,196,0
9005,9005,69,190,0
9006,9006,291,88,0
9007,9007,370,44,0
9008,9008,184,390,0
9009,9009,323,30,0
9010,9010,106,190,0
9011,9011,206,218,0
9012,9012,151,248,0
9013,9013,81,303,0
9014,9014,117,188,0
9015,9015,3,271,0
9016,9016,142,397,0
9017,9017,52,336,0
9018,9018,287,205,0
9019,9019,122,308,0
9020,9020,125,45,0
9021,9021,290,170,0
9022,9022,367,66,0
9023,9023,143,51,0
9024,9024,296,231,0
9025,9025,360,380,0
9026,9026,62,261,0
9027,9027,91,28,0
9028,9028,321,199,0
9029,9029,97,261,0
9030,9030,402,405,0
9031,9031,93,263,0
9032,9032,313,387,0
9033,9033,144,39,0
9034,9034,120,414,0
9035,9035,105,272,0
9036,9036,286,24,0
9037,9037,161,370,0
9038,9038,315,199,0
9039,9039,280,293,0
9040,9040,7,318,0
9041,9041,90,47,0
9042,9042,6,251,0
9043,9043,15,238,0
9044,9044,212,302,0
9045,9045,80,345,0
9046,9046,284,118,0
9047,9047,60,227,0
9048,9048,89,325,0
9049,9049,171,400,0
9050,9050,187,326,0
9051,9051,215,152,0
9052,9052,159,190,0
9053,9053,245,186,0
9054,9054,97,409,0
9055,9055,218,56,0
9056,9056,394,380,0
9057,9057,148,65,0
9058,9058,271,304,0
9059,9059,79,169,0
9060,9060,106,370,0
9061,9061,146,177,0
9062,9062,218,301,0
9063,9063,94,38,0
9064,9064,374,39,0
9065,9065,92,158,0
9066,9066,69,109,0
9067,9067,370,197,0
9068,9068,145,409,0
9069,9069,219,167,0
9070,9070,87,258,0
9071,9071,203,411,0
9072,9072,393,271,0
9073,9073,374,397,0
9074,9074,123,384,0
9075,9075,165,396,0
9076,9076,354,62,0
9077,9077,351,335,0
9078,9078,148,105,0
9079,9079,211,145,0
9080,9080,67,398,0
9081,9081,207,265,0
9082,9082,13,136,0
9083,9083,115,373,0
9084,9084,206,396,0
9085,9085,298,199,0
9086,9086,82,410,0
9087,9087,50,381,0
9088,9088,106,348,0
9089,9089,217,177,0
9090,9090,363,413,0
9091,9091,272,404,0
9092,9092,372,398,0
9093,9093,64,312,0
9094,9094,59,303,0
9095,9095,6,49,0
9096,9096,158,194,0
9097,9097,144,36,0
9098,9098,155,55,0
9099,9099,51,398,0
9100,9100,240,308,0
9101,9101,55,395,0
9102,9102,277,247,0
9103,9103,348,24,0
9104,9104,44,408,0
9105,9105,82,28,0
9106,9106,122,412,0
9107,9107,281,410,0
9108,9108,84,319,0
9109,9109,162,358,0
9110,9110,138,389,0
9111,9111,297,124,0
9112,9112,161,203,0
9113,9113,74,91,0
9114,9114,341,59,0
9115,9115,144,160,0
9116,9116,152,392,0
9117,9117,290,330,0
9118,9118,253,189,0
9119,9119,243,135,0
9120,9120,391,398,0
9121,9121,130,40,0
9122,9122,10,106,0
9123,9123,77,91,0
9124,9124,219,310,0
9125,9125,291,251,0
9126,9126,71,377,0
9127,9127,302,257,0
9128,9128,246,65,0
9129,9129,60,195,0
9130,9130,85,341,0
9131,9131,258,198,0
9132,9132,58,384,0
9133,9133,286,18,0
9134,9134,119,27,0
9135,9135,117,351,0
9136,9136,108,341,0
9137,9137,227,192,0
9138,9138,17,32,0
9139,9139,60,249,0
9140,9140,281,29,0
9141,9141,214,381,0
9142,9142,96,389,0
9143,9143,71,367,0
9144,9144,95,19,0
9145,9145,214,161,0
9146,9146,283,302,0
9147,9147,84,401,0
9148,9148,146,67,0
9149,9149,114,63,0
9150,9150,153,319,0
9151,9151,97,327,0
9152,9152,357,380,0
9153,9153,8,359,0
9154,9154,229,330,0
9155,9155,296,394,0
9156,9156,118,392,0
9157,9157,236,182,0
9158,9158,377,25,0
9159,9159,4,50,0
9160,9160,5,38,0
9161,9161,246,332,0
9162,9162,61,310,0
9163,9163,114,322,0
9164,9164,306,250,0
9165,9165,368,269,0
9166,9166,369,333,0
9167,9167,129,24,0
9168,9168,250,194,0
9169,9169,275,75,0
9170,9170,5,44,0
9171,9171,20,136,0
9172,9172,171,226,0
9173,9173,3,227,0
9174,9174,54,331,0
9175,9175,176,196,0
9176,9176,292,342,0
9177,9177,323,42,0
9178,9178,12,409,0
9179,9179,341,397,0
9180,9180,296,44,0
9181,9181,116,394,0
9182,9182,92,341,0
9183,9183,240,52,0
9184,9184,26,411,0
9185,9185,305,395,0
9186,9186,145,24,0
9187,9187,225,228,0
9188,9188,339,332,0
9189,9189,162,406,0
9190,9190,2,181,0
9191,9191,277,27,0
9192,9192,281,261,0
9193,9193,363,67,0
9194,9194,69,357,0
9195,9195,76,223,0
9196,9196,78,37,0
9197,9197,347,62,0
9198,9198,352,65,0
9199,9199,137,140,0
9200,9200,19,40,0
9201,9201,219,28,0
9202,9202,7,135,0
9203,9203,174,339,0
9204,9204,285,23,0
9205,9205,299,191,0
9206,9206,73,22,0
9207,9207,236,158,0
9208,9208,16,96,0
9209,9209,280,212,0
9210,9210,91,313,0
9211,9211,286,154,0
9212,9212,276,401,0
9213,9213,109,196,0
9214,9214,236,346,0
9215,9215,14,179,0
9216,9216,322,36,0
9217,9217,74,267,0
9218,9218,281,23,0
9219,9219,137,72,0
9220,9220,13,236,0
9221,9221,200,321,0
9222,9222,72,300,0
9223,9223,7,158,0
9224,9224,185,333,0
9225,9225,14,307,0
9226,9226,21,183,0
9227,9227,358,29,0
9228,9228,68,237,0
9229,9229,0,244,0
9230,9230,128,133,0
9231,9231,213,265,0
9232,9232,86,408,0
9233,9233,283,65,0
9234,9234,365,187,0
9235,9235,72,99,0
9236,9236,293,19,0
9237,9237,165,186,0
9238,9238,280,177,0
9239,9239,73,411,0
9240,9240,144,216,0
9241,9241,91,21,0
9242,9242,100,310,0
9243,9243,166,372,0
9244,9244,146,11,0
9245,9245,119,186,0
9246,9246,214,249,0
9247,9247,146,355,0
9248,9248,4,148,0
9249,9249,61,194,0
9250,9250,272,317,0
9251,9251,1,162,0
9252,9252,390,402,0
9253,9253,216,407,0
9254,9254,344,50,0
9255,9255,18,272,0
9256,9256,13,105,0
9257,9257,147,151,0
9258,9258,104,388,0
9259,9259,350,62,0
9260,9260,151,359,0
9261,9261,73,167,0
9262,9262,142,329,0
9263,9263,146,109,0
9264,9264,7,287,0
9265,9265,254,320,0
9266,9266,90,187,0
9267,9267,93,415,0
9268,9268,322,56,0
9269,9269,94,28,0
9270,9270,146,85,0
9271,9271,84,189,0
9272,9272,87,130,0
9273,9273,281,290,0
9274,9274,269,404,0
9275,9275,262,332,0
9276,9276,190,381,0
9277,9277,333,410,0
9278,9278,95,374,0
9279,9279,207,180,0
9280,9280,173,357,0
9281,9281,288,225,0
9282,9282,43,181,0
9283,9283,265,409,0
9284,9284,80,186,0
9285,9285,232,262,0
9286,9286,125,356,0
9287,9287,209,221,0
9288,9288,153,87,0
9289,9289,363,397,0
9290,9290,233,321,0
9291,9291,282,347,0
9292,9292,294,231,0
9293,9293,368,411,0
9294,9294,317,383,0
9295,9295,72,123,0
9296,9296,39,262,0
9297,9297,207,98,0
9298,9298,98,159,0
9299,9299,99,46,0
9300,9300,76,135,0
9301,9301,102,324,0
9302,9302,225,383,0
9303,9303,231,404,0
9304,9304,110,178,0
9305,9305,45,408,0
9306,9306,286,56,0
9307,9307,131,182,0
9308,9308,279,162,0
9309,9309,137,363,0
9310,9310,252,405,0
9311,9311,279,211,0
9312,9312,274,239,0
9313,9313,296,126,0
9314,9314,292,121,0
9315,9315,208,99,0
9316,9316,3,22,0
9317,9317,235,195,0
9318,9318,100,344,0
9319,9319,43,133,0
9320,9320,108,396,0
9321,9321,236,199,0
9322,9322,57,335,0
9323,9323,56,381,0
9324,9324,9,169,0
9325,9325,98,130,0
9326,9326,5,287,0
9327,9327,248,359,0
9328,9328,33,228,0
9329,9329,289,47,0
9330,9330,285,238,0
9331,9331,34,335,0
9332,9332,127,49,0
9333,9333,104,326,0
9334,9334,181,195,0
9335,9335,71,336,0
9336,9336,306,346,0
9337,9337,337,44,0
9338,9338,15,246,0
9339,9339,278,98,0
9340,9340,222,37,0
9341,9341,130,380,0
9342,9342,75,270,0
9343,9343,339,406,0
9344,9344,382,390,0
9345,9345,71,155,0
9346,9346,286,324,0
9347,9347,282,260,0
9348,9348,273,93,0
9349,9349,284,80,0
9350,9350,206,88,0
9351,9351,9,399,0
9352,9352,375,401,0
9353,9353,103,66,0
9354,9354,201,318,0
9355,9355,394,251,0
9356,9356,154,387,0
9357,9357,79,234,0
9358,9358,92,313,0
9359,9359,214,167,0
9360,9360,297,26,0
9361,9361,282,311,0
9362,9362,275,190,0
9363,9363,233,28,0
9364,9364,322,48,0
9365,9365,155,179,0
9366,9366,53,319,0
9367,9367,140,250,0
9368,9368,297,173,0
9369,9369,305,316,0
9370,9370,279,61,0
9371,9371,341,401,0
9372,9372,379,269,0
9373,9373,58,303,0
9374,9374,170,303,0
9375,9375,3,111,0
9376,9376,371,411,0
9377,9377,301,183,0
9378,9378,79,171,0
9379,9379,106,179,0
9380,9380,285,355,0
9381,9381,154,56,0
9382,9382,143,284,0
9383,9383,228,160,0
9384,9384,282,40,0
9385,9385,293,121,0
9386,9386,21,157,0
9387,9387,277,377,0
9388,9388,207,127,0
9389,9389,222,46,0
9390,9390,277,32,0
9391,9391,367,182,0
9392,9392,171,160,0
9393,9393,161,186,0
9394,9394,215,398,0
9395,9395,80,155,0
9396,9396,70,77,0
9397,9397,202,391,0
9398,9398,102,402,0
9399,9399,220,400,0
9400,9400,114,25,0
9401,9401,294,193,0
9402,9402,163,397,0
9403,9403,108,394,0
9404,9404,299,302,0
9405,9405,279,415,0
9406,9406,226,411,0
9407,9407,164,313,0
9408,9408,212,324,0
9409,9409,132,406,0
9410,9410,278,73,0
9411,9411,11,108,0
9412,9412,13,328,0
9413,9413,394,310,0
9414,9414,277,25,0
9415,9415,127,332,0
9416,9416,141,288,0
9417,9417,341,305,0
9418,9418,88,360,0
9419,9419,307,368,0
9420,9420,129,25,0
9421,9421,73,96,0
9422,9422,64,398,0
9423,9423,355,203,0
9424,9424,0,232,0
9425,9425,242,310,0
9426,9426,290,362,0
9427,9427,114,355,0
9428,9428,415,190,0
9429,9429,231,372,0
9430,9430,222,338,0
9431,9431,337,304,0
9432,9432,162,310,0
9433,9433,316,328,0
9434,9434,365,391,0
9435,9435,288,91,0
9436,9436,23,409,0
9437,9437,15,406,0
9438,9438,146,412,0
9439,9439,206,153,0
9440,9440,120,386,0
9441,9441,138,414,0
9442,9442,38,392,0
9443,9443,99,65,0
9444,9444,69,110,0
9445,9445,233,29,0
9446,9446,68,73,0
9447,9447,117,254,0
9448,9448,75,219,0
9449,9449,288,415,0
9450,9450,43,193,0
9451,9451,15,102,0
9452,9452,162,403,0
9453,9453,365,387,0
9454,9454,209,353,0
9455,9455,77,339,0
9456,9456,232,322,0
9457,9457,5,29,0
9458,9458,277,359,0
9459,9459,83,63,0
9460,9460,34,315,0
9461,9461,108,391,0
9462,9462,120,181,0
9463,9463,20,272,0
9464,9464,74,294,0
9465,9465,309,401,0
9466,9466,73,64,0
9467,9467,393,270,0
9468,9468,145,181,0
9469,9469,172,192,0
9470,9470,210,366,0
9471,9471,225,264,0
9472,9472,259,391,0
9473,9473,145,39,0
9474,9474,14,388,0
9475,9475,114,366,0
9476,9476,155,168,0
9477,9477,95,46,0
9478,9478,126,32,0
9479,9479,103,62,0
9480,9480,379,29,0
9481,9481,299,309,0
9482,9482,221,226,0
9483,9483,210,347,0
9484,9484,288,31,0
9485,9485,145,397,0
9486,9486,312,335,0
9487,9487,213,96,0
9488,9488,285,242,0
9489,9489,282,297,0
9490,9490,79,80,0
9491,9491,370,43,0
9492,9492,200,309,0
9493,9493,92,62,0
9494,9494,115,380,0
9495,9495,144,333,0
9496,9496,21,334,0
9497,9497,174,226,0
9498,9498,289,255,0
9499,9499,244,337,0
9500,9500,359,227,0
9501,9501,17,367,0
9502,9502,144,263,0
9503,9503,281,130,0
9504,9504,9,36,0
9505,9505,232,365,0
9506,9506,194,402,0
9507,9507,208,248,0
9508,9508,161,42,0
9509,9509,146,324,0
9510,9510,74,338,0
9511,9511,222,192,0
9512,9512,129,156,0
9513,9513,106,264,0
9514,9514,29,178,0
9515,9515,277,316,0
9516,9516,165,365,0
9517,9517,17,113,0
9518,9518,217,302,0
9519,9519,1,333,0
9520,9520,89,334,0
9521,9521,377,52,0
9522,9522,66,181,0
9523,9523,269,253,0
9524,9524,294,405,0
9525,9525,211,59,0
9526,9526,349,226,0
9527,9527,142,400,0
9528,9528,77,247,0
9529,9529,213,388,0
9530,9530,207,18,0
9531,9531,209,36,0
9532,9532,151,318,0
9533,9533,145,40,0
9534,9534,288,188,0
9535,9535,109,181,0
9536,9536,142,219,0
9537,9537,310,266,0
9538,9538,181,189,0
9539,9539,295,198,0
9540,9540,279,339,0
9541,9541,207,56,0
9542,9542,140,184,0
9543,9543,291,175,0
9544,9544,353,55,0
9545,9545,145,267,0
9546,9546,211,344,0
9547,9547,171,54,0
9548,9548,139,342,0
9549,9549,358,156,0
9550,9550,277,331,0
9551,9551,217,117,0
9552,9552,159,160,0
9553,9553,322,260,0
9554,9554,241,192,0
9555,9555,338,401,0
9556,9556,137,326,0
9557,9557,119,257,0
9558,9558,259,344,0
9559,9559,286,61,0
9560,9560,240,67,0
9561,9561,151,238,0
9562,9562,11,302,0
9563,9563,224,266,0
9564,9564,233,188,0
9565,9565,360,57,0
9566,9566,8,263,0
9567,9567,208,280,0
9568,9568,222,136,0
9569,9569,371,409,0
9570,9570,122,389,0
9571,9571,202,186,0
9572,9572,371,189,0
9573,9573,71,41,0
9574,9574,142,103,0
9575,9575,231,259,0
9576,9576,162,319,0
9577,9577,93,402,0
9578,9578,27,260,0
9579,9579,84,385,0
9580,9580,27,400,0
9581,9581,1,46,0
9582,9582,109,186,0
9583,9583,95,227,0
9584,9584,352,325,0
9585,9585,32,403,0
9586,9586,372,196,0
9587,9587,169,134,0
9588,9588,415,404,0
9589,9589,23,203,0
9590,9590,113,47,0
9591,9591,86,190,0
9592,9592,297,135,0
9593,9593,80,85,0
9594,9594,1,308,0
9595,9595,106,25,0
9596,9596,258,335,0
9597,9597,151,43,0
9598,9598,207,325,0
9599,9599,18,368,0
9600,9600,209,188,0
9601,9601,363,253,0
9602,9602,33,193,0
9603,9603,106,157,0
9604,9604,180,262,0
9605,9605,221,133,0
9606,9606,78,65,0
9607,9607,142,195,0
9608,9608,294,260,0
9609,9609,294,240,0
9610,9610,297,378,0
9611,9611,40,332,0
9612,9612,71,89,0
9613,9613,220,46,0
9614,9614,228,391,0
9615,9615,88,190,0
9616,9616,98,225,0
9617,9617,148,300,0
9618,9618,10,264,0
9619,9619,83,382,0
9620,9620,316,405,0
9621,9621,103,55,0
9622,9622,248,157,0
9623,9623,316,194,0
9624,9624,273,317,0
9625,9625,97,272,0
9626,9626,225,193,0
9627,9627,67,260,0
9628,9628,8,350,0
9629,9629,136,316,0
9630,9630,338,389,0
9631,9631,268,395,0
9632,9632,246,341,0
9633,9633,10,324,0
9634,9634,344,383,0
9635,9635,2,106,0
9636,9636,74,322,0
9637,9637,14,133,0
9638,9638,326,402,0
9639,9639,82,63,0
9640,9640,68,51,0
9641,9641,55,189,0
9642,9642,374,258,0
9643,9643,137,209,0
9644,9644,172,31,0
9645,9645,12,60,0
9646,9646,76,58,0
9647,9647,248,61,0
9648,9648,148,401,0
9649,9649,118,393,0
9650,9650,140,356,0
9651,9651,273,23,0
9652,9652,284,183,0
9653,9653,252,199,0
9654,9654,284,239,0
9655,9655,75,343,0
9656,9656,48,260,0
9657,9657,92,309,0
9658,9658,210,237,0
9659,9659,18,182,0
9660,9660,89,264,0
9661,9661,313,319,0
9662,9662,5,382,0
9663,9663,237,39,0
9664,9664,116,34,0
9665,9665,76,407,0
9666,9666,200,59,0
9667,9667,374,331,0
9668,9668,101,56,0
9669,9669,217,229,0
9670,9670,67,303,0
9671,9671,247,300,0
9672,9672,151,196,0
9673,9673,314,396,0
9674,9674,217,257,0
9675,9675,125,255,0
9676,9676,239,377,0
9677,9677,122,362,0
9678,9678,286,408,0
9679,9679,273,142,0
9680,9680,158,264,0
9681,9681,173,326,0
9682,9682,300,325,0
9683,9683,287,161,0
9684,9684,327,333,0
9685,9685,104,35,0
9686,9686,403,410,0
9687,9687,82,226,0
9688,9688,67,402,0
9689,9689,212,12,0
9690,9690,345,401,0
9691,9691,215,108,0
9692,9692,170,52,0
9693,9693,141,415,0
9694,9694,294,224,0
9695,9695,104,271,0
9696,9696,107,61,0
9697,9697,217,104,0
9698,9698,211,234,0
9699,9699,235,29,0
9700,9700,362,42,0
9701,9701,206,94,0
9702,9702,155,346,0
9703,9703,150,332,0
9704,9704,222,397,0
9705,9705,279,144,0
9706,9706,241,66,0
9707,9707,295,225,0
9708,9708,144,172,0
9709,9709,274,72,0
9710,9710,139,250,0
9711,9711,235,320,0
9712,9712,339,44,0
9713,9713,120,403,0
9714,9714,91,392,0
9715,9715,347,391,0
9716,9716,170,316,0
9717,9717,85,415,0
9718,9718,49,407,0
9719,9719,243,314,0
9720,9720,280,388,0
9721,9721,344,190,0
9722,9722,160,401,0
9723,9723,14,87,0
9724,9724,375,29,0
9725,9725,4,360,0
9726,9726,1,405,0
9727,9727,123,367,0
9728,9728,69,22,0
9729,9729,105,52,0
9730,9730,155,238,0
9731,9731,212,152,0
9732,9732,72,377,0
9733,9733,89,269,0
9734,9734,148,352,0
9735,9735,248,314,0
9736,9736,147,250,0
9737,9737,279,341,0
9738,9738,39,410,0
9739,9739,5,39,0
9740,9740,241,29,0
9741,9741,318,386,0
9742,9742,368,194,0
9743,9743,274,332,0
9744,9744,322,228,0
9745,9745,286,220,0
9746,9746,333,389,0
9747,9747,323,199,0
9748,9748,216,375,0
9749,9749,3,10,0
9750,9750,211,386,0
9751,9751,170,43,0
9752,9752,291,300,0
9753,9753,218,334,0
9754,9754,173,384,0
9755,9755,66,225,0
9756,9756,32,389,0
9757,9757,155,353,0
9758,9758,86,351,0
9759,9759,161,364,0
9760,9760,83,411,0
9761,9761,5,414,0
9762,9762,70,261,0
9763,9763,103,192,0
9764,9764,303,178,0
9765,9765,269,250,0
9766,9766,364,384,0
9767,9767,147,89,0
9768,9768,140,14,0
9769,9769,86,228,0
9770,9770,1,10,0
9771,9771,323,374,0
9772,9772,142,91,0
9773,9773,122,367,0
9774,9774,190,390,0
9775,9775,20,326,0
9776,9776,219,372,0
9777,9777,5,303,0
9778,9778,274,304,0
9779,9779,291,311,0
9780,9780,286,353,0
9781,9781,115,337,0
9782,9782,4,408,0
9783,9783,351,316,0
9784,9784,282,62,0
9785,9785,244,343,0
9786,9786,169,264,0
9787,9787,378,181,0
9788,9788,356,336,0
9789,9789,17,366,0
9790,9790,73,375,0
9791,9791,40,401,0
9792,9792,163,324,0
9793,9793,80,37,0
9794,9794,177,312,0
9795,9795,235,256,0
9796,9796,93,312,0
9797,9797,80,414,0
9798,9798,360,26,0
9799,9799,70,46,0
9800,9800,298,103,0
9801,9801,340,229,0
9802,9802,298,117,0
9803,9803,83,90,0
9804,9804,296,47,0
9805,9805,205,328,0
9806,9806,209,32,0
9807,9807,147,288,0
9808,9808,142,300,0
9809,9809,5,91,0
9810,9810,164,64,0
9811,9811,25,392,0
9812,9812,87,392,0
9813,9813,254,325,0
9814,9814,221,88,0
9815,9815,133,410,0
9816,9816,71,42,0
9817,9817,114,260,0
9818,9818,51,318,0
9819,9819,107,401,0
9820,9820,42,266,0
9821,9821,353,185,0
9822,9822,14,194,0
9823,9823,359,319,0
9824,9824,165,367,0
9825,9825,72,252,0
9826,9826,235,327,0
9827,9827,277,73,0
9828,9828,268,133,0
9829,9829,226,396,0
9830,9830,55,180,0
9831,9831,157,409,0
9832,9832,146,313,0
9833,9833,282,196,0
9834,9834,369,22,0
9835,9835,10,133,0
9836,9836,148,93,0
9837,9837,289,409,0
9838,9838,290,296,0
9839,9839,145,122,0
9840,9840,139,339,0
9841,9841,172,409,0
9842,9842,279,159,0
9843,9843,19,402,0
9844,9844,150,23,0
9845,9845,77,185,0
9846,9846,186,194,0
9847,9847,16,319,0
9848,9848,108,44,0
9849,9849,278,404,0
9850,9850,74,96,0
9851,9851,240,324,0
9852,9852,66,183,0
9853,9853,166,328,0
9854,9854,269,330,0
9855,9855,125,132,0
9856,9856,296,400,0
9857,9857,31,315,0
9858,9858,375,414,0
9859,9859,207,168,0
9860,9860,51,256,0
9861,9861,117,402,0
9862,9862,213,365,0
9863,9863,8,385,0
9864,9864,146,321,0
9865,9865,300,312,0
9866,9866,253,260,0
9867,9867,310,391,0
9868,9868,282,155,0
9869,9869,272,312,0
9870,9870,74,381,0
9871,9871,99,339,0
9872,9872,165,269,0
9873,9873,101,387,0
9874,9874,299,129,0
9875,9875,164,186,0
9876,9876,344,329,0
9877,9877,303,313,0
9878,9878,382,410,0
9879,9879,376,183,0
9880,9880,217,29,0
9881,9881,298,383,0
9882,9882,306,199,0
9883,9883,8,33,0
9884,9884,381,396,0
9885,9885,173,331,0
9886,9886,70,161,0
9887,9887,94,328,0
9888,9888,171,47,0
9889,9889,14,412,0
9890,9890,2,258,0
9891,9891,365,318,0
9892,9892,296,50,0
9893,9893,117,313,0
9894,9894,69,42,0
9895,9895,240,268,0
9896,9896,177,354,0
9897,9897,18,42,0
9898,9898,244,19,0
9899,9899,369,385,0
9900,9900,5,314,0
9901,9901,221,177,0
9902,9902,145,189,0
9903,9903,170,345,0
9904,9904,111,46,0
9905,9905,298,132,0
9906,9906,116,398,0
9907,9907,264,404,0
9908,9908,280,172,0
9909,9909,149,311,0
9910,9910,349,22,0
9911,9911,288,400,0
9912,9912,117,381,0
9913,9913,366,264,0
9914,9914,44,311,0
9915,9915,71,128,0
9916,9916,46,310,0
9917,9917,285,22,0
9918,9918,209,196,0
9919,9919,18,201,0
9920,9920,54,136,0
9921,9921,104,333,0
9922,9922,76,383,0
9923,9923,23,321,0
9924,9924,156,395,0
9925,9925,217,300,0
9926,9926,291,155,0
9927,9927,290,369,0
9928,9928,209,177,0
9929,9929,153,396,0
9930,9930,0,401,0
9931,9931,351,65,0
9932,9932,276,199,0
9933,9933,233,303,0
9934,9934,150,345,0
9935,9935,297,191,0
9936,9936,166,179,0
9937,9937,350,304,0
9938,9938,63,66,0
9939,9939,125,195,0
9940,9940,76,221,0
9941,9941,1,331,0
9942,9942,118,313,0
9943,9943,363,335,0
9944,9944,256,387,0
9945,9945,361,21,0
9946,9946,217,404,0
9947,9947,345,185,0
9948,9948,252,382,0
9949,9949,230,270,0
9950,9950,174,64,0
9951,9951,147,388,0
9952,9952,16,198,0
9953,9953,280,259,0
9954,9954,96,346,0
9955,9955,0,183,0
9956,9956,139,190,0
9957,9957,216,329,0
9958,9958,158,318,0
9959,9959,151,103,0
9960,9960,13,309,0
9961,9961,293,84,0
9962,9962,12,251,0
9963,9963,297,394,0
9964,9964,85,386,0
9965,9965,23,178,0
9966,9966,68,393,0
9967,9967,68,103,0
9968,9968,374,316,0
9969,9969,79,204,0
9970,9970,262,335,0
9971,9971,1,161,0
9972,9972,13,336,0
9973,9973,295,106,0
9974,9974,380,381,0
9975,9975,236,340,0
9976,9976,17,383,0
9977,9977,114,410,0
9978,9978,126,183,0
9979,9979,163,203,0
9980,9980,13,33,0
9981,9981,357,178,0
9982,9982,174,375,0
9983,9983,25,255,0
9984,9984,161,197,0
9985,9985,311,198,0
9986,9986,5,409,0
9987,9987,273,298,0
9988,9988,42,304,0
9989,9989,112,182,0
9990,9990,270,409,0
9991,9991,256,335,0
9992,9992,383,395,0
9993,9993,89,362,0
9994,9994,164,364,0
9995,9995,144,233,0
9996,9996,342,193,0
9997,9997,71,179,0
9998,9998,236,51,0
9999,9999,298,405,0
10000,10000,123,30,0
10001,10001,85,188,0
10002,10002,155,241,0
10003,10003,165,359,0
10004,10004,11,184,0
10005,10005,215,392,0
10006,10006,23,181,0
10007,10007,222,129,0
10008,10008,140,118,0
10009,10009,190,382,0
10010,10010,234,266,0
10011,10011,108,22,0
10012,10012,146,98,0
10013,10013,273,227,0
10014,10014,125,364,0
10015,10015,16,395,0
10016,10016,99,401,0
10017,10017,116,334,0
10018,10018,248,260,0
10019,10019,2,8,0
10020,10020,179,410,0
10021,10021,158,253,0
10022,10022,149,266,0
10023,10023,119,134,0
10024,10024,13,257,0
10025,10025,58,330,0
10026,10026,267,319,0
10027,10027,235,226,0
10028,10028,169,355,0
10029,10029,203,193,0
10030,10030,218,90,0
10031,10031,120,360,0
10032,10032,280,178,0
10033,10033,371,181,0
10034,10034,145,322,0
10035,10035,295,328,0
10036,10036,204,199,0
10037,10037,80,348,0
10038,10038,234,62,0
10039,10039,280,173,0
10040,10040,82,318,0
10041,10041,114,156,0
10042,10042,292,264,0
10043,10043,240,365,0
10044,10044,97,404,0
10045,10045,171,24,0
10046,10046,18,313,0
10047,10047,17,248,0
10048,10048,180,410,0
10049,10049,121,348,0
10050,10050,377,303,0
10051,10051,144,310,0
10052,10052,360,252,0
10053,10053,209,79,0
10054,10054,312,318,0
10055,10055,309,384,0
10056,10056,72,233,0
10057,10057,150,175,0
10058,10058,30,269,0
10059,10059,75,192,0
10060,10060,242,318,0
10061,10061,43,327,0
10062,10062,164,349,0
10063,10063,111,391,0
10064,10064,140,81,0
10065,10065,285,286,0
10066,10066,146,12,0
10067,10067,289,360,0
10068,10068,108,202,0
10069,10069,161,384,0
10070,10070,157,178,0
10071,10071,367,203,0
10072,10072,215,356,0
10073,10073,99,35,0
10074,10074,80,239,0
10075,10075,72,333,0
10076,10076,339,333,0
10077,10077,174,52,0
10078,10078,217,382,0
10079,10079,91,29,0
10080,10080,278,112,0
10081,10081,1,288,0
10082,10082,377,33,0
10083,10083,298,321,0
10084,10084,288,196,0
10085,10085,286,114,0
10086,10086,305,310,0
10087,10087,147,48,0
10088,10088,372,380,0
10089,10089,142,176,0
10090,10090,214,370,0
10091,10091,19,197,0
10092,10092,322,59,0
10093,10093,105,266,0
10094,10094,259,57,0
10095,10095,355,187,0
10096,10096,176,186,0
10097,10097,0,290,0
10098,10098,276,298,0
10099,10099,42,330,0
10100,10100,219,338,0
10101,10101,177,313,0
10102,10102,275,110,0
10103,10103,115,31,0
10104,10104,27,196,0
10105,10105,80,395,0
10106,10106,273,267,0
10107,10107,274,10,0
10108,10108,294,333,0
10109,10109,83,93,0
10110,10110,176,133,0
10111,10111,87,48,0
10112,10112,145,355,0
10113,10113,212,283,0
10114,10114,238,186,0
10115,10115,37,66,0
10116,10116,314,382,0
10117,10117,237,379,0
10118,10118,79,241,0
10119,10119,278,262,0
10120,10120,163,375,0
10121,10121,112,349,0
10122,10122,343,204,0
10123,10123,58,183,0
10124,10124,320,261,0
10125,10125,201,257,0
10126,10126,240,62,0
10127,10127,323,193,0
10128,10128,283,254,0
10129,10129,109,406,0
10130,10130,357,382,0
10131,10131,101,227,0
10132,10132,218,184,0
10133,10133,79,220,0
10134,10134,0,41,0
10135,10135,293,123,0
10136,10136,220,395,0
10137,10137,214,56,0
10138,10138,150,397,0
10139,10139,183,261,0
10140,10140,56,65,0
10141,10141,286,247,0
10142,10142,76,11,0
10143,10143,231,308,0
10144,10144,139,223,0
10145,10145,237,182,0
10146,10146,295,48,0
10147,10147,60,329,0
10148,10148,70,314,0
10149,10149,256,383,0
10150,10150,70,309,0
10151,10151,144,234,0
10152,10152,68,26,0
10153,10153,2,251,0
10154,10154,213,64,0
10155,10155,356,27,0
10156,10156,113,256,0
10157,10157,22,411,0
10158,10158,295,234,0
10159,10159,339,185,0
10160,10160,78,112,0
10161,10161,289,301,0
10162,10162,68,239,0
10163,10163,172,131,0
10164,10164,232,404,0
10165,10165,5,381,0
10166,10166,58,315,0
10167,10167,296,134,0
10168,10168,198,382,0
10169,10169,215,11,0
10170,10170,164,401,0
10171,10171,143,153,0
10172,10172,45,304,0
10173,10173,75,310,0
10174,10174,89,365,0
10175,10175,143,58,0
10176,10176,6,244,0
10177,10177,361,405,0
10178,10178,12,379,0
10179,10179,383,387,0
10180,10180,288,200,0
10181,10181,297,231,0
10182,10182,22,319,0
10183,10183,81,39,0
10184,10184,127,226,0
10185,10185,102,385,0
10186,10186,124,378,0
10187,10187,9,303,0
10188,10188,139,127,0
10189,10189,133,414,0
10190,10190,368,401,0
10191,10191,291,316,0
10192,10192,348,262,0
10193,10193,169,26,0
10194,10194,293,252,0
10195,10195,138,214,0
10196,10196,273,104,0
10197,10197,280,103,0
10198,10198,213,323,0
10199,10199,228,251,0
10200,10200,355,395,0
10201,10201,146,332,0
10202,10202,281,244,0
10203,10203,51,159,0
10204,10204,279,347,0
10205,10205,281,386,0
10206,10206,295,62,0
10207,10207,83,22,0
10208,10208,355,204,0
10209,10209,126,372,0
10210,10210,299,128,0
10211,10211,353,159,0
10212,10212,277,194,0
10213,10213,73,263,0
10214,10214,79,313,0
10215,10215,139,164,0
10216,10216,111,362,0
10217,10217,174,303,0
10218,10218,89,33,0
10219,10219,130,351,0
10220,10220,6,203,0
10221,10221,280,47,0
10222,10222,276,394,0
10223,10223,146,224,0
10224,10224,163,60,0
10225,10225,110,157,0
10226,10226,338,26,0
10227,10227,224,62,0
10228,10228,281,378,0
10229,10229,125,313,0
10230,10230,109,269,0
10231,10231,11,369,0
10232,10232,143,35,0
10233,10233,125,198,0
10234,10234,115,199,0
10235,10235,352,203,0
10236,10236,224,309,0
10237,10237,176,258,0
10238,10238,267,324,0
10239,10239,95,407,0
10240,10240,79,127,0
10241,10241,6,29,0
10242,10242,145,300,0
10243,10243,278,259,0
10244,10244,78,202,0
10245,10245,144,11,0
10246,10246,102,397,0
10247,10247,254,400,0
10248,10248,366,327,0
10249,10249,301,403,0
10250,10250,339,36,0
10251,10251,218,107,0
10252,10252,402,407,0
10253,10253,96,318,0
10254,10254,240,157,0
10255,10255,402,409,0
10256,10256,274,258,0
10257,10257,145,32,0
10258,10258,377,194,0
10259,10259,375,266,0
10260,10260,282,372,0
10261,10261,235,387,0
10262,10262,346,31,0
10263,10263,277,31,0
10264,10264,3,303,0
10265,10265,224,166,0
10266,10266,93,41,0
10267,10267,41,187,0
10268,10268,205,386,0
10269,10269,292,384,0
10270,10270,242,27,0
10271,10271,54,182,0
10272,10272,21,186,0
10273,10273,281,31,0
10274,10274,323,186,0
10275,10275,84,331,0
10276,10276,347,193,0
10277,10277,89,135,0
10278,10278,117,321,0
10279,10279,77,193,0
10280,10280,270,327,0
10281,10281,206,127,0
10282,10282,216,352,0
10283,10283,22,67,0
10284,10284,359,311,0
10285,10285,347,400,0
10286,10286,10,154,0
10287,10287,210,370,0
10288,10288,371,385,0
10289,10289,110,132,0
10290,10290,294,123,0
10291,10291,169,201,0
10292,10292,2,265,0
10293,10293,57,415,0
10294,10294,220,324,0
10295,10295,134,185,0
10296,10296,167,255,0
10297,10297,97,333,0
10298,10298,293,256,0
10299,10299,141,180,0
10300,10300,350,136,0
10301,10301,355,58,0
10302,10302,303,198,0
10303,10303,366,43,0
10304,10304,142,173,0
10305,10305,361,408,0
10306,10306,363,52,0
10307,10307,98,40,0
10308,10308,6,185,0
10309,10309,207,364,0
10310,10310,144,7,0
10311,10311,108,266,0
10312,10312,176,389,0
10313,10313,70,148,0
10314,10314,204,319,0
10315,10315,406,303,0
10316,10316,69,276,0
10317,10317,73,343,0
10318,10318,197,382,0
10319,10319,233,368,0
10320,10320,53,156,0
10321,10321,136,178,0
10322,10322,288,251,0
10323,10323,347,270,0
10324,10324,306,26,0
10325,10325,112,229,0
10326,10326,3,292,0
10327,10327,220,191,0
10328,10328,363,202,0
10329,10329,172,62,0
10330,10330,270,387,0
10331,10331,261,335,0
10332,10332,379,315,0
10333,10333,110,160,0
10334,10334,378,48,0
10335,10335,281,229,0
10336,10336,13,181,0
10337,10337,137,282,0
10338,10338,307,44,0
10339,10339,109,225,0
10340,10340,115,359,0
10341,10341,27,412,0
10342,10342,32,256,0
10343,10343,97,182,0
10344,10344,75,18,0
10345,10345,276,54,0
10346,10346,216,408,0
10347,10347,351,388,0
10348,10348,146,306,0
10349,10349,164,384,0
10350,10350,143,18,0
10351,10351,295,355,0
10352,10352,397,400,0
10353,10353,288,239,0
10354,10354,149,305,0
10355,10355,212,266,0
10356,10356,102,327,0
10357,10357,292,101,0
10358,10358,359,271,0
10359,10359,241,27,0
10360,10360,144,106,0
10361,10361,233,392,0
10362,10362,277,133,0
10363,10363,253,388,0
10364,10364,145,149,0
10365,10365,364,271,0
10366,10366,183,316,0
10367,10367,49,271,0
10368,10368,214,191,0
10369,10369,363,409,0
10370,10370,69,218,0
10371,10371,57,263,0
10372,10372,70,182,0
10373,10373,259,257,0
10374,10374,251,392,0
10375,10375,217,392,0
10376,10376,249,313,0
10377,10377,10,300,0
10378,10378,7,377,0
10379,10379,282,10,0
10380,10380,127,324,0
10381,10381,261,407,0
10382,10382,332,391,0
10383,10383,114,30,0
10384,10384,48,203,0
10385,10385,110,321,0
10386,10386,112,401,0
10387,10387,222,263,0
10388,10388,155,260,0
10389,10389,232,196,0
10390,10390,112,269,0
10391,10391,121,364,0
10392,10392,379,41,0
10393,10393,145,180,0
10394,10394,146,16,0
10395,10395,88,390,0
10396,10396,194,380,0
10397,10397,28,305,0
10398,10398,165,375,0
10399,10399,43,412,0
10400,10400,92,46,0
10401,10401,406,409,0
10402,10402,151,372,0
10403,10403,291,343,0
10404,10404,219,329,0
10405,10405,111,363,0
10406,10406,248,406,0
10407,10407,214,302,0
10408,10408,217,411,0
10409,10409,268,396,0
10410,10410,115,53,0
10411,10411,282,49,0
10412,10412,112,136,0
10413,10413,415,160,0
10414,10414,200,326,0
10415,10415,250,399,0
10416,10416,157,329,0
10417,10417,124,399,0
10418,10418,44,332,0
10419,10419,98,365,0
10420,10420,96,408,0
10421,10421,273,106,0
10422,10422,56,318,0
10423,10423,75,104,0
10424,10424,0,227,0
10425,10425,164,317,0
10426,10426,284,34,0
10427,10427,140,76,0
10428,10428,140,96,0
10429,10429,288,355,0
10430,10430,216,310,0
10431,10431,100,361,0
10432,10432,16,118,0
10433,10433,146,225,0
10434,10434,278,35,0
10435,10435,291,56,0
10436,10436,53,390,0
10437,10437,275,389,0
10438,10438,243,302,0
10439,10439,378,56,0
10440,10440,73,412,0
10441,10441,136,302,0
10442,10442,82,395,0
10443,10443,413,405,0
10444,10444,108,261,0
10445,10445,221,412,0
10446,10446,132,303,0
10447,10447,103,354,0
10448,10448,2,415,0
10449,10449,239,318,0
10450,10450,165,189,0
10451,10451,89,26,0
10452,10452,64,266,0
10453,10453,71,149,0
10454,10454,273,163,0
10455,10455,154,167,0
10456,10456,289,33,0
10457,10457,352,55,0
10458,10458,293,299,0
10459,10459,108,250,0
10460,10460,182,332,0
10461,10461,30,409,0
10462,10462,192,405,0
10463,10463,289,175,0
10464,10464,81,91,0
10465,10465,121,365,0
10466,10466,368,41,0
10467,10467,148,400,0
10468,10468,141,365,0
10469,10469,287,415,0
10470,10470,10,226,0
10471,10471,41,308,0
10472,10472,143,260,0
10473,10473,240,315,0
10474,10474,276,121,0
10475,10475,188,37,0
10476,10476,165,19,0
10477,10477,135,255,0
10478,10478,299,174,0
10479,10479,7,51,0
10480,10480,216,250,0
10481,10481,154,43,0
10482,10482,274,82,0
10483,10483,169,21,0
10484,10484,344,309,0
10485,10485,216,247,0
10486,10486,208,114,0
10487,10487,147,104,0
10488,10488,116,37,0
10489,10489,258,329,0
10490,10490,139,336,0
10491,10491,359,383,0
10492,10492,303,191,0
10493,10493,64,183,0
10494,10494,165,226,0
10495,10495,279,116,0
10496,10496,103,36,0
10497,10497,60,187,0
10498,10498,13,133,0
10499,10499,218,359,0
10500,10500,23,316,0
10501,10501,279,146,0
10502,10502,63,203,0
10503,10503,78,64,0
10504,10504,89,397,0
10505,10505,47,398,0
10506,10506,23,380,0
10507,10507,106,333,0
10508,10508,211,340,0
10509,10509,173,203,0
10510,10510,292,228,0
10511,10511,13,175,0
10512,10512,172,50,0
10513,10513,170,39,0
10514,10514,85,159,0
10515,10515,120,20,0
10516,10516,13,132,0
10517,10517,61,193,0
10518,10518,354,185,0
10519,10519,413,407,0
10520,10520,68,90,0
10521,10521,212,55,0
10522,10522,92,414,0
10523,10523,359,60,0
10524,10524,222,166,0
10525,10525,84,47,0
10526,10526,208,105,0
10527,10527,111,55,0
10528,10528,233,185,0
10529,10529,75,23,0
10530,10530,233,320,0
10531,10531,154,156,0
10532,10532,39,389,0
10533,10533,90,131,0
10534,10534,1,156,0
10535,10535,56,311,0
10536,10536,174,314,0
10537,10537,56,309,0
10538,10538,268,156,0
10539,10539,359,46,0
10540,10540,367,265,0
10541,10541,277,352,0
10542,10542,127,379,0
10543,10543,150,296,0
10544,10544,110,22,0
10545,10545,43,249,0
10546,10546,211,75,0
10547,10547,73,270,0
10548,10548,148,123,0
10549,10549,50,382,0
10550,10550,31,332,0
10551,10551,273,224,0
10552,10552,278,194,0
10553,10553,150,388,0
10554,10554,13,121,0
10555,10555,306,410,0
10556,10556,75,12,0
10557,10557,12,302,0
10558,10558,21,382,0
10559,10559,322,398,0
10560,10560,210,100,0
10561,10561,147,110,0
10562,10562,69,271,0
10563,10563,353,272,0
10564,10564,172,28,0
10565,10565,2,96,0
10566,10566,74,244,0
10567,10567,279,247,0
10568,10568,149,12,0
10569,10569,223,127,0
10570,10570,4,163,0
10571,10571,159,263,0
10572,10572,221,105,0
10573,10573,295,264,0
10574,10574,94,382,0
10575,10575,238,189,0
10576,10576,374,55,0
10577,10577,96,334,0
10578,10578,323,187,0
10579,10579,99,37,0
10580,10580,138,342,0
10581,10581,166,190,0
10582,10582,144,253,0
10583,10583,62,265,0
10584,10584,138,14,0
10585,10585,71,226,0
10586,10586,251,411,0
10587,10587,210,245,0
10588,10588,117,302,0
10589,10589,29,413,0
10590,10590,6,175,0
10591,10591,109,360,0
10592,10592,172,365,0
10593,10593,329,401,0
10594,10594,73,112,0
10595,10595,338,21,0
10596,10596,234,256,0
10597,10597,244,192,0
10598,10598,206,330,0
10599,10599,370,184,0
10600,10600,78,367,0
10601,10601,36,331,0
10602,10602,292,58,0
10603,10603,145,404,0
10604,10604,116,262,0
10605,10605,58,405,0
10606,10606,123,376,0
10607,10607,8,62,0
10608,10608,163,356,0
10609,10609,230,313,0
10610,10610,138,177,0
10611,10611,202,408,0
10612,10612,204,305,0
10613,10613,284,120,0
10614,10614,145,287,0
10615,10615,208,19,0
10616,10616,206,290,0
10617,10617,158,263,0
10618,10618,187,195,0
10619,10619,165,192,0
10620,10620,38,380,0
10621,10621,54,411,0
10622,10622,74,16,0
10623,10623,234,20,0
10624,10624,290,333,0
10625,10625,165,134,0
10626,10626,81,407,0
10627,10627,306,388,0
10628,10628,40,160,0
10629,10629,77,349,0
10630,10630,285,250,0
10631,10631,218,375,0
10632,10632,151,300,0
10633,10633,295,235,0
10634,10634,150,115,0
10635,10635,212,42,0
10636,10636,218,119,0
10637,10637,300,321,0
10638,10638,209,292,0
10639,10639,133,157,0
10640,10640,366,301,0
10641,10641,279,234,0
10642,10642,111,373,0
10643,10643,72,142,0
10644,10644,16,166,0
10645,10645,5,182,0
10646,10646,291,100,0
10647,10647,374,330,0
10648,10648,169,59,0
10649,10649,93,157,0
10650,10650,7,355,0
10651,10651,14,253,0
10652,10652,5,328,0
10653,10653,96,355,0
10654,10654,4,17,0
10655,10655,103,26,0
10656,10656,349,330,0
10657,10657,373,41,0
10658,10658,162,268,0
10659,10659,236,368,0
10660,10660,311,263,0
10661,10661,9,100,0
10662,10662,67,403,0
10663,10663,300,183,0
10664,10664,245,229,0
10665,10665,99,28,0
10666,10666,130,59,0
10667,10667,69,288,0
10668,10668,90,51,0
10669,10669,153,227,0
10670,10670,151,179,0
10671,10671,20,57,0
10672,10672,224,410,0
10673,10673,111,303,0
10674,10674,214,321,0
10675,10675,171,56,0
10676,10676,364,261,0
10677,10677,337,303,0
10678,10678,358,393,0
10679,10679,246,157,0
10680,10680,236,341,0
10681,10681,370,329,0
10682,10682,134,197,0
10683,10683,212,244,0
10684,10684,10,191,0
10685,10685,265,402,0
10686,10686,4,409,0
10687,10687,306,323,0
10688,10688,146,108,0
10689,10689,38,384,0
10690,10690,289,170,0
10691,10691,298,95,0
10692,10692,210,30,0
10693,10693,4,34,0
10694,10694,275,200,0
10695,10695,132,136,0
10696,10696,274,266,0
10697,10697,310,262,0
10698,10698,178,317,0
10699,10699,102,335,0
10700,10700,315,264,0
10701,10701,151,296,0
10702,10702,70,151,0
10703,10703,64,197,0
10704,10704,155,88,0
10705,10705,50,399,0
10706,10706,33,387,0
10707,10707,131,315,0
10708,10708,123,249,0
10709,10709,92,194,0
10710,10710,292,195,0
10711,10711,315,320,0
10712,10712,112,371,0
10713,10713,214,255,0
10714,10714,371,304,0
10715,10715,44,406,0
10716,10716,42,227,0
10717,10717,5,346,0
10718,10718,120,328,0
10719,10719,166,160,0
10720,10720,393,269,0
10721,10721,137,240,0
10722,10722,84,111,0
10723,10723,10,88,0
10724,10724,51,178,0
10725,10725,146,239,0
10726,10726,361,37,0
10727,10727,285,55,0
10728,10728,287,297,0
10729,10729,300,178,0
10730,10730,67,410,0
10731,10731,8,415,0
10732,10732,341,197,0
10733,10733,248,302,0
10734,10734,276,92,0
10735,10735,82,201,0
10736,10736,343,333,0
10737,10737,152,51,0
10738,10738,3,67,0
10739,10739,299,241,0
10740,10740,94,312,0
10741,10741,83,178,0
10742,10742,139,356,0
10743,10743,81,312,0
10744,10744,49,181,0
10745,10745,104,304,0
10746,10746,372,251,0
10747,10747,367,269,0
10748,10748,208,406,0
10749,10749,208,109,0
10750,10750,120,34,0
10751,10751,212,78,0
10752,10752,57,255,0
10753,10753,297,321,0
10754,10754,298,106,0
10755,10755,249,182,0
10756,10756,21,403,0
10757,10757,302,320,0
10758,10758,148,302,0
10759,10759,165,183,0
10760,10760,162,255,0
10761,10761,106,249,0
10762,10762,253,185,0
10763,10763,210,272,0
10764,10764,50,180,0
10765,10765,223,18,0
10766,10766,119,315,0
10767,10767,151,191,0
10768,10768,40,251,0
10769,10769,111,336,0
10770,10770,129,272,0
10771,10771,243,133,0
10772,10772,368,265,0
10773,10773,352,192,0
10774,10774,264,382,0
10775,10775,1,223,0
10776,10776,60,134,0
10777,10777,8,171,0
10778,10778,344,24,0
10779,10779,79,155,0
10780,10780,152,370,0
10781,10781,279,132,0
10782,10782,132,249,0
10783,10783,18,352,0
10784,10784,150,402,0
10785,10785,146,402,0
10786,10786,218,67,0
10787,10787,285,362,0
10788,10788,230,228,0
10789,10789,327,196,0
10790,10790,212,253,0
10791,10791,221,369,0
10792,10792,85,395,0
10793,10793,168,25,0
10794,10794,6,268,0
10795,10795,267,194,0
10796,10796,361,324,0
10797,10797,370,324,0
10798,10798,150,387,0
10799,10799,183,403,0
10800,10800,9,253,0
10801,10801,102,387,0
10802,10802,274,45,0
10803,10803,84,27,0
10804,10804,208,354,0
10805,10805,76,259,0
10806,10806,303,392,0
10807,10807,255,398,0
10808,10808,9,252,0
10809,10809,76,192,0
10810,10810,44,160,0
10811,10811,139,99,0
10812,10812,227,185,0
10813,10813,8,229,0
10814,10814,295,325,0
10815,10815,80,114,0
10816,10816,49,251,0
10817,10817,175,335,0
10818,10818,260,410,0
10819,10819,67,189,0
10820,10820,275,131,0
10821,10821,91,369,0
10822,10822,5,97,0
10823,10823,13,368,0
10824,10824,369,43,0
10825,10825,331,400,0
10826,10826,351,314,0
10827,10827,340,194,0
10828,10828,217,365,0
10829,10829,220,40,0
10830,10830,85,387,0
10831,10831,262,197,0
10832,10832,146,267,0
10833,10833,179,391,0
10834,10834,287,104,0
10835,10835,148,306,0
10836,10836,342,64,0
10837,10837,187,327,0
10838,10838,315,391,0
10839,10839,72,81,0
10840,10840,152,347,0
10841,10841,117,316,0
10842,10842,168,187,0
10843,10843,283,270,0
10844,10844,212,127,0
10845,10845,137,346,0
10846,10846,219,32,0
10847,10847,56,185,0
10848,10848,52,65,0
10849,10849,161,402,0
10850,10850,8,383,0
10851,10851,331,336,0
10852,10852,281,270,0
10853,10853,342,319,0
10854,10854,261,332,0
10855,10855,70,246,0
10856,10856,37,264,0
10857,10857,37,65,0
10858,10858,75,249,0
10859,10859,5,50,0
10860,10860,355,194,0
10861,10861,76,37,0
10862,10862,193,408,0
10863,10863,49,386,0
10864,10864,207,72,0
10865,10865,19,178,0
10866,10866,34,256,0
10867,10867,124,404,0
10868,10868,125,312,0
10869,10869,276,345,0
10870,10870,43,194,0
10871,10871,259,48,0
10872,10872,83,351,0
10873,10873,352,193,0
10874,10874,176,317,0
10875,10875,241,271,0
10876,10876,182,401,0
10877,10877,304,412,0
10878,10878,74,179,0
10879,10879,306,412,0
10880,10880,16,26,0
10881,10881,346,320,0
10882,10882,293,55,0
10883,10883,281,218,0
10884,10884,91,345,0
10885,10885,260,327,0
10886,10886,36,400,0
10887,10887,174,383,0
10888,10888,223,185,0
10889,10889,11,325,0
10890,10890,137,220,0
10891,10891,137,224,0
10892,10892,160,398,0
10893,10893,50,317,0
10894,10894,282,179,0
10895,10895,35,183,0
10896,10896,177,314,0
10897,10897,219,225,0
10898,10898,97,393,0
10899,10899,85,384,0
10900,10900,232,228,0
10901,10901,216,244,0
10902,10902,130,361,0
10903,10903,251,402,0
10904,10904,154,363,0
10905,10905,224,94,0
10906,10906,45,334,0
10907,10907,306,409,0
10908,10908,67,334,0
10909,10909,117,308,0
10910,10910,298,385,0
10911,10911,169,197,0
10912,10912,290,132,0
10913,10913,119,391,0
10914,10914,406,330,0
10915,10915,135,260,0
10916,10916,361,194,0
10917,10917,287,153,0
10918,10918,120,251,0
10919,10919,270,265,0
10920,10920,348,196,0
10921,10921,223,200,0
10922,10922,239,355,0
10923,10923,229,381,0
10924,10924,176,134,0
10925,10925,239,195,0
10926,10926,215,222,0
10927,10927,6,187,0
10928,10928,152,341,0
10929,10929,362,38,0
10930,10930,147,319,0
10931,10931,281,328,0
10932,10932,151,121,0
10933,10933,53,225,0
10934,10934,121,198,0
10935,10935,242,45,0
10936,10936,269,318,0
10937,10937,208,408,0
10938,10938,78,249,0
10939,10939,117,325,0
10940,10940,0,13,0
10941,10941,73,369,0
10942,10942,362,314,0
10943,10943,325,390,0
10944,10944,322,401,0
10945,10945,142,241,0
10946,10946,3,181,0
10947,10947,297,243,0
10948,10948,82,181,0
10949,10949,171,312,0
10950,10950,4,262,0
10951,10951,383,390,0
10952,10952,277,224,0
10953,10953,99,321,0
10954,10954,122,330,0
10955,10955,41,255,0
10956,10956,100,342,0
10957,10957,321,389,0
10958,10958,209,124,0
10959,10959,10,186,0
10960,10960,342,396,0
10961,10961,341,46,0
10962,10962,138,88,0
10963,10963,81,44,0
10964,10964,60,313,0
10965,10965,98,375,0
10966,10966,219,86,0
10967,10967,138,408,0
10968,10968,190,327,0
10969,10969,48,227,0
10970,10970,22,180,0
10971,10971,152,41,0
10972,10972,10,364,0
10973,10973,70,149,0
10974,10974,122,303,0
10975,10975,84,243,0
10976,10976,206,70,0
10977,10977,285,373,0
10978,10978,73,239,0
10979,10979,296,395,0
10980,10980,99,332,0
10981,10981,166,272,0
10982,10982,244,327,0
10983,10983,252,321,0
10984,10984,289,362,0
10985,10985,0,378,0
10986,10986,5,322,0
10987,10987,133,250,0
10988,10988,94,365,0
10989,10989,270,331,0
10990,10990,179,405,0
10991,10991,123,203,0
10992,10992,114,203,0
10993,10993,155,407,0
10994,10994,83,97,0
10995,10995,331,397,0
10996,10996,150,172,0
10997,10997,370,133,0
10998,10998,173,266,0
10999,10999,228,326,0
11000,11000,0,288,0
11001,11001,155,235,0
11002,11002,79,255,0
11003,11003,112,381,0
11004,11004,39,272,0
11005,11005,75,103,0
11006,11006,204,196,0
11007,11007,210,166,0
11008,11008,34,271,0
11009,11009,121,375,0
11010,11010,246,54,0
11011,11011,6,227,0
11012,11012,23,249,0
11013,11013,154,316,0
11014,11014,41,382,0
11015,11015,228,191,0
11016,11016,154,17,0
11017,11017,351,132,0
11018,11018,235,254,0
11019,11019,415,255,0
11020,11020,344,328,0
11021,11021,15,23,0
11022,11022,245,62,0
11023,11023,349,156,0
11024,11024,181,380,0
11025,11025,206,314,0
11026,11026,348,193,0
11027,11027,213,271,0
11028,11028,223,256,0
11029,11029,4,6,0
11030,11030,116,319,0
11031,11031,151,414,0
11032,11032,152,362,0
11033,11033,97,45,0
11034,11034,234,388,0
11035,11035,165,415,0
11036,11036,44,312,0
11037,11037,51,266,0
11038,11038,69,127,0
11039,11039,298,110,0
11040,11040,294,192,0
11041,11041,102,355,0
11042,11042,5,26,0
11043,11043,90,329,0
11044,11044,93,269,0
11045,11045,141,21,0
11046,11046,65,158,0
11047,11047,218,83,0
11048,11048,372,319,0
11049,11049,92,41,0
11050,11050,177,136,0
11051,11051,82,31,0
11052,11052,227,404,0
11053,11053,297,393,0
11054,11054,11,357,0
11055,11055,149,382,0
11056,11056,338,410,0
11057,11057,219,371,0
11058,11058,293,316,0
11059,11059,84,363,0
11060,11060,155,372,0
11061,11061,14,361,0
11062,11062,288,39,0
11063,11063,294,401,0
11064,11064,169,300,0
11065,11065,9,371,0
11066,11066,75,163,0
11067,11067,143,263,0
11068,11068,279,229,0
11069,11069,367,388,0
11070,11070,68,223,0
11071,11071,29,392,0
11072,11072,2,379,0
11073,11073,356,263,0
11074,11074,235,311,0
11075,11075,96,52,0
11076,11076,346,388,0
11077,11077,228,256,0
11078,11078,224,332,0
11079,11079,345,384,0
11080,11080,26,159,0
11081,11081,242,188,0
11082,11082,232,197,0
11083,11083,13,255,0
11084,11084,160,256,0
11085,11085,7,359,0
11086,11086,209,288,0
11087,11087,24,189,0
11088,11088,115,409,0
11089,11089,340,189,0
11090,11090,26,391,0
11091,11091,0,395,0
11092,11092,24,270,0
11093,11093,111,270,0
11094,11094,124,194,0
11095,11095,79,182,0
11096,11096,361,414,0
11097,11097,75,198,0
11098,11098,63,181,0
11099,11099,375,415,0
11100,11100,97,35,0
11101,11101,1,124,0
11102,11102,206,233,0
11103,11103,12,388,0
11104,11104,86,256,0
11105,11105,308,410,0
11106,11106,281,266,0
11107,11107,124,21,0
11108,11108,120,159,0
11109,11109,16,404,0
11110,11110,202,415,0
11111,11111,297,129,0
11112,11112,221,399,0
11113,11113,298,62,0
11114,11114,348,314,0
11115,11115,117,406,0
11116,11116,126,309,0
11117,11117,218,364,0
11118,11118,355,409,0
11119,11119,163,410,0
11120,11120,219,384,0
11121,11121,18,402,0
11122,11122,112,181,0
11123,11123,99,178,0
11124,11124,121,330,0
11125,11125,176,188,0
11126,11126,373,51,0
11127,11127,80,95,0
11128,11128,302,404,0
11129,11129,214,47,0
11130,11130,304,401,0
11131,11131,293,173,0
11132,11132,142,193,0
11133,11133,293,263,0
11134,11134,270,308,0
11135,11135,259,253,0
11136,11136,165,185,0
11137,11137,289,91,0
11138,11138,8,203,0
11139,11139,215,382,0
11140,11140,373,254,0
11141,11141,69,129,0
11142,11142,10,334,0
11143,11143,233,405,0
11144,11144,370,411,0
11145,11145,7,325,0
11146,11146,61,251,0
11147,11147,46,329,0
11148,11148,363,332,0
11149,11149,169,131,0
11150,11150,154,88,0
11151,11151,205,304,0
11152,11152,300,195,0
11153,11153,208,228,0
11154,11154,246,196,0
11155,11155,142,257,0
11156,11156,78,384,0
11157,11157,209,372,0
11158,11158,292,85,0
11159,11159,371,319,0
11160,11160,371,33,0
11161,11161,232,30,0
11162,11162,154,407,0
11163,11163,92,228,0
11164,11164,230,303,0
11165,11165,135,390,0
11166,11166,414,320,0
11167,11167,223,316,0
11168,11168,171,269,0
11169,11169,68,38,0
11170,11170,107,389,0
11171,11171,75,385,0
11172,11172,307,65,0
11173,11173,198,381,0
11174,11174,81,372,0
11175,11175,229,258,0
11176,11176,63,383,0
11177,11177,79,180,0
11178,11178,95,20,0
11179,11179,108,225,0
11180,11180,123,24,0
11181,11181,43,303,0
11182,11182,20,333,0
11183,11183,363,34,0
11184,11184,72,160,0
11185,11185,171,185,0
11186,11186,100,349,0
11187,11187,377,158,0
11188,11188,146,393,0
11189,11189,148,230,0
11190,11190,239,52,0
11191,11191,105,407,0
11192,11192,303,304,0
11193,11193,170,334,0
11194,11194,72,307,0
11195,11195,210,253,0
11196,11196,9,189,0
11197,11197,129,134,0
11198,11198,293,96,0
11199,11199,91,38,0
11200,11200,100,51,0
11201,11201,113,371,0
11202,11202,329,334,0
11203,11203,86,195,0
11204,11204,299,226,0
11205,11205,357,55,0
11206,11206,104,229,0
11207,11207,181,384,0
11208,11208,38,255,0
11209,11209,372,42,0
11210,11210,148,113,0
11211,11211,218,361,0
11212,11212,68,133,0
11213,11213,7,171,0
11214,11214,293,314,0
11215,11215,223,92,0
11216,11216,12,386,0
11217,11217,79,175,0
11218,11218,127,264,0
11219,11219,213,215,0
11220,11220,5,202,0
11221,11221,278,249,0
11222,11222,64,205,0
11223,11223,140,80,0
11224,11224,0,250,0
11225,11225,126,328,0
11226,11226,59,257,0
11227,11227,280,216,0
11228,11228,75,81,0
11229,11229,296,244,0
11230,11230,285,173,0
11231,11231,73,82,0
11232,11232,233,190,0
11233,11233,247,200,0
11234,11234,83,131,0
11235,11235,84,318,0
11236,11236,93,370,0
11237,11237,352,393,0
11238,11238,145,235,0
11239,11239,214,201,0
11240,11240,394,189,0
11241,11241,217,370,0
11242,11242,1,187,0
11243,11243,70,214,0
11244,11244,248,156,0
11245,11245,123,38,0
11246,11246,355,186,0
11247,11247,373,178,0
11248,11248,296,252,0
11249,11249,202,136,0
11250,11250,357,48,0
11251,11251,7,332,0
11252,11252,10,389,0
11253,11253,183,404,0
11254,11254,320,395,0
11255,11255,352,204,0
11256,11256,136,192,0
11257,11257,259,390,0
11258,11258,36,257,0
11259,11259,42,331,0
11260,11260,247,373,0
11261,11261,109,414,0
11262,11262,340,192,0
11263,11263,32,387,0
11264,11264,152,122,0
11265,11265,281,92,0
11266,11266,349,41,0
11267,11267,242,373,0
11268,11268,167,389,0
11269,11269,223,408,0
11270,11270,9,200,0
11271,11271,230,374,0
11272,11272,137,235,0
11273,11273,68,2,0
11274,11274,30,257,0
11275,11275,76,402,0
11276,11276,166,64,0
11277,11277,101,20,0
11278,11278,356,311,0
11279,11279,393,265,0
11280,11280,1,111,0
11281,11281,352,387,0
11282,11282,344,258,0
11283,11283,167,372,0
11284,11284,68,165,0
11285,11285,322,270,0
11286,11286,118,341,0
11287,11287,321,331,0
11288,11288,83,29,0
11289,11289,206,224,0
11290,11290,202,65,0
11291,11291,86,253,0
11292,11292,218,256,0
11293,11293,106,388,0
11294,11294,203,395,0
11295,11295,267,42,0
11296,11296,234,194,0
11297,11297,15,408,0
11298,11298,147,382,0
11299,11299,175,325,0
11300,11300,124,255,0
11301,11301,82,415,0
11302,11302,297,177,0
11303,11303,141,315,0
11304,11304,243,407,0
11305,11305,153,116,0
11306,11306,48,251,0
11307,11307,296,309,0
11308,11308,95,342,0
11309,11309,51,195,0
11310,11310,297,34,0
11311,11311,98,391,0
11312,11312,287,311,0
11313,11313,72,286,0
11314,11314,11,323,0
11315,11315,283,411,0
11316,11316,108,375,0
11317,11317,212,130,0
11318,11318,379,31,0
11319,11319,17,311,0
11320,11320,360,387,0
11321,11321,80,310,0
11322,11322,110,201,0
11323,11323,1,29,0
11324,11324,147,298,0
11325,11325,132,332,0
11326,11326,273,51,0
11327,11327,287,32,0
11328,11328,74,408,0
11329,11329,88,200,0
11330,11330,298,34,0
11331,11331,340,22,0
11332,11332,1,96,0
11333,11333,293,133,0
11334,11334,73,188,0
11335,11335,147,148,0
11336,11336,137,259,0
11337,11337,20,392,0
11338,11338,151,352,0
11339,11339,92,64,0
11340,11340,242,403,0
11341,11341,86,28,0
11342,11342,353,408,0
11343,11343,242,180,0
11344,11344,374,227,0
11345,11345,168,28,0
11346,11346,141,193,0
11347,11347,215,414,0
11348,11348,71,106,0
11349,11349,297,375,0
11350,11350,90,194,0
11351,11351,141,88,0
11352,11352,343,252,0
11353,11353,218,235,0
11354,11354,150,16,0
11355,11355,294,412,0
11356,11356,273,86,0
11357,11357,282,400,0
11358,11358,153,380,0
11359,11359,115,258,0
11360,11360,352,41,0
11361,11361,153,254,0
11362,11362,69,407,0
11363,11363,150,354,0
11364,11364,352,301,0
11365,11365,74,55,0
11366,11366,47,184,0
11367,11367,219,260,0
11368,11368,366,254,0
11369,11369,118,325,0
11370,11370,87,50,0
11371,11371,117,46,0
11372,11372,216,23,0
11373,11373,2,369,0
11374,11374,64,310,0
11375,11375,37,316,0
11376,11376,143,404,0
11377,11377,373,191,0
11378,11378,165,362,0
11379,11379,81,342,0
11380,11380,235,303,0
11381,11381,139,409,0
11382,11382,292,267,0
11383,11383,282,371,0
11384,11384,221,328,0
11385,11385,322,329,0
11386,11386,121,44,0
11387,11387,0,338,0
11388,11388,148,119,0
11389,11389,296,398,0
11390,11390,311,335,0
11391,11391,75,262,0
11392,11392,294,358,0
11393,11393,68,107,0
11394,11394,2,344,0
11395,11395,309,412,0
11396,11396,367,317,0
11397,11397,257,412,0
11398,11398,285,105,0
11399,11399,280,306,0
11400,11400,294,329,0
11401,11401,9,47,0
11402,11402,365,412,0
11403,11403,74,363,0
11404,11404,242,43,0
11405,11405,209,374,0
11406,11406,209,337,0
11407,11407,121,301,0
11408,11408,147,163,0
11409,11409,29,335,0
11410,11410,143,172,0
11411,11411,76,242,0
11412,11412,356,333,0
11413,11413,83,134,0
11414,11414,100,33,0
11415,11415,271,192,0
11416,11416,112,65,0
11417,11417,340,61,0
11418,11418,12,105,0
11419,11419,206,45,0
11420,11420,98,255,0
11421,11421,169,157,0
11422,11422,76,193,0
11423,11423,16,167,0
11424,11424,139,169,0
11425,11425,339,199,0
11426,11426,337,46,0
11427,11427,204,198,0
11428,11428,123,341,0
11429,11429,50,397,0
11430,11430,346,382,0
11431,11431,218,198,0
11432,11432,301,181,0
11433,11433,149,270,0
11434,11434,22,400,0
11435,11435,117,66,0
11436,11436,119,31,0
11437,11437,376,250,0
11438,11438,17,382,0
11439,11439,189,335,0
11440,11440,413,302,0
11441,11441,285,226,0
11442,11442,72,289,0
11443,11443,30,195,0
11444,11444,285,109,0
11445,11445,369,393,0
11446,11446,125,373,0
11447,11447,46,392,0
11448,11448,248,309,0
11449,11449,355,134,0
11450,11450,138,209,0
11451,11451,32,136,0
11452,11452,237,184,0
11453,11453,218,27,0
11454,11454,275,347,0
11455,11455,175,229,0
11456,11456,84,99,0
11457,11457,111,24,0
11458,11458,71,158,0
11459,11459,28,385,0
11460,11460,162,260,0
11461,11461,287,331,0
11462,11462,267,405,0
11463,11463,202,192,0
11464,11464,147,243,0
11465,11465,90,374,0
11466,11466,116,33,0
11467,11467,105,385,0
11468,11468,114,54,0
11469,11469,282,259,0
11470,11470,280,414,0
11471,11471,25,186,0
11472,11472,3,396,0
11473,11473,277,342,0
11474,11474,149,84,0
11475,11475,207,334,0
11476,11476,150,44,0
11477,11477,143,96,0
11478,11478,340,329,0
11479,11479,150,152,0
11480,11480,74,256,0
11481,11481,1,384,0
11482,11482,157,386,0
11483,11483,95,325,0
11484,11484,369,381,0
11485,11485,27,324,0
11486,11486,315,335,0
11487,11487,295,394,0
11488,11488,276,185,0
11489,11489,171,309,0
11490,11490,13,225,0
11491,11491,198,388,0
11492,11492,72,105,0
11493,11493,273,231,0
11494,11494,12,191,0
11495,11495,355,385,0
11496,11496,141,190,0
11497,11497,361,310,0
11498,11498,3,53,0
11499,11499,90,304,0
11500,11500,204,262,0
11501,11501,92,397,0
11502,11502,278,233,0
11503,11503,224,378,0
11504,11504,22,194,0
11505,11505,276,123,0
11506,11506,4,125,0
11507,11507,231,371,0
11508,11508,292,173,0
11509,11509,22,315,0
11510,11510,281,227,0
11511,11511,74,385,0
11512,11512,14,51,0
11513,11513,43,264,0
11514,11514,163,321,0
11515,11515,11,328,0
11516,11516,12,125,0
11517,11517,44,189,0
11518,11518,15,333,0
11519,11519,157,257,0
11520,11520,11,17,0
11521,11521,413,327,0
11522,11522,65,194,0
11523,11523,243,395,0
11524,11524,144,299,0
11525,11525,305,183,0
11526,11526,129,157,0
11527,11527,340,205,0
11528,11528,322,351,0
11529,11529,144,291,0
11530,11530,79,162,0
11531,11531,80,244,0
11532,11532,202,313,0
11533,11533,170,330,0
11534,11534,56,414,0
11535,11535,239,394,0
11536,11536,78,62,0
11537,11537,190,334,0
11538,11538,352,48,0
11539,11539,95,201,0
11540,11540,134,314,0
11541,11541,121,63,0
11542,11542,86,252,0
11543,11543,130,205,0
11544,11544,118,49,0
11545,11545,380,390,0
11546,11546,294,100,0
11547,11547,272,255,0
11548,11548,82,166,0
11549,11549,231,253,0
11550,11550,202,254,0
11551,11551,223,375,0
11552,11552,165,303,0
11553,11553,378,31,0
11554,11554,364,60,0
11555,11555,128,328,0
11556,11556,137,70,0
11557,11557,276,5,0
11558,11558,94,363,0
11559,11559,319,389,0
11560,11560,69,359,0
11561,11561,37,181,0
11562,11562,7,265,0
11563,11563,174,200,0
11564,11564,0,223,0
11565,11565,169,373,0
11566,11566,82,253,0
11567,11567,220,85,0
11568,11568,95,33,0
11569,11569,207,43,0
11570,11570,202,411,0
11571,11571,32,159,0
11572,11572,414,253,0
11573,11573,227,304,0
11574,11574,216,235,0
11575,11575,142,50,0
11576,11576,277,17,0
11577,11577,337,300,0
11578,11578,126,225,0
11579,11579,78,339,0
11580,11580,146,297,0
11581,11581,17,364,0
11582,11582,247,309,0
11583,11583,179,329,0
11584,11584,15,407,0
11585,11585,169,369,0
11586,11586,211,200,0
11587,11587,302,263,0
11588,11588,106,331,0
11589,11589,301,408,0
11590,11590,220,337,0
11591,11591,72,202,0
11592,11592,121,394,0
11593,11593,363,192,0
11594,11594,10,269,0
11595,11595,343,334,0
11596,11596,160,250,0
11597,11597,319,196,0
11598,11598,170,131,0
11599,11599,139,295,0
11600,11600,238,318,0
11601,11601,279,160,0
11602,11602,71,90,0
11603,11603,231,43,0
11604,11604,322,266,0
11605,11605,307,397,0
11606,11606,212,265,0
11607,11607,83,235,0
11608,11608,327,330,0
11609,11609,108,319,0
11610,11610,209,81,0
11611,11611,234,345,0
11612,11612,26,321,0
11613,11613,277,108,0
11614,11614,268,387,0
11615,11615,205,383,0
11616,11616,146,383,0
11617,11617,127,60,0
11618,11618,23,204,0
11619,11619,151,301,0
11620,11620,78,121,0
11621,11621,208,329,0
11622,11622,102,194,0
11623,11623,359,53,0
11624,11624,319,263,0
11625,11625,228,330,0
11626,11626,57,203,0
11627,11627,13,184,0
11628,11628,259,312,0
11629,11629,109,353,0
11630,11630,171,193,0
11631,11631,8,319,0
11632,11632,283,135,0
11633,11633,236,36,0
11634,11634,73,76,0
11635,11635,342,186,0
11636,11636,157,407,0
11637,11637,70,187,0
11638,11638,134,66,0
11639,11639,95,265,0
11640,11640,297,90,0
11641,11641,5,223,0
11642,11642,306,197,0
11643,11643,188,380,0
11644,11644,76,43,0
11645,11645,283,327,0
11646,11646,359,326,0
11647,11647,65,333,0
11648,11648,219,323,0
11649,11649,306,194,0
11650,11650,226,401,0
11651,11651,289,96,0
11652,11652,203,404,0
11653,11653,22,320,0
11654,11654,15,228,0
11655,11655,153,350,0
11656,11656,141,122,0
11657,11657,297,342,0
11658,11658,322,269,0
11659,11659,118,44,0
11660,11660,159,408,0
11661,11661,281,97,0
11662,11662,213,366,0
11663,11663,174,390,0
11664,11664,246,409,0
11665,11665,105,249,0
11666,11666,126,204,0
11667,11667,149,390,0
11668,11668,111,29,0
11669,11669,232,64,0
11670,11670,318,381,0
11671,11671,275,135,0
11672,11672,234,350,0
11673,11673,10,131,0
11674,11674,230,65,0
11675,11675,284,406,0
11676,11676,345,50,0
11677,11677,139,32,0
11678,11678,221,300,0
11679,11679,219,374,0
11680,11680,94,182,0
11681,11681,5,105,0
11682,11682,213,345,0
11683,11683,140,293,0
11684,11684,294,352,0
11685,11685,146,315,0
11686,11686,103,360,0
11687,11687,274,232,0
11688,11688,121,269,0
11689,11689,143,343,0
11690,11690,235,342,0
11691,11691,371,60,0
11692,11692,341,314,0
11693,11693,275,36,0
11694,11694,172,49,0
11695,11695,150,194,0
11696,11696,54,382,0
11697,11697,219,409,0
11698,11698,291,30,0
11699,11699,53,408,0
11700,11700,28,186,0
11701,11701,376,192,0
11702,11702,284,116,0
11703,11703,274,351,0
11704,11704,162,315,0
11705,11705,179,409,0
11706,11706,22,261,0
11707,11707,276,351,0
11708,11708,223,53,0
11709,11709,217,20,0
11710,11710,278,131,0
11711,11711,93,349,0
11712,11712,290,365,0
11713,11713,17,303,0
11714,11714,140,214,0
11715,11715,267,160,0
11716,11716,1,113,0
11717,11717,3,392,0
11718,11718,224,158,0
11719,11719,144,122,0
11720,11720,0,35,0
11721,11721,116,379,0
11722,11722,89,189,0
11723,11723,83,23,0
11724,11724,128,185,0
11725,11725,59,301,0
11726,11726,5,326,0
11727,11727,371,328,0
11728,11728,321,334,0
11729,11729,41,195,0
11730,11730,142,174,0
11731,11731,287,134,0
11732,11732,81,361,0
11733,11733,34,202,0
11734,11734,373,204,0
11735,11735,203,397,0
11736,11736,206,63,0
11737,11737,208,89,0
11738,11738,234,364,0
11739,11739,177,31,0
11740,11740,372,381,0
11741,11741,116,192,0
11742,11742,216,362,0
11743,11743,274,349,0
11744,11744,104,135,0
11745,11745,103,272,0
11746,11746,117,225,0
11747,11747,175,352,0
11748,11748,221,330,0
11749,11749,47,269,0
11750,11750,224,392,0
11751,11751,278,32,0
11752,11752,154,184,0
11753,11753,117,260,0
11754,11754,137,191,0
11755,11755,414,159,0
11756,11756,240,322,0
11757,11757,78,84,0
11758,11758,89,133,0
11759,11759,101,263,0
11760,11760,8,219,0
11761,11761,142,113,0
11762,11762,96,257,0
11763,11763,28,316,0
11764,11764,152,244,0
11765,11765,105,399,0
11766,11766,222,168,0
11767,11767,303,196,0
11768,11768,9,230,0
11769,11769,188,365,0
11770,11770,88,38,0
11771,11771,198,334,0
11772,11772,165,46,0
11773,11773,369,39,0
11774,11774,32,396,0
11775,11775,145,133,0
11776,11776,81,251,0
11777,11777,8,89,0
11778,11778,249,411,0
11779,11779,201,390,0
11780,11780,219,27,0
11781,11781,284,294,0
11782,11782,246,131,0
11783,11783,51,319,0
11784,11784,214,329,0
11785,11785,215,59,0
11786,11786,272,381,0
11787,11787,78,45,0
11788,11788,102,36,0
11789,11789,279,282,0
11790,11790,203,320,0
11791,11791,27,265,0
11792,11792,6,183,0
11793,11793,287,346,0
11794,11794,102,50,0
11795,11795,284,59,0
11796,11796,105,49,0
11797,11797,94,392,0
11798,11798,231,387,0
11799,11799,230,345,0
11800,11800,352,47,0
11801,11801,296,261,0
11802,11802,216,223,0
11803,11803,149,251,0
11804,11804,75,174,0
11805,11805,283,52,0
11806,11806,11,394,0
11807,11807,138,309,0
11808,11808,298,375,0
11809,11809,329,381,0
11810,11810,225,317,0
11811,11811,14,38,0
11812,11812,320,190,0
11813,11813,221,60,0
11814,11814,68,178,0
11815,11815,102,158,0
11816,11816,210,256,0
11817,11817,374,319,0
11818,11818,22,203,0
11819,11819,264,397,0
11820,11820,342,251,0
11821,11821,218,373,0
11822,11822,161,189,0
11823,11823,357,386,0
11824,11824,364,184,0
11825,11825,284,288,0
11826,11826,285,397,0
11827,11827,12,174,0
11828,11828,83,94,0
11829,11829,166,383,0
11830,11830,275,322,0
11831,11831,17,269,0
11832,11832,107,391,0
11833,11833,151,321,0
11834,11834,288,47,0
11835,11835,81,204,0
11836,11836,278,336,0
11837,11837,217,388,0
11838,11838,342,39,0
11839,11839,373,381,0
11840,11840,122,46,0
11841,11841,367,65,0
11842,11842,84,312,0
11843,11843,323,367,0
11844,11844,234,334,0
11845,11845,335,386,0
11846,11846,89,58,0
11847,11847,166,327,0
11848,11848,405,412,0
11849,11849,303,180,0
11850,11850,52,334,0
11851,11851,54,321,0
11852,11852,70,94,0
11853,11853,25,316,0
11854,11854,213,172,0
11855,11855,376,23,0
11856,11856,357,270,0
11857,11857,70,352,0
11858,11858,84,272,0
11859,11859,36,314,0
11860,11860,36,382,0
11861,11861,90,195,0
11862,11862,139,107,0
11863,11863,414,260,0
11864,11864,127,260,0
11865,11865,32,251,0
11866,11866,2,320,0
11867,11867,287,329,0
11868,11868,113,348,0
11869,11869,343,27,0
11870,11870,233,362,0
11871,11871,98,363,0
11872,11872,369,300,0
11873,11873,79,88,0
11874,11874,105,408,0
11875,11875,122,350,0
11876,11876,209,14,0
11877,11877,60,180,0
11878,11878,369,303,0
11879,11879,376,34,0
11880,11880,281,322,0
11881,11881,34,269,0
11882,11882,6,44,0
11883,11883,11,246,0
11884,11884,180,405,0
11885,11885,51,408,0
11886,11886,283,329,0
11887,11887,107,194,0
11888,11888,118,50,0
11889,11889,374,24,0
11890,11890,207,301,0
11891,11891,287,154,0
11892,11892,346,202,0
11893,11893,254,336,0
11894,11894,150,25,0
11895,11895,368,202,0
11896,11896,73,19,0
11897,11897,120,35,0
11898,11898,216,403,0
11899,11899,214,290,0
11900,11900,74,200,0
11901,11901,144,30,0
11902,11902,370,21,0
11903,11903,94,305,0
11904,11904,5,297,0
11905,11905,52,186,0
11906,11906,92,187,0
11907,11907,49,228,0
11908,11908,9,67,0
11909,11909,169,255,0
11910,11910,134,184,0
11911,11911,124,318,0
11912,11912,286,360,0
11913,11913,233,52,0
11914,11914,272,400,0
11915,11915,284,398,0
11916,11916,9,261,0
11917,11917,146,35,0
11918,11918,287,16,0
11919,11919,276,388,0
11920,11920,116,402,0
11921,11921,243,352,0
11922,11922,247,355,0
11923,11923,361,41,0
11924,11924,106,363,0
11925,11925,149,117,0
11926,11926,143,308,0
11927,11927,283,56,0
11928,11928,288,50,0
11929,11929,137,216,0
11930,11930,16,341,0
11931,11931,207,117,0
11932,11932,338,205,0
11933,11933,347,405,0
11934,11934,339,409,0
11935,11935,54,399,0
11936,11936,1,14,0
11937,11937,335,395,0
11938,11938,372,391,0
11939,11939,153,155,0
11940,11940,82,358,0
11941,11941,253,391,0
11942,11942,200,319,0
11943,11943,347,406,0
11944,11944,128,385,0
11945,11945,349,43,0
11946,11946,4,318,0
11947,11947,326,381,0
11948,11948,190,385,0
11949,11949,0,295,0
11950,11950,222,394,0
11951,11951,30,411,0
11952,11952,112,130,0
11953,11953,135,189,0
11954,11954,276,184,0
11955,11955,80,32,0
11956,11956,284,321,0
11957,11957,71,299,0
11958,11958,167,413,0
11959,11959,208,82,0
11960,11960,284,40,0
11961,11961,207,391,0
11962,11962,229,402,0
11963,11963,192,403,0
11964,11964,170,45,0
11965,11965,142,101,0
11966,11966,139,256,0
11967,11967,213,85,0
11968,11968,171,398,0
11969,11969,149,13,0
11970,11970,285,253,0
11971,11971,94,350,0
11972,11972,399,407,0
11973,11973,186,191,0
11974,11974,227,317,0
11975,11975,415,228,0
11976,11976,79,400,0
11977,11977,308,318,0
11978,11978,173,227,0
11979,11979,70,217,0
11980,11980,5,42,0
11981,11981,166,378,0
11982,11982,116,62,0
11983,11983,175,310,0
11984,11984,232,316,0
11985,11985,141,75,0
11986,11986,323,337,0
11987,11987,133,256,0
11988,11988,209,321,0
11989,11989,117,377,0
11990,11990,372,252,0
11991,11991,283,190,0
11992,11992,6,402,0
11993,11993,224,328,0
11994,11994,165,36,0
11995,11995,33,261,0
11996,11996,237,391,0
11997,11997,35,320,0
11998,11998,289,332,0
11999,11999,219,194,0
12000,12000,278,166,0
12001,12001,213,170,0
12002,12002,226,403,0
12003,12003,394,262,0
12004,12004,142,97,0
12005,12005,345,264,0
12006,12006,197,399,0
12007,12007,102,342,0
12008,12008,322,348,0
12009,12009,382,392,0
12010,12010,99,48,0
12011,12011,154,403,0
12012,12012,304,197,0
12013,12013,237,272,0
12014,12014,283,363,0
12015,12015,205,180,0
12016,12016,373,401,0
12017,12017,32,254,0
12018,12018,356,389,0
12019,12019,80,97,0
12020,12020,386,389,0
12021,12021,152,134,0
12022,12022,111,351,0
12023,12023,81,98,0
12024,12024,137,142,0
12025,12025,282,181,0
12026,12026,207,65,0
12027,12027,379,304,0
12028,12028,143,251,0
12029,12029,12,183,0
12030,12030,87,395,0
12031,12031,208,132,0
12032,12032,177,60,0
12033,12033,177,65,0
12034,12034,271,390,0
12035,12035,82,153,0
12036,12036,138,248,0
12037,12037,12,24,0
12038,12038,86,365,0
12039,12039,295,372,0
12040,12040,4,145,0
12041,12041,242,361,0
12042,12042,169,366,0
12043,12043,51,205,0
12044,12044,269,313,0
12045,12045,119,63,0
12046,12046,0,15,0
12047,12047,176,42,0
12048,12048,101,197,0
12049,12049,300,402,0
12050,12050,275,324,0
12051,12051,286,189,0
12052,12052,168,63,0
12053,12053,241,28,0
12054,12054,374,260,0
12055,12055,342,256,0
12056,12056,2,78,0
12057,12057,145,386,0
12058,12058,200,327,0
12059,12059,285,239,0
12060,12060,345,301,0
12061,12061,233,41,0
12062,12062,368,157,0
12063,12063,307,390,0
12064,12064,71,103,0
12065,12065,44,255,0
12066,12066,167,337,0
12067,12067,136,384,0
12068,12068,96,63,0
12069,12069,268,333,0
12070,12070,288,320,0
12071,12071,229,198,0
12072,12072,172,29,0
12073,12073,278,381,0
12074,12074,215,266,0
12075,12075,246,259,0
12076,12076,207,333,0
12077,12077,244,43,0
12078,12078,239,182,0
12079,12079,51,332,0
12080,12080,10,104,0
12081,12081,157,384,0
12082,12082,198,383,0
12083,12083,169,190,0
12084,12084,11,304,0
12085,12085,257,195,0
12086,12086,6,226,0
12087,12087,244,131,0
12088,12088,274,381,0
12089,12089,296,159,0
12090,12090,244,391,0
12091,12091,73,233,0
12092,12092,372,403,0
12093,12093,84,16,0
12094,12094,248,251,0
12095,12095,376,62,0
12096,12096,176,345,0
12097,12097,13,323,0
12098,12098,50,258,0
12099,12099,175,351,0
12100,12100,10,255,0
12101,12101,212,374,0
12102,12102,111,253,0
12103,12103,208,223,0
12104,12104,150,47,0
12105,12105,280,379,0
12106,12106,354,52,0
12107,12107,33,136,0
12108,12108,273,300,0
12109,12109,366,194,0
12110,12110,21,202,0
12111,12111,147,236,0
12112,12112,247,25,0
12113,12113,340,264,0
12114,12114,43,319,0
12115,12115,306,371,0
12116,12116,129,30,0
12117,12117,215,365,0
12118,12118,74,253,0
12119,12119,33,180,0
12120,12120,7,303,0
12121,12121,288,272,0
12122,12122,277,150,0
12123,12123,357,205,0
12124,12124,166,260,0
12125,12125,44,185,0
12126,12126,282,64,0
12127,12127,273,217,0
12128,12128,277,376,0
12129,12129,256,397,0
12130,12130,74,103,0
12131,12131,362,309,0
12132,12132,277,53,0
12133,12133,75,9,0
12134,12134,22,316,0
12135,12135,88,51,0
12136,12136,274,49,0
12137,12137,229,334,0
12138,12138,87,55,0
12139,12139,111,48,0
12140,12140,290,347,0
12141,12141,219,155,0
12142,12142,100,354,0
12143,12143,299,409,0
12144,12144,59,328,0
12145,12145,106,61,0
12146,12146,347,39,0
12147,12147,213,308,0
12148,12148,17,183,0
12149,12149,284,266,0
12150,12150,9,21,0
12151,12151,296,260,0
12152,12152,212,21,0
12153,12153,0,363,0
12154,12154,414,336,0
12155,12155,48,308,0
12156,12156,73,410,0
12157,12157,81,310,0
12158,12158,23,397,0
12159,12159,238,271,0
12160,12160,406,229,0
12161,12161,105,22,0
12162,12162,298,225,0
12163,12163,284,175,0
12164,12164,228,310,0
12165,12165,294,34,0
12166,12166,10,52,0
12167,12167,72,236,0
12168,12168,85,50,0
12169,12169,243,37,0
12170,12170,62,388,0
12171,12171,354,35,0
12172,12172,276,333,0
12173,12173,7,52,0
12174,12174,138,260,0
12175,12175,369,181,0
12176,12176,139,265,0
12177,12177,6,117,0
12178,12178,240,257,0
12179,12179,5,176,0
12180,12180,239,326,0
12181,12181,80,297,0
12182,12182,257,408,0
12183,12183,185,187,0
12184,12184,360,34,0
12185,12185,125,225,0
12186,12186,88,46,0
12187,12187,173,61,0
12188,12188,288,322,0
12189,12189,72,308,0
12190,12190,368,160,0
12191,12191,156,328,0
12192,12192,145,269,0
12193,12193,281,373,0
12194,12194,371,179,0
12195,12195,280,304,0
12196,12196,338,204,0
12197,12197,306,375,0
12198,12198,360,313,0
12199,12199,152,44,0
12200,12200,292,336,0
12201,12201,284,374,0
12202,12202,295,187,0
12203,12203,117,160,0
12204,12204,246,326,0
12205,12205,149,338,0
12206,12206,168,38,0
12207,12207,122,29,0
12208,12208,337,406,0
12209,12209,131,333,0
12210,12210,138,264,0
12211,12211,71,263,0
12212,12212,369,318,0
12213,12213,282,366,0
12214,12214,91,205,0
12215,12215,354,260,0
12216,12216,366,156,0
12217,12217,286,349,0
12218,12218,88,354,0
12219,12219,161,414,0
12220,12220,196,389,0
12221,12221,228,258,0
12222,12222,283,112,0
12223,12223,40,225,0
12224,12224,144,215,0
12225,12225,91,336,0
12226,12226,143,87,0
12227,12227,125,30,0
12228,12228,65,314,0
12229,12229,72,112,0
12230,12230,23,265,0
12231,12231,357,225,0
12232,12232,125,331,0
12233,12233,254,389,0
12234,12234,164,391,0
12235,12235,84,30,0
12236,12236,61,412,0
12237,12237,285,29,0
12238,12238,358,327,0
12239,12239,306,319,0
12240,12240,278,334,0
12241,12241,248,56,0
12242,12242,219,321,0
12243,12243,183,411,0
12244,12244,188,303,0
12245,12245,130,401,0
12246,12246,156,187,0
12247,12247,98,133,0
12248,12248,33,402,0
12249,12249,152,331,0
12250,12250,286,269,0
12251,12251,4,156,0
12252,12252,304,311,0
12253,12253,144,51,0
12254,12254,184,389,0
12255,12255,257,405,0
12256,12256,340,227,0
12257,12257,123,61,0
12258,12258,270,229,0
12259,12259,281,308,0
12260,12260,358,49,0
12261,12261,148,264,0
12262,12262,243,348,0
12263,12263,105,336,0
12264,12264,210,294,0
12265,12265,260,192,0
12266,12266,212,233,0
12267,12267,231,255,0
12268,12268,129,40,0
12269,12269,20,396,0
12270,12270,140,59,0
12271,12271,5,343,0
12272,12272,220,360,0
12273,12273,8,165,0
12274,12274,137,2,0
12275,12275,284,227,0
12276,12276,379,58,0
12277,12277,33,195,0
12278,12278,114,343,0
12279,12279,239,190,0
12280,12280,363,132,0
12281,12281,288,123,0
12282,12282,288,226,0
12283,12283,99,63,0
12284,12284,168,341,0
12285,12285,233,361,0
12286,12286,130,386,0
12287,12287,174,134,0
12288,12288,179,396,0
12289,12289,1,85,0
12290,12290,405,410,0
12291,12291,43,158,0
12292,12292,240,333,0
12293,12293,283,164,0
12294,12294,121,366,0
12295,12295,140,269,0
12296,12296,87,312,0
12297,12297,134,226,0
12298,12298,209,283,0
12299,12299,273,278,0
12300,12300,203,386,0
12301,12301,101,158,0
12302,12302,282,107,0
12303,12303,88,347,0
12304,12304,273,333,0
12305,12305,221,320,0
